,epsilon,distance_epsilon,mu,distance_mu,sum_ab,evidences_per_t,time,real_epsilon,real_mu,T,N,edge_per_t,ensemble_size,calibration_batches
0,0.4227,0.02729999999999999,0.53,0.06999999999999995,1.0,5,37.25060820579529,0.45,0.6,100,100,8,1,200
1,0.10060000000000001,0.029399999999999996,0.32,0.12000000000000002,0.1,10,27.211618900299072,0.13,0.19999999999999998,100,100,1,1,200
2,0.0692,0.06080000000000001,0.17,0.6699999999999998,0.1,5,39.65161967277527,0.13,0.8399999999999999,100,100,8,1,200
3,0.111,0.101,0.89,0.77,1.0,20,29.941165685653687,0.01,0.12,100,100,1,1,200
4,0.1335,0.003500000000000003,0.9500000000000001,0.8300000000000001,1.0,40,30.45912790298462,0.13,0.12,100,100,1,1,200
5,0.13240000000000002,0.0024000000000000132,0.76,0.72,1.0,10,34.63548803329468,0.13,0.04,100,100,16,1,200
6,0.1822,0.02780000000000002,0.81,0.13000000000000012,0.1,20,37.27020311355591,0.21000000000000002,0.6799999999999999,100,100,4,1,200
7,0.262,0.01200000000000001,0.08,0.52,0.1,5,36.24602460861206,0.25,0.6,100,100,16,1,200
8,0.2295,0.0995,0.07,0.04999999999999999,0.1,40,29.344921112060547,0.13,0.12,100,100,1,1,200
9,0.4007,0.07069999999999999,0.89,0.4500000000000001,10.0,5,33.31709671020508,0.33,0.4399999999999999,100,100,8,1,200
10,0.0094,0.0005999999999999998,0.49,0.42999999999999994,1.0,10,25.439039707183838,0.01,0.9199999999999999,100,100,1,1,200
11,0.28350000000000003,0.08649999999999997,0.34,0.09999999999999987,0.1,10,35.27079176902771,0.37,0.4399999999999999,100,100,8,1,200
12,0.4808,0.030799999999999994,0.61,0.010000000000000009,10.0,5,35.2388231754303,0.45,0.6,100,100,4,1,200
13,0.185,0.025000000000000022,0.9400000000000001,0.5000000000000002,1.0,20,36.94473576545715,0.21000000000000002,0.4399999999999999,100,100,4,1,200
14,0.27940000000000004,0.06940000000000002,0.5,0.30000000000000004,1.0,5,29.46320676803589,0.21000000000000002,0.19999999999999998,100,100,16,1,200
15,0.4212,0.011199999999999988,0.74,0.14,0.1,10,34.11093020439148,0.41000000000000003,0.6,100,100,4,1,200
16,0.1381,0.03190000000000001,0.14,0.1,10.0,40,35.30317044258118,0.17,0.04,100,100,4,1,200
17,0.369,0.119,0.29,0.1499999999999999,10.0,40,38.41500234603882,0.25,0.4399999999999999,100,100,16,1,200
18,0.0085,0.0014999999999999996,0.66,0.06000000000000005,1.0,20,34.76661252975464,0.01,0.6,100,100,16,1,200
19,0.327,0.03699999999999998,0.11,0.8099999999999999,1.0,10,35.00259304046631,0.29000000000000004,0.9199999999999999,100,100,4,1,200
20,0.037000000000000005,0.012999999999999998,0.85,0.33000000000000007,10.0,40,32.935446977615356,0.05,0.5199999999999999,100,100,4,1,200
21,0.0763,0.01369999999999999,0.78,0.5800000000000001,0.1,40,34.95175814628601,0.09,0.19999999999999998,100,100,16,1,200
22,0.1709,0.15910000000000002,0.84,0.72,1.0,40,32.09135556221008,0.33,0.12,100,100,8,1,200
23,0.16110000000000002,0.008899999999999991,0.36,0.5599999999999999,10.0,5,27.442615032196045,0.17,0.9199999999999999,100,100,1,1,200
24,0.2313,0.018699999999999994,0.53,0.06999999999999995,10.0,20,24.320232629776,0.25,0.6,100,100,1,1,200
25,0.2871,0.0771,0.58,0.09999999999999998,1.0,40,33.232932567596436,0.21000000000000002,0.6799999999999999,100,100,8,1,200
26,0.3577,0.06769999999999998,0.75,0.47000000000000003,10.0,10,32.51749801635742,0.29000000000000004,0.27999999999999997,100,100,1,1,200
27,0.1283,0.08170000000000002,0.6900000000000001,0.1499999999999998,1.0,40,30.0035343170166,0.21000000000000002,0.8399999999999999,100,100,16,1,200
28,0.1501,0.060100000000000015,0.44,0.15999999999999998,0.1,20,34.687028646469116,0.09,0.6,100,100,16,1,200
29,0.4985,0.04849999999999999,0.72,0.039999999999999925,10.0,40,32.65212035179138,0.45,0.7599999999999999,100,100,8,1,200
30,0.2104,0.039599999999999996,0.24,0.04000000000000001,0.1,5,36.96205449104309,0.25,0.19999999999999998,100,100,8,1,200
31,0.4228,0.027200000000000002,0.5700000000000001,0.029999999999999916,0.1,5,32.43933153152466,0.45,0.6,100,100,16,1,200
32,0.203,0.07300000000000001,0.9400000000000001,0.1000000000000002,1.0,20,26.60777759552002,0.13,0.8399999999999999,100,100,1,1,200
33,0.26080000000000003,0.17080000000000004,0.47000000000000003,0.36999999999999983,0.1,5,41.19831395149231,0.09,0.8399999999999999,100,100,8,1,200
34,0.4046,0.045399999999999996,0.67,0.08999999999999986,1.0,20,33.783275842666626,0.45,0.7599999999999999,100,100,8,1,200
35,0.0014,0.0086,0.4,0.12000000000000005,1.0,5,27.54730200767517,0.01,0.27999999999999997,100,100,1,1,200
36,0.25320000000000004,0.0368,0.36,0.24,0.1,20,33.427043437957764,0.29000000000000004,0.6,100,100,4,1,200
37,0.21730000000000002,0.04730000000000001,0.92,0.56,1.0,5,38.11507844924927,0.17,0.35999999999999993,100,100,16,1,200
38,0.30410000000000004,0.05410000000000004,0.64,0.040000000000000036,0.1,10,29.273996353149414,0.25,0.6,100,100,4,1,200
39,0.37120000000000003,0.0388,0.21,0.06999999999999998,0.1,5,34.19991588592529,0.41000000000000003,0.27999999999999997,100,100,16,1,200
40,0.29710000000000003,0.04710000000000003,0.91,0.6300000000000001,10.0,20,34.49407625198364,0.25,0.27999999999999997,100,100,16,1,200
41,0.0722,0.022199999999999998,0.61,0.06999999999999995,10.0,40,34.6768012046814,0.05,0.6799999999999999,100,100,16,1,200
42,0.0755,0.014499999999999999,0.63,0.35000000000000003,1.0,10,33.72741103172302,0.09,0.27999999999999997,100,100,16,1,200
43,0.3503,0.060299999999999965,0.04,0.6399999999999999,0.1,5,30.978727340698242,0.29000000000000004,0.6799999999999999,100,100,8,1,200
44,0.1144,0.0644,0.76,1.1102230246251565e-16,0.1,10,36.189000606536865,0.05,0.7599999999999999,100,100,8,1,200
45,0.0159,0.005900000000000001,0.46,0.10000000000000009,1.0,5,37.24993872642517,0.01,0.35999999999999993,100,100,8,1,200
46,0.0132,0.0031999999999999997,0.35000000000000003,0.07000000000000006,0.1,10,29.98898434638977,0.01,0.27999999999999997,100,100,1,1,200
47,0.4269,0.02310000000000001,0.84,0.07999999999999996,10.0,20,31.564460277557373,0.45,0.9199999999999999,100,100,8,1,200
48,0.0177,0.0077,0.02,0.09999999999999999,10.0,5,28.083773136138916,0.01,0.12,100,100,1,1,200
49,0.15480000000000002,0.015199999999999991,0.87,0.3500000000000001,1.0,20,28.382086277008057,0.17,0.5199999999999999,100,100,16,1,200
50,0.15660000000000002,0.06660000000000002,0.97,0.69,0.1,20,32.921574115753174,0.09,0.27999999999999997,100,100,16,1,200
51,0.4108,0.0007999999999999674,0.23,0.030000000000000027,1.0,5,30.114352703094482,0.41000000000000003,0.19999999999999998,100,100,8,1,200
52,0.3804,0.029600000000000015,0.63,0.35000000000000003,10.0,40,37.63183259963989,0.41000000000000003,0.27999999999999997,100,100,8,1,200
53,0.35710000000000003,0.09289999999999998,0.4,0.04000000000000009,0.1,40,34.34013485908508,0.45,0.35999999999999993,100,100,4,1,200
54,0.0804,0.009599999999999997,0.06,0.019999999999999997,1.0,40,32.443488121032715,0.09,0.04,100,100,16,1,200
55,0.34800000000000003,0.021999999999999964,0.04,0.23999999999999996,10.0,20,29.699177265167236,0.37,0.27999999999999997,100,100,8,1,200
56,0.3652,0.044800000000000006,0.55,0.030000000000000138,0.1,5,30.220200300216675,0.41000000000000003,0.5199999999999999,100,100,1,1,200
57,0.059500000000000004,0.07050000000000001,0.36,0.3999999999999999,1.0,40,32.37702775001526,0.13,0.7599999999999999,100,100,8,1,200
58,0.43610000000000004,0.026100000000000012,0.51,0.15000000000000008,1.0,10,35.66069722175598,0.41000000000000003,0.35999999999999993,100,100,8,1,200
59,0.1468,0.01680000000000001,0.77,0.01000000000000012,0.1,10,33.14448928833008,0.13,0.7599999999999999,100,100,4,1,200
60,0.4259,0.09589999999999999,0.08,0.19999999999999996,0.1,20,32.75361943244934,0.33,0.27999999999999997,100,100,1,1,200
61,0.44270000000000004,0.007299999999999973,0.22,0.1,10.0,40,31.01496434211731,0.45,0.12,100,100,16,1,200
62,0.1773,0.04730000000000001,0.52,0.32000000000000006,10.0,40,31.06860589981079,0.13,0.19999999999999998,100,100,1,1,200
63,0.3778,0.007800000000000029,0.71,0.43,1.0,20,33.32909107208252,0.37,0.27999999999999997,100,100,16,1,200
64,0.0758,0.025800000000000003,0.41000000000000003,0.34999999999999987,10.0,20,34.29703426361084,0.05,0.7599999999999999,100,100,4,1,200
65,0.2371,0.027099999999999985,0.17,0.34999999999999987,1.0,5,25.24433970451355,0.21000000000000002,0.5199999999999999,100,100,1,1,200
66,0.4172,0.007199999999999984,0.78,0.18000000000000005,1.0,40,33.0927939414978,0.41000000000000003,0.6,100,100,8,1,200
67,0.0959,0.0859,1.0,0.2400000000000001,10.0,20,34.91572904586792,0.01,0.7599999999999999,100,100,8,1,200
68,0.43270000000000003,0.1427,0.96,0.84,10.0,20,38.020731687545776,0.29000000000000004,0.12,100,100,16,1,200
69,0.2059,0.00410000000000002,0.28,0.15999999999999986,1.0,5,32.398662090301514,0.21000000000000002,0.4399999999999999,100,100,8,1,200
70,0.1529,0.022900000000000004,0.67,0.08999999999999986,0.1,5,24.71356177330017,0.13,0.7599999999999999,100,100,1,1,200
71,0.1023,0.06770000000000001,0.97,0.6100000000000001,10.0,40,32.551798820495605,0.17,0.35999999999999993,100,100,1,1,200
72,0.4939,0.043899999999999995,0.46,0.21999999999999992,10.0,10,30.401564359664917,0.45,0.6799999999999999,100,100,1,1,200
73,0.07150000000000001,0.01849999999999999,0.39,0.44999999999999984,0.1,20,26.642634630203247,0.09,0.8399999999999999,100,100,4,1,200
74,0.129,0.0010000000000000009,0.6,0.08000000000000007,10.0,40,35.395317792892456,0.13,0.5199999999999999,100,100,8,1,200
75,0.0049,0.0051,0.25,0.05000000000000002,10.0,5,35.79510855674744,0.01,0.19999999999999998,100,100,8,1,200
76,0.4082,0.041800000000000004,0.62,0.10000000000000009,1.0,20,35.32162857055664,0.45,0.5199999999999999,100,100,4,1,200
77,0.014100000000000001,0.004100000000000001,0.55,0.51,1.0,40,32.33440542221069,0.01,0.04,100,100,8,1,200
78,0.41540000000000005,0.034599999999999964,0.63,0.2899999999999999,1.0,20,25.368605613708496,0.45,0.9199999999999999,100,100,1,1,200
79,0.11560000000000001,0.02560000000000001,0.06,0.13999999999999999,10.0,20,29.536192893981934,0.09,0.19999999999999998,100,100,8,1,200
80,0.0704,0.0604,0.29,0.5499999999999998,0.1,5,31.249079704284668,0.01,0.8399999999999999,100,100,16,1,200
81,0.2816,0.0716,0.52,0.15999999999999992,0.1,10,33.53386330604553,0.21000000000000002,0.6799999999999999,100,100,8,1,200
82,0.3568,0.053200000000000025,0.48,0.3599999999999999,10.0,5,35.710105657577515,0.41000000000000003,0.8399999999999999,100,100,16,1,200
83,0.0921,0.0021000000000000046,0.6900000000000001,0.4900000000000001,10.0,10,30.62494730949402,0.09,0.19999999999999998,100,100,8,1,200
84,0.1696,0.1196,0.77,0.17000000000000004,10.0,10,33.48812961578369,0.05,0.6,100,100,8,1,200
85,0.09330000000000001,0.0033000000000000113,0.5,0.09999999999999998,10.0,10,35.76417899131775,0.09,0.6,100,100,4,1,200
86,0.35250000000000004,0.057499999999999996,0.59,0.47,0.1,5,36.86534118652344,0.41000000000000003,0.12,100,100,8,1,200
87,0.11910000000000001,0.029100000000000015,0.51,0.15000000000000008,1.0,40,30.691473960876465,0.09,0.35999999999999993,100,100,4,1,200
88,0.0374,0.0926,0.18,0.2599999999999999,10.0,40,28.315114498138428,0.13,0.4399999999999999,100,100,8,1,200
89,0.4355,0.14549999999999996,0.05,0.6299999999999999,10.0,5,30.450390815734863,0.29000000000000004,0.6799999999999999,100,100,16,1,200
90,0.22690000000000002,0.0169,0.87,0.5900000000000001,10.0,20,38.03224587440491,0.21000000000000002,0.27999999999999997,100,100,4,1,200
91,0.1587,0.13130000000000003,0.68,0.07999999999999985,1.0,20,37.131930112838745,0.29000000000000004,0.7599999999999999,100,100,16,1,200
92,0.4797,0.06969999999999998,0.09,0.03,10.0,20,31.35109281539917,0.41000000000000003,0.12,100,100,4,1,200
93,0.36000000000000004,0.030000000000000027,0.61,0.06999999999999995,1.0,20,31.380336046218872,0.33,0.6799999999999999,100,100,4,1,200
94,0.4817,0.23170000000000002,1.0,0.32000000000000006,10.0,20,33.884873390197754,0.25,0.6799999999999999,100,100,16,1,200
95,0.4501,9.999999999998899e-05,0.02,0.8999999999999999,0.1,10,35.77222537994385,0.45,0.9199999999999999,100,100,16,1,200
96,0.3927,0.022699999999999998,0.27,0.16999999999999987,10.0,10,34.77257299423218,0.37,0.4399999999999999,100,100,16,1,200
97,0.3,0.04999999999999999,0.73,0.45,0.1,40,31.078991413116455,0.25,0.27999999999999997,100,100,8,1,200
98,0.3397,0.030299999999999994,0.01,0.11,1.0,10,35.0556857585907,0.37,0.12,100,100,8,1,200
99,0.014100000000000001,0.004100000000000001,0.33,0.029999999999999916,0.1,10,28.700576543807983,0.01,0.35999999999999993,100,100,1,1,200
100,0.2136,0.03639999999999999,0.9,0.30000000000000004,10.0,10,29.80721950531006,0.25,0.6,100,100,1,1,200
101,0.0763,0.026300000000000004,0.02,0.7399999999999999,10.0,5,29.895768880844116,0.05,0.7599999999999999,100,100,8,1,200
102,0.1608,0.04920000000000002,0.72,0.19999999999999996,0.1,20,33.79259657859802,0.21000000000000002,0.9199999999999999,100,100,4,1,200
103,0.32180000000000003,0.048199999999999965,0.16,0.04000000000000001,1.0,20,31.878799200057983,0.37,0.12,100,100,8,1,200
104,0.3925,0.017500000000000016,0.39,0.2899999999999999,10.0,20,35.78745412826538,0.41000000000000003,0.6799999999999999,100,100,16,1,200
105,0.1922,0.01780000000000001,0.8,0.039999999999999813,10.0,40,31.087167263031006,0.21000000000000002,0.8399999999999999,100,100,4,1,200
106,0.0473,0.042699999999999995,0.54,0.42000000000000004,10.0,5,31.50401759147644,0.09,0.12,100,100,16,1,200
107,0.3437,0.01369999999999999,0.25,0.35,1.0,20,24.663619995117188,0.33,0.6,100,100,8,1,200
108,0.0001,0.12990000000000002,0.86,0.5800000000000001,10.0,40,36.64200448989868,0.13,0.27999999999999997,100,100,16,1,200
109,0.1298,0.08020000000000002,0.8200000000000001,0.09999999999999987,1.0,40,36.74689769744873,0.21000000000000002,0.9199999999999999,100,100,4,1,200
110,0.47990000000000005,0.06990000000000002,0.6,0.31999999999999995,1.0,5,26.782915353775024,0.41000000000000003,0.9199999999999999,100,100,1,1,200
111,0.4436,0.03359999999999996,0.07,0.3699999999999999,0.1,40,25.93118453025818,0.41000000000000003,0.4399999999999999,100,100,1,1,200
112,0.2419,0.04810000000000003,0.1,0.82,1.0,40,26.444665908813477,0.29000000000000004,0.9199999999999999,100,100,1,1,200
113,0.031400000000000004,0.021400000000000002,0.22,0.45999999999999996,1.0,10,34.097904205322266,0.01,0.6799999999999999,100,100,16,1,200
114,0.12440000000000001,0.08560000000000001,0.72,0.2800000000000001,0.1,40,37.05833315849304,0.21000000000000002,0.4399999999999999,100,100,4,1,200
115,0.44930000000000003,0.07930000000000004,0.98,0.38,0.1,10,33.33879899978638,0.37,0.6,100,100,1,1,200
116,0.0897,0.0002999999999999947,0.32,0.11999999999999988,10.0,10,29.854536294937134,0.09,0.4399999999999999,100,100,1,1,200
117,0.0485,0.0815,0.25,0.05000000000000002,10.0,20,29.350224494934082,0.13,0.19999999999999998,100,100,1,1,200
118,0.24330000000000002,0.0867,0.05,0.14999999999999997,1.0,10,34.891361236572266,0.33,0.19999999999999998,100,100,4,1,200
119,0.365,0.07499999999999996,0.9400000000000001,0.5800000000000001,0.1,40,29.509714126586914,0.29000000000000004,0.35999999999999993,100,100,16,1,200
120,0.4055,0.004500000000000004,0.09,0.59,1.0,40,27.157809019088745,0.41000000000000003,0.6799999999999999,100,100,1,1,200
121,0.4733,0.023299999999999987,0.61,0.33,0.1,10,40.033551931381226,0.45,0.27999999999999997,100,100,8,1,200
122,0.46740000000000004,0.017400000000000027,0.22,0.020000000000000018,1.0,20,30.87419319152832,0.45,0.19999999999999998,100,100,16,1,200
123,0.2619,0.028100000000000014,0.49,0.29000000000000004,0.1,40,32.06987524032593,0.29000000000000004,0.19999999999999998,100,100,4,1,200
124,0.0903,0.0003000000000000086,0.79,0.030000000000000138,0.1,20,31.940261602401733,0.09,0.7599999999999999,100,100,1,1,200
125,0.1136,0.02360000000000001,0.87,0.030000000000000138,0.1,10,30.895917892456055,0.09,0.8399999999999999,100,100,1,1,200
126,0.4425,0.07250000000000001,0.26,0.2599999999999999,1.0,5,34.054429054260254,0.37,0.5199999999999999,100,100,4,1,200
127,0.4399,0.029899999999999982,0.53,0.09000000000000014,0.1,40,35.68999481201172,0.41000000000000003,0.4399999999999999,100,100,4,1,200
128,0.3241,0.045899999999999996,0.7000000000000001,0.10000000000000009,1.0,10,34.81932091712952,0.37,0.6,100,100,4,1,200
129,0.0623,0.012299999999999998,0.58,0.14000000000000007,0.1,40,34.05472731590271,0.05,0.4399999999999999,100,100,16,1,200
130,0.24760000000000001,0.04240000000000002,0.29,0.06999999999999995,0.1,5,29.60154390335083,0.29000000000000004,0.35999999999999993,100,100,8,1,200
131,0.0055000000000000005,0.0045,0.33,0.1899999999999999,1.0,20,32.754003286361694,0.01,0.5199999999999999,100,100,4,1,200
132,0.3924,0.02240000000000003,0.78,0.5800000000000001,10.0,10,29.842981338500977,0.37,0.19999999999999998,100,100,8,1,200
133,0.32980000000000004,0.12019999999999997,0.52,0.48000000000000004,10.0,10,29.19083857536316,0.45,0.04,100,100,4,1,200
134,0.16040000000000001,0.049600000000000005,0.52,0.1600000000000001,10.0,5,38.218904972076416,0.21000000000000002,0.35999999999999993,100,100,4,1,200
135,0.2114,0.04139999999999999,0.3,0.21999999999999992,1.0,10,25.40248703956604,0.17,0.5199999999999999,100,100,1,1,200
136,0.2388,0.028799999999999992,0.31,0.04999999999999993,0.1,5,30.8534197807312,0.21000000000000002,0.35999999999999993,100,100,1,1,200
137,0.2871,0.0029000000000000137,0.68,0.16000000000000014,0.1,40,31.654463291168213,0.29000000000000004,0.5199999999999999,100,100,4,1,200
138,0.11,0.020000000000000004,0.26,0.4999999999999999,10.0,40,34.545010566711426,0.13,0.7599999999999999,100,100,8,1,200
139,0.1119,0.018100000000000005,0.23,0.37,10.0,5,34.21575450897217,0.13,0.6,100,100,4,1,200
140,0.2916,0.041600000000000026,0.21,0.71,1.0,10,33.77930569648743,0.25,0.9199999999999999,100,100,4,1,200
141,0.3114,0.058599999999999985,0.81,0.050000000000000155,1.0,20,31.556161403656006,0.37,0.7599999999999999,100,100,4,1,200
142,0.3694,0.0005999999999999894,0.46,0.21999999999999992,10.0,20,30.690320014953613,0.37,0.6799999999999999,100,100,4,1,200
143,0.0095,0.0405,0.02,0.4199999999999999,0.1,40,32.03083848953247,0.05,0.4399999999999999,100,100,4,1,200
144,0.15380000000000002,0.016199999999999992,0.54,0.5,1.0,5,33.43182849884033,0.17,0.04,100,100,8,1,200
145,0.0218,0.028200000000000003,0.67,0.08999999999999986,10.0,10,29.17230749130249,0.05,0.7599999999999999,100,100,1,1,200
146,0.4823,0.032299999999999995,0.26,0.14,10.0,5,29.46582055091858,0.45,0.12,100,100,4,1,200
147,0.08750000000000001,0.0024999999999999883,0.23,0.6099999999999999,0.1,40,30.75613045692444,0.09,0.8399999999999999,100,100,16,1,200
148,0.4202,0.010199999999999987,0.14,0.020000000000000018,10.0,20,31.343850135803223,0.41000000000000003,0.12,100,100,8,1,200
149,0.0264,0.016399999999999998,0.96,0.52,0.1,40,34.305185079574585,0.01,0.4399999999999999,100,100,16,1,200
150,0.4153,0.03470000000000001,0.43,0.009999999999999898,0.1,20,36.68908977508545,0.45,0.4399999999999999,100,100,8,1,200
151,0.0995,0.0305,0.63,0.1100000000000001,1.0,10,31.430021047592163,0.13,0.5199999999999999,100,100,4,1,200
152,0.2924,0.0023999999999999577,0.25,0.5099999999999999,10.0,40,36.05621314048767,0.29000000000000004,0.7599999999999999,100,100,8,1,200
153,0.1502,0.0998,0.38,0.3799999999999999,0.1,5,31.781534671783447,0.25,0.7599999999999999,100,100,8,1,200
154,0.1024,0.012400000000000008,0.78,0.2600000000000001,1.0,40,30.10719132423401,0.09,0.5199999999999999,100,100,4,1,200
155,0.2074,0.0774,0.88,0.1200000000000001,1.0,40,31.25968885421753,0.13,0.7599999999999999,100,100,4,1,200
156,0.3513,0.021299999999999986,0.41000000000000003,0.18999999999999995,10.0,40,27.15884280204773,0.33,0.6,100,100,1,1,200
157,0.1199,0.010099999999999998,0.3,0.05999999999999994,10.0,20,34.904186487197876,0.13,0.35999999999999993,100,100,4,1,200
158,0.3251,0.035099999999999965,0.8200000000000001,0.060000000000000164,10.0,10,35.03350305557251,0.29000000000000004,0.7599999999999999,100,100,8,1,200
159,0.2071,0.042899999999999994,0.26,0.22,10.0,10,23.559927701950073,0.25,0.04,100,100,1,1,200
160,0.38230000000000003,0.012300000000000033,0.14,0.1,0.1,20,31.30513072013855,0.37,0.04,100,100,8,1,200
161,0.41290000000000004,0.04290000000000005,0.5700000000000001,0.53,1.0,5,25.801417589187622,0.37,0.04,100,100,1,1,200
162,0.2948,0.004799999999999971,0.66,0.019999999999999907,1.0,10,28.197246313095093,0.29000000000000004,0.6799999999999999,100,100,16,1,200
163,0.1802,0.02980000000000002,0.1,0.09999999999999998,0.1,10,28.353530406951904,0.21000000000000002,0.19999999999999998,100,100,1,1,200
164,0.0519,0.15810000000000002,0.65,0.21000000000000013,10.0,5,40.24241662025452,0.21000000000000002,0.4399999999999999,100,100,4,1,200
165,0.16190000000000002,0.008099999999999996,0.76,0.08000000000000007,1.0,5,33.434589862823486,0.17,0.6799999999999999,100,100,8,1,200
166,0.1897,0.09970000000000001,0.31,0.36999999999999994,0.1,20,30.776647329330444,0.09,0.6799999999999999,100,100,4,1,200
167,0.1446,0.05460000000000001,0.51,0.07000000000000012,0.1,20,35.0789053440094,0.09,0.4399999999999999,100,100,8,1,200
168,0.2989,0.0489,0.01,0.3499999999999999,1.0,5,31.779650926589966,0.25,0.35999999999999993,100,100,8,1,200
169,0.053000000000000005,0.043000000000000003,0.21,0.09,10.0,40,34.433610677719116,0.01,0.12,100,100,8,1,200
170,0.2581,0.03190000000000004,0.45,0.01000000000000012,10.0,5,33.49825835227966,0.29000000000000004,0.4399999999999999,100,100,8,1,200
171,0.1985,0.05149999999999999,0.38,0.1399999999999999,10.0,5,35.84927010536194,0.25,0.5199999999999999,100,100,8,1,200
172,0.0379,0.052099999999999994,0.17,0.18999999999999992,10.0,20,29.04150128364563,0.09,0.35999999999999993,100,100,1,1,200
173,0.2056,0.03559999999999999,0.58,0.5399999999999999,1.0,40,32.25202703475952,0.17,0.04,100,100,16,1,200
174,0.08510000000000001,0.035100000000000006,0.31,0.19,10.0,40,38.169365644454956,0.05,0.12,100,100,4,1,200
175,0.4807,0.07069999999999999,0.09,0.2699999999999999,10.0,10,38.97951364517212,0.41000000000000003,0.35999999999999993,100,100,8,1,200
176,0.0795,0.010499999999999995,0.15,0.44999999999999996,1.0,40,28.047876119613647,0.09,0.6,100,100,1,1,200
177,0.437,0.067,0.3,0.21999999999999992,1.0,5,34.79759359359741,0.37,0.5199999999999999,100,100,8,1,200
178,0.2336,0.016399999999999998,0.92,1.1102230246251565e-16,0.1,40,34.88659310340881,0.25,0.9199999999999999,100,100,4,1,200
179,0.4585,0.08850000000000002,0.24,0.6799999999999999,0.1,10,34.67554211616516,0.37,0.9199999999999999,100,100,4,1,200
180,0.08420000000000001,0.0858,0.5700000000000001,0.10999999999999988,10.0,5,30.86502957344055,0.17,0.6799999999999999,100,100,16,1,200
181,0.2046,0.045399999999999996,0.68,0.3200000000000001,10.0,10,26.145780563354492,0.25,0.35999999999999993,100,100,1,1,200
182,0.1642,0.03420000000000001,0.35000000000000003,0.15000000000000005,10.0,5,34.674747705459595,0.13,0.19999999999999998,100,100,8,1,200
183,0.07490000000000001,0.024900000000000005,0.9400000000000001,0.7400000000000001,10.0,40,38.09483766555786,0.05,0.19999999999999998,100,100,8,1,200
184,0.27340000000000003,0.016600000000000004,0.84,1.1102230246251565e-16,1.0,5,31.063263654708862,0.29000000000000004,0.8399999999999999,100,100,1,1,200
185,0.0839,0.07390000000000001,0.79,0.5900000000000001,10.0,40,36.45791411399841,0.01,0.19999999999999998,100,100,16,1,200
186,0.40290000000000004,0.007099999999999995,0.1,0.58,1.0,40,30.36918592453003,0.41000000000000003,0.6799999999999999,100,100,1,1,200
187,0.0173,0.007299999999999999,0.64,0.039999999999999925,10.0,40,30.84430241584778,0.01,0.6799999999999999,100,100,1,1,200
188,0.0031000000000000003,0.0069,0.3,0.020000000000000018,1.0,5,30.415104150772095,0.01,0.27999999999999997,100,100,4,1,200
189,0.1774,0.0474,0.58,0.09999999999999998,0.1,10,35.56769824028015,0.13,0.6799999999999999,100,100,4,1,200
190,0.001,0.009000000000000001,0.53,0.49000000000000005,10.0,10,28.09152603149414,0.01,0.04,100,100,1,1,200
191,0.1183,0.10830000000000001,0.5700000000000001,0.21000000000000013,1.0,40,32.724077224731445,0.01,0.35999999999999993,100,100,16,1,200
192,0.307,0.09699999999999998,0.11,0.3299999999999999,10.0,20,28.337482690811157,0.21000000000000002,0.4399999999999999,100,100,16,1,200
193,0.31120000000000003,0.021199999999999997,0.28,0.15999999999999986,1.0,5,34.46369528770447,0.29000000000000004,0.4399999999999999,100,100,16,1,200
194,0.19210000000000002,0.02210000000000001,0.29,0.4699999999999999,1.0,40,32.56626510620117,0.17,0.7599999999999999,100,100,1,1,200
195,0.0592,0.0092,0.5,0.06000000000000011,0.1,5,29.34273624420166,0.05,0.4399999999999999,100,100,1,1,200
196,0.10840000000000001,0.018400000000000014,0.59,0.07000000000000006,1.0,10,33.01049470901489,0.09,0.5199999999999999,100,100,4,1,200
197,0.0367,0.05329999999999999,0.8300000000000001,0.55,0.1,10,34.024863719940186,0.09,0.27999999999999997,100,100,16,1,200
198,0.4803,0.07029999999999997,0.8,0.36000000000000015,1.0,10,37.43427085876465,0.41000000000000003,0.4399999999999999,100,100,16,1,200
199,0.27540000000000003,0.05459999999999998,0.79,0.35000000000000014,1.0,20,30.867565870285034,0.33,0.4399999999999999,100,100,1,1,200
200,0.1837,0.01369999999999999,0.93,0.33000000000000007,10.0,40,31.910010814666748,0.17,0.6,100,100,16,1,200
201,0.31420000000000003,0.0958,0.23,0.37,0.1,20,27.297818899154663,0.41000000000000003,0.6,100,100,1,1,200
202,0.377,0.08699999999999997,0.11,0.08999999999999998,10.0,40,38.22774529457092,0.29000000000000004,0.19999999999999998,100,100,8,1,200
203,0.4413,0.07130000000000003,0.87,0.67,10.0,10,31.41192603111267,0.37,0.19999999999999998,100,100,16,1,200
204,0.3511,0.05890000000000001,0.63,0.04999999999999993,0.1,40,30.698415756225586,0.41000000000000003,0.6799999999999999,100,100,8,1,200
205,0.4476,0.0024000000000000132,0.53,0.06999999999999995,10.0,10,27.97904896736145,0.45,0.6,100,100,4,1,200
206,0.17300000000000001,0.0030000000000000027,0.8300000000000001,0.07000000000000017,0.1,20,26.812543630599976,0.17,0.7599999999999999,100,100,1,1,200
207,0.44380000000000003,0.006199999999999983,0.4,0.2799999999999999,1.0,5,33.33024883270264,0.45,0.6799999999999999,100,100,16,1,200
208,0.43320000000000003,0.01679999999999998,0.31,0.2099999999999999,10.0,40,32.46325922012329,0.45,0.5199999999999999,100,100,8,1,200
209,0.4949,0.044899999999999995,0.91,0.55,1.0,40,27.935239553451538,0.45,0.35999999999999993,100,100,1,1,200
210,0.3549,0.05510000000000004,0.8200000000000001,0.78,1.0,10,31.980403423309326,0.41000000000000003,0.04,100,100,8,1,200
211,0.4413,0.008699999999999986,0.93,0.81,1.0,10,31.539617776870728,0.45,0.12,100,100,4,1,200
212,0.1976,0.0524,0.65,0.21000000000000013,1.0,40,41.34860587120056,0.25,0.4399999999999999,100,100,16,1,200
213,0.23120000000000002,0.021199999999999997,0.81,0.37000000000000016,0.1,10,35.02158880233765,0.21000000000000002,0.4399999999999999,100,100,16,1,200
214,0.4067,0.03670000000000001,0.0,0.8399999999999999,10.0,40,34.88468098640442,0.37,0.8399999999999999,100,100,8,1,200
215,0.4761,0.10610000000000003,1.0,0.2400000000000001,10.0,10,34.92412495613098,0.37,0.7599999999999999,100,100,16,1,200
216,0.4595,0.04949999999999999,0.17,0.42999999999999994,1.0,5,24.095349311828613,0.41000000000000003,0.6,100,100,1,1,200
217,0.3073,0.017299999999999982,0.9,0.3800000000000001,1.0,10,34.92280912399292,0.29000000000000004,0.5199999999999999,100,100,8,1,200
218,0.0955,0.0455,0.9500000000000001,0.5100000000000002,10.0,10,31.638880014419556,0.05,0.4399999999999999,100,100,16,1,200
219,0.3604,0.009599999999999997,0.4,0.12000000000000005,0.1,10,22.741218328475952,0.37,0.27999999999999997,100,100,1,1,200
220,0.38770000000000004,0.022299999999999986,1.0,0.2400000000000001,10.0,20,29.174839973449707,0.41000000000000003,0.7599999999999999,100,100,8,1,200
221,0.3553,0.054700000000000026,0.65,0.37000000000000005,1.0,5,23.356398105621338,0.41000000000000003,0.27999999999999997,100,100,1,1,200
222,0.2192,0.030799999999999994,0.23,0.04999999999999996,1.0,10,33.315749168395996,0.25,0.27999999999999997,100,100,4,1,200
223,0.4605,0.01050000000000001,0.15,0.12999999999999998,10.0,40,31.960402727127075,0.45,0.27999999999999997,100,100,4,1,200
224,0.2466,0.11660000000000001,0.81,0.13000000000000012,1.0,10,30.827527284622192,0.13,0.6799999999999999,100,100,8,1,200
225,0.3286,0.0014000000000000123,0.49,0.21000000000000002,0.1,20,33.46704459190369,0.33,0.27999999999999997,100,100,4,1,200
226,0.215,0.07500000000000004,0.5700000000000001,0.029999999999999916,0.1,5,33.18442678451538,0.29000000000000004,0.6,100,100,8,1,200
227,0.1015,0.0685,0.26,0.09999999999999992,1.0,20,29.65804958343506,0.17,0.35999999999999993,100,100,4,1,200
228,0.32370000000000004,0.04629999999999995,0.41000000000000003,0.18999999999999995,0.1,20,29.377742528915405,0.37,0.6,100,100,16,1,200
229,0.4572,0.047199999999999964,0.22,0.45999999999999996,1.0,5,31.928773403167725,0.41000000000000003,0.6799999999999999,100,100,1,1,200
230,0.36100000000000004,0.031000000000000028,0.84,0.24,10.0,40,27.902842044830322,0.33,0.6,100,100,1,1,200
231,0.022600000000000002,0.0274,0.66,0.62,1.0,10,32.87913155555725,0.05,0.04,100,100,4,1,200
232,0.4752,0.0252,0.8,0.6000000000000001,10.0,5,37.96718382835388,0.45,0.19999999999999998,100,100,8,1,200
233,0.4446,0.034599999999999964,0.16,0.3599999999999999,1.0,40,36.11664438247681,0.41000000000000003,0.5199999999999999,100,100,16,1,200
234,0.1174,0.027400000000000008,0.52,0.3999999999999999,1.0,10,32.3718581199646,0.09,0.9199999999999999,100,100,8,1,200
235,0.4833,0.07329999999999998,0.92,0.16000000000000014,1.0,5,28.5001802444458,0.41000000000000003,0.7599999999999999,100,100,16,1,200
236,0.21980000000000002,0.08980000000000002,0.85,0.06999999999999995,1.0,40,37.517364263534546,0.13,0.9199999999999999,100,100,8,1,200
237,0.15080000000000002,0.0592,0.55,0.3500000000000001,10.0,20,34.5206995010376,0.21000000000000002,0.19999999999999998,100,100,16,1,200
238,0.39180000000000004,0.018199999999999994,0.28,0.16000000000000003,0.1,20,26.98271107673645,0.41000000000000003,0.12,100,100,1,1,200
239,0.0485,0.041499999999999995,0.25,0.42999999999999994,0.1,10,33.823261737823486,0.09,0.6799999999999999,100,100,4,1,200
240,0.449,0.07900000000000001,0.73,0.37000000000000005,0.1,5,36.99140191078186,0.37,0.35999999999999993,100,100,4,1,200
241,0.2621,0.0121,0.2,0.16,0.1,5,30.26612615585327,0.25,0.04,100,100,1,1,200
242,0.2856,0.044399999999999995,0.74,0.54,1.0,10,32.98110580444336,0.33,0.19999999999999998,100,100,4,1,200
243,0.3008,0.010799999999999976,0.53,0.09000000000000014,0.1,5,30.452972888946533,0.29000000000000004,0.4399999999999999,100,100,16,1,200
244,0.28700000000000003,0.08299999999999996,0.38,0.34,0.1,10,32.20013928413391,0.37,0.04,100,100,1,1,200
245,0.2987,0.031299999999999994,0.71,0.51,1.0,40,29.95854640007019,0.33,0.19999999999999998,100,100,4,1,200
246,0.2881,0.0781,0.67,0.009999999999999898,1.0,40,30.273167848587036,0.21000000000000002,0.6799999999999999,100,100,4,1,200
247,0.3004,0.1496,0.86,0.05999999999999994,10.0,20,37.058061599731445,0.45,0.9199999999999999,100,100,16,1,200
248,0.4214,0.0514,0.22,0.45999999999999996,1.0,5,36.55832886695862,0.37,0.6799999999999999,100,100,8,1,200
249,0.3597,0.1897,0.75,0.55,1.0,40,35.59017610549927,0.17,0.19999999999999998,100,100,16,1,200
250,0.3392,0.0892,0.1,0.58,1.0,10,27.70245337486267,0.25,0.6799999999999999,100,100,1,1,200
251,0.0347,0.015300000000000001,0.05,0.3899999999999999,10.0,40,37.40927839279175,0.05,0.4399999999999999,100,100,16,1,200
252,0.44830000000000003,0.0383,0.54,0.5,1.0,10,26.42506217956543,0.41000000000000003,0.04,100,100,1,1,200
253,0.271,0.019000000000000017,0.91,0.55,10.0,40,36.33749556541443,0.29000000000000004,0.35999999999999993,100,100,8,1,200
254,0.3119,0.10189999999999999,0.49,0.029999999999999916,1.0,5,25.98279881477356,0.21000000000000002,0.5199999999999999,100,100,8,1,200
255,0.2068,0.07680000000000001,0.05,0.14999999999999997,0.1,40,25.162373065948486,0.13,0.19999999999999998,100,100,1,1,200
256,0.1585,0.028499999999999998,0.31,0.04999999999999993,1.0,40,26.767355918884277,0.13,0.35999999999999993,100,100,1,1,200
257,0.0357,0.0257,0.78,0.05999999999999983,0.1,5,37.86892080307007,0.01,0.8399999999999999,100,100,8,1,200
258,0.0089,0.0011000000000000003,0.8,0.039999999999999813,0.1,20,25.54074192047119,0.01,0.8399999999999999,100,100,1,1,200
259,0.4198,0.009799999999999975,0.6900000000000001,0.25000000000000017,0.1,40,32.642491579055786,0.41000000000000003,0.4399999999999999,100,100,8,1,200
260,0.10260000000000001,0.05260000000000001,0.47000000000000003,0.030000000000000138,10.0,20,35.19715595245361,0.05,0.4399999999999999,100,100,4,1,200
261,0.0017000000000000001,0.0083,0.74,0.14,0.1,20,35.17046928405762,0.01,0.6,100,100,4,1,200
262,0.1867,0.0567,0.23,0.12999999999999992,10.0,10,34.99706435203552,0.13,0.35999999999999993,100,100,8,1,200
263,0.1423,0.05230000000000001,0.8,0.68,0.1,10,33.0509467124939,0.09,0.12,100,100,16,1,200
264,0.44170000000000004,0.031700000000000006,0.08,0.039999999999999994,10.0,40,32.46894884109497,0.41000000000000003,0.12,100,100,16,1,200
265,0.3416,0.05159999999999998,0.89,0.6100000000000001,0.1,5,26.249696254730225,0.29000000000000004,0.27999999999999997,100,100,4,1,200
266,0.0304,0.019600000000000003,0.56,0.19999999999999984,10.0,10,30.629190921783447,0.05,0.7599999999999999,100,100,1,1,200
267,0.0409,0.009100000000000004,0.44,0.08000000000000007,1.0,20,34.32339358329773,0.05,0.35999999999999993,100,100,4,1,200
268,0.11420000000000001,0.024200000000000013,0.79,0.1100000000000001,1.0,5,30.225252389907837,0.09,0.6799999999999999,100,100,16,1,200
269,0.26480000000000004,0.0252,0.51,0.15000000000000008,1.0,10,35.11480712890625,0.29000000000000004,0.35999999999999993,100,100,4,1,200
270,0.12490000000000001,0.07490000000000001,0.17,0.5099999999999999,0.1,40,37.459104776382446,0.05,0.6799999999999999,100,100,8,1,200
271,0.0175,0.0075000000000000015,0.1,0.41999999999999993,0.1,10,28.42349147796631,0.01,0.5199999999999999,100,100,1,1,200
272,0.1917,0.021699999999999997,0.59,0.31,10.0,10,28.430728435516357,0.17,0.27999999999999997,100,100,1,1,200
273,0.44980000000000003,0.0398,0.9400000000000001,0.3400000000000001,1.0,10,29.939147233963013,0.41000000000000003,0.6,100,100,1,1,200
274,0.47590000000000005,0.10590000000000005,0.73,0.45,10.0,20,35.089351415634155,0.37,0.27999999999999997,100,100,1,1,200
275,0.12300000000000001,0.006999999999999992,0.77,0.01000000000000012,10.0,40,37.47012996673584,0.13,0.7599999999999999,100,100,4,1,200
276,0.27140000000000003,0.018600000000000005,0.08,0.04,0.1,5,28.311160802841187,0.29000000000000004,0.04,100,100,4,1,200
277,0.45370000000000005,0.04370000000000002,0.75,0.47000000000000003,10.0,20,33.50685977935791,0.41000000000000003,0.27999999999999997,100,100,16,1,200
278,0.3153,0.0947,0.28,0.24000000000000002,10.0,10,32.13340783119202,0.41000000000000003,0.04,100,100,16,1,200
279,0.0609,0.0109,0.74,0.22000000000000008,10.0,20,35.68884015083313,0.05,0.5199999999999999,100,100,4,1,200
280,0.11170000000000001,0.02170000000000001,0.9500000000000001,0.11000000000000021,0.1,10,30.50320553779602,0.09,0.8399999999999999,100,100,4,1,200
281,0.44930000000000003,0.0393,0.05,0.7099999999999999,0.1,10,28.373640537261963,0.41000000000000003,0.7599999999999999,100,100,1,1,200
282,0.41400000000000003,0.04400000000000004,0.2,0.23999999999999988,0.1,10,26.426913022994995,0.37,0.4399999999999999,100,100,1,1,200
283,0.1933,0.0567,0.88,0.84,0.1,20,28.477584838867188,0.25,0.04,100,100,1,1,200
284,0.2285,0.058499999999999996,0.86,0.05999999999999994,0.1,5,30.284323692321777,0.17,0.9199999999999999,100,100,4,1,200
285,0.3972,0.027200000000000002,0.46,0.2999999999999999,10.0,40,39.91146993637085,0.37,0.7599999999999999,100,100,16,1,200
286,0.0151,0.0051,0.13,0.7099999999999999,0.1,40,38.0171639919281,0.01,0.8399999999999999,100,100,4,1,200
287,0.0332,0.016800000000000002,0.89,0.53,0.1,20,36.491159439086914,0.05,0.35999999999999993,100,100,16,1,200
288,0.1464,0.056400000000000006,0.41000000000000003,0.13000000000000006,1.0,40,31.05599284172058,0.09,0.27999999999999997,100,100,1,1,200
289,0.0475,0.042499999999999996,0.29,0.4699999999999999,0.1,10,30.558576345443726,0.09,0.7599999999999999,100,100,4,1,200
290,0.010400000000000001,0.00040000000000000105,0.61,0.010000000000000009,0.1,20,31.951134204864502,0.01,0.6,100,100,4,1,200
291,0.2599,0.11009999999999998,0.33,0.029999999999999916,10.0,5,29.609736442565918,0.37,0.35999999999999993,100,100,1,1,200
292,0.48360000000000003,0.15360000000000001,0.8300000000000001,0.47000000000000014,10.0,5,32.29591369628906,0.33,0.35999999999999993,100,100,16,1,200
293,0.1356,0.005599999999999994,0.55,0.2700000000000001,10.0,20,30.402996301651,0.13,0.27999999999999997,100,100,1,1,200
294,0.1332,0.043200000000000016,0.77,0.5700000000000001,0.1,40,30.272733688354492,0.09,0.19999999999999998,100,100,8,1,200
295,0.4368,0.06680000000000003,0.78,0.66,0.1,20,35.554519176483154,0.37,0.12,100,100,8,1,200
296,0.2156,0.07440000000000002,0.9,0.14000000000000012,0.1,5,32.03826451301575,0.29000000000000004,0.7599999999999999,100,100,16,1,200
297,0.0849,0.005099999999999993,0.18,0.5799999999999998,0.1,40,27.177851915359497,0.09,0.7599999999999999,100,100,1,1,200
298,0.3975,0.0675,0.75,0.3100000000000001,1.0,10,34.5146918296814,0.33,0.4399999999999999,100,100,16,1,200
299,0.4481,0.15809999999999996,0.0,0.6799999999999999,10.0,10,33.76647114753723,0.29000000000000004,0.6799999999999999,100,100,8,1,200
300,0.30970000000000003,0.060299999999999965,0.11,0.08999999999999998,1.0,40,26.360049962997437,0.37,0.19999999999999998,100,100,1,1,200
301,0.3381,0.1281,0.96,0.6799999999999999,10.0,20,38.936357259750366,0.21000000000000002,0.27999999999999997,100,100,16,1,200
302,0.4983,0.04830000000000001,0.7000000000000001,0.34000000000000014,10.0,40,32.90207648277283,0.45,0.35999999999999993,100,100,16,1,200
303,0.10700000000000001,0.05700000000000001,0.46,0.26,0.1,5,33.43737769126892,0.05,0.19999999999999998,100,100,16,1,200
304,0.0095,0.0005000000000000004,0.81,0.050000000000000155,1.0,10,31.597710847854614,0.01,0.7599999999999999,100,100,4,1,200
305,0.0128,0.0028000000000000004,0.77,0.49000000000000005,1.0,10,31.060911178588867,0.01,0.27999999999999997,100,100,1,1,200
306,0.445,0.0050000000000000044,0.44,0.23999999999999994,0.1,10,25.88368272781372,0.45,0.6799999999999999,100,100,1,1,200
307,0.017,0.007000000000000001,0.89,0.53,10.0,10,34.40163493156433,0.01,0.35999999999999993,100,100,4,1,200
308,0.2866,0.043399999999999994,0.6,0.1600000000000001,10.0,5,30.359039545059204,0.33,0.4399999999999999,100,100,16,1,200
309,0.19740000000000002,0.09260000000000002,0.01,0.8299999999999998,10.0,40,36.303606271743774,0.29000000000000004,0.8399999999999999,100,100,4,1,200
310,0.2711,0.021100000000000008,0.62,0.21999999999999986,0.1,20,34.82125377655029,0.25,0.8399999999999999,100,100,16,1,200
311,0.20670000000000002,0.11670000000000003,0.91,0.07000000000000017,10.0,20,32.60660910606384,0.09,0.8399999999999999,100,100,8,1,200
312,0.25420000000000004,0.004200000000000037,0.09,0.42999999999999994,0.1,40,35.853322982788086,0.25,0.5199999999999999,100,100,8,1,200
313,0.3966,0.013400000000000023,0.67,0.2499999999999999,1.0,10,33.02456331253052,0.41000000000000003,0.9199999999999999,100,100,4,1,200
314,0.2265,0.023499999999999993,0.98,0.38,1.0,20,34.507901191711426,0.25,0.6,100,100,4,1,200
315,0.060200000000000004,0.029799999999999993,0.93,0.09000000000000019,1.0,40,33.15982151031494,0.09,0.8399999999999999,100,100,8,1,200
316,0.4163,0.08629999999999999,0.91,0.87,1.0,10,38.47520422935486,0.33,0.04,100,100,16,1,200
317,0.4953,0.12530000000000002,0.23,0.20999999999999988,10.0,10,29.230661630630493,0.37,0.4399999999999999,100,100,1,1,200
318,0.45580000000000004,0.08580000000000004,1.0,0.4,10.0,10,34.262335777282715,0.37,0.6,100,100,4,1,200
319,0.21430000000000002,0.03569999999999998,0.72,0.19999999999999996,10.0,5,33.57225847244263,0.25,0.9199999999999999,100,100,1,1,200
320,0.053500000000000006,0.03649999999999999,0.8200000000000001,0.54,0.1,20,30.01929235458374,0.09,0.27999999999999997,100,100,1,1,200
321,0.4188,0.08879999999999999,0.61,0.33,0.1,5,37.1150426864624,0.33,0.27999999999999997,100,100,4,1,200
322,0.28750000000000003,0.03750000000000003,0.24,0.12,10.0,40,33.76617360115051,0.25,0.12,100,100,16,1,200
323,0.36000000000000004,0.030000000000000027,0.41000000000000003,0.13000000000000006,1.0,20,34.646960496902466,0.33,0.27999999999999997,100,100,4,1,200
324,0.1981,0.011900000000000022,0.76,0.15999999999999992,10.0,5,39.04392910003662,0.21000000000000002,0.9199999999999999,100,100,8,1,200
325,0.11610000000000001,0.0539,0.61,0.49,0.1,10,39.748510122299194,0.17,0.12,100,100,8,1,200
326,0.35860000000000003,0.011399999999999966,0.54,0.2999999999999998,10.0,20,29.948716640472412,0.37,0.8399999999999999,100,100,16,1,200
327,0.338,0.11199999999999999,0.87,0.83,10.0,20,33.73624038696289,0.45,0.04,100,100,8,1,200
328,0.1769,0.03310000000000002,0.9,0.86,1.0,20,37.48551607131958,0.21000000000000002,0.04,100,100,4,1,200
329,0.1333,0.043300000000000005,0.2,0.6399999999999999,0.1,5,33.163928508758545,0.09,0.8399999999999999,100,100,16,1,200
330,0.0669,0.0169,0.15,0.7699999999999999,0.1,40,27.868974208831787,0.05,0.9199999999999999,100,100,1,1,200
331,0.0432,0.0068000000000000005,0.24,0.5999999999999999,0.1,5,32.4712188243866,0.05,0.8399999999999999,100,100,4,1,200
332,0.4455,0.035499999999999976,0.86,0.02000000000000013,0.1,5,35.729002475738525,0.41000000000000003,0.8399999999999999,100,100,16,1,200
333,0.2641,0.1059,0.67,0.4700000000000001,1.0,10,30.088741540908813,0.37,0.19999999999999998,100,100,8,1,200
334,0.3426,0.05259999999999998,0.74,0.38000000000000006,0.1,20,32.088024377822876,0.29000000000000004,0.35999999999999993,100,100,16,1,200
335,0.32530000000000003,0.004699999999999982,0.7000000000000001,0.5000000000000001,0.1,5,37.542959451675415,0.33,0.19999999999999998,100,100,16,1,200
336,0.2726,0.02260000000000001,0.65,0.10999999999999988,1.0,40,30.993862867355347,0.25,0.7599999999999999,100,100,1,1,200
337,0.2565,0.046499999999999986,0.08,0.6,10.0,40,29.38850736618042,0.21000000000000002,0.6799999999999999,100,100,16,1,200
338,0.1446,0.06540000000000001,0.48,0.039999999999999925,0.1,40,19.969149827957153,0.21000000000000002,0.5199999999999999,100,100,1,1,200
339,0.2672,0.022800000000000042,0.23,0.04999999999999996,10.0,40,29.31057357788086,0.29000000000000004,0.27999999999999997,100,100,1,1,200
340,0.4062,0.0038000000000000256,0.18,0.01999999999999999,10.0,5,38.45582056045532,0.41000000000000003,0.19999999999999998,100,100,8,1,200
341,0.3967,0.053300000000000014,0.39,0.11000000000000004,10.0,20,35.635204553604126,0.45,0.27999999999999997,100,100,4,1,200
342,0.4786,0.028600000000000014,0.62,0.1800000000000001,0.1,20,29.916502475738525,0.45,0.4399999999999999,100,100,1,1,200
343,0.1149,0.015100000000000002,0.8200000000000001,0.060000000000000164,0.1,40,29.666929483413696,0.13,0.7599999999999999,100,100,16,1,200
344,0.17270000000000002,0.042700000000000016,0.73,0.029999999999999916,0.1,20,31.16323971748352,0.13,0.7599999999999999,100,100,8,1,200
345,0.1633,0.04670000000000002,0.97,0.21000000000000008,10.0,40,38.272281885147095,0.21000000000000002,0.7599999999999999,100,100,8,1,200
346,0.2056,0.044399999999999995,0.48,0.36,1.0,10,35.41304636001587,0.25,0.12,100,100,4,1,200
347,0.40040000000000003,0.07040000000000002,0.86,0.05999999999999994,10.0,5,35.712385416030884,0.33,0.9199999999999999,100,100,16,1,200
348,0.31270000000000003,0.06270000000000003,0.27,0.4899999999999999,0.1,40,29.013756036758423,0.25,0.7599999999999999,100,100,8,1,200
349,0.14800000000000002,0.021999999999999992,0.27,0.15000000000000002,1.0,20,29.322700023651123,0.17,0.12,100,100,8,1,200
350,0.40040000000000003,0.07040000000000002,0.35000000000000003,0.15000000000000005,1.0,40,32.60867118835449,0.33,0.19999999999999998,100,100,4,1,200
351,0.0784,0.0116,0.3,0.05999999999999994,1.0,40,32.127548933029175,0.09,0.35999999999999993,100,100,8,1,200
352,0.48050000000000004,0.030500000000000027,0.93,0.17000000000000015,10.0,40,28.74775981903076,0.45,0.7599999999999999,100,100,1,1,200
353,0.389,0.059,0.7000000000000001,0.2600000000000002,0.1,20,33.77463436126709,0.33,0.4399999999999999,100,100,16,1,200
354,0.1666,0.0834,0.99,0.87,0.1,5,35.898606300354004,0.25,0.12,100,100,16,1,200
355,0.1062,0.016200000000000006,0.15,0.7699999999999999,0.1,5,27.822553396224976,0.09,0.9199999999999999,100,100,1,1,200
356,0.0684,0.0616,0.41000000000000003,0.02999999999999986,10.0,40,28.792591094970703,0.13,0.4399999999999999,100,100,1,1,200
357,0.06770000000000001,0.1023,0.46,0.37999999999999984,0.1,5,31.885952711105347,0.17,0.8399999999999999,100,100,16,1,200
358,0.0925,0.042499999999999996,0.63,0.1100000000000001,1.0,10,29.471790313720703,0.05,0.5199999999999999,100,100,8,1,200
359,0.36310000000000003,0.0731,0.33,0.1899999999999999,1.0,40,30.78160309791565,0.29000000000000004,0.5199999999999999,100,100,8,1,200
360,0.47790000000000005,0.10790000000000005,0.56,0.2800000000000001,10.0,10,26.17652130126953,0.37,0.27999999999999997,100,100,1,1,200
361,0.0017000000000000001,0.0083,0.38,0.21999999999999997,1.0,40,28.817498445510864,0.01,0.6,100,100,1,1,200
362,0.3794,0.12940000000000002,0.53,0.01000000000000012,10.0,20,31.83112120628357,0.25,0.5199999999999999,100,100,4,1,200
363,0.16090000000000002,0.12910000000000002,0.86,0.82,0.1,5,35.79049801826477,0.29000000000000004,0.04,100,100,8,1,200
364,0.40890000000000004,0.0010999999999999899,0.49,0.029999999999999916,0.1,40,30.759235620498657,0.41000000000000003,0.5199999999999999,100,100,16,1,200
365,0.1524,0.022400000000000003,0.66,0.2599999999999999,10.0,5,30.852731704711914,0.13,0.9199999999999999,100,100,1,1,200
366,0.1501,0.0199,0.28,0.24000000000000002,10.0,40,32.632920026779175,0.17,0.04,100,100,16,1,200
367,0.1899,0.0199,0.89,0.6900000000000001,1.0,40,29.490411043167114,0.17,0.19999999999999998,100,100,1,1,200
368,0.0175,0.0725,0.48,0.2799999999999999,0.1,5,32.01981854438782,0.09,0.7599999999999999,100,100,16,1,200
369,0.1154,0.05460000000000001,0.9400000000000001,0.6600000000000001,0.1,5,36.564152002334595,0.17,0.27999999999999997,100,100,16,1,200
370,0.46480000000000005,0.054800000000000015,0.73,0.53,1.0,5,30.926814317703247,0.41000000000000003,0.19999999999999998,100,100,8,1,200
371,0.1401,0.02990000000000001,0.37,0.17,1.0,5,27.95666193962097,0.17,0.19999999999999998,100,100,1,1,200
372,0.3171,0.10709999999999997,0.68,0.4800000000000001,10.0,20,32.700626611709595,0.21000000000000002,0.19999999999999998,100,100,8,1,200
373,0.38830000000000003,0.13830000000000003,1.0,0.16000000000000014,0.1,20,33.657753705978394,0.25,0.8399999999999999,100,100,16,1,200
374,0.11380000000000001,0.06380000000000001,0.42,0.3,10.0,10,30.329896450042725,0.05,0.12,100,100,1,1,200
375,0.1521,0.062100000000000016,0.97,0.77,0.1,10,29.90217423439026,0.09,0.19999999999999998,100,100,4,1,200
376,0.2757,0.0257,0.8300000000000001,0.55,1.0,10,25.51209044456482,0.25,0.27999999999999997,100,100,1,1,200
377,0.42360000000000003,0.02639999999999998,0.62,0.34,1.0,20,28.819574117660522,0.45,0.27999999999999997,100,100,16,1,200
378,0.0357,0.0257,0.2,0.5599999999999998,0.1,20,36.70611643791199,0.01,0.7599999999999999,100,100,4,1,200
379,0.39680000000000004,0.06680000000000003,0.22,0.020000000000000018,0.1,20,31.078293800354004,0.33,0.19999999999999998,100,100,8,1,200
380,0.42100000000000004,0.09100000000000003,0.11,0.4099999999999999,10.0,10,30.89980411529541,0.33,0.5199999999999999,100,100,4,1,200
381,0.3114,0.10139999999999999,0.97,0.37,0.1,40,38.47481298446655,0.21000000000000002,0.6,100,100,16,1,200
382,0.44220000000000004,0.032200000000000006,0.66,0.06000000000000005,0.1,5,36.902705669403076,0.41000000000000003,0.6,100,100,8,1,200
383,0.4197,0.0897,0.02,0.8999999999999999,10.0,5,30.773282766342163,0.33,0.9199999999999999,100,100,8,1,200
384,0.011000000000000001,0.0010000000000000009,0.03,0.32999999999999996,10.0,20,32.05966281890869,0.01,0.35999999999999993,100,100,16,1,200
385,0.12760000000000002,0.03760000000000002,0.07,0.030000000000000006,0.1,20,31.70981240272522,0.09,0.04,100,100,4,1,200
386,0.1893,0.05929999999999999,0.8200000000000001,0.54,0.1,20,33.29197669029236,0.13,0.27999999999999997,100,100,8,1,200
387,0.4368,0.01319999999999999,0.76,0.07999999999999985,0.1,10,34.31381392478943,0.45,0.8399999999999999,100,100,8,1,200
388,0.4368,0.01319999999999999,0.34,0.14000000000000004,1.0,5,27.395243883132935,0.45,0.19999999999999998,100,100,1,1,200
389,0.06910000000000001,0.019100000000000006,0.24,0.2799999999999999,10.0,5,32.091440200805664,0.05,0.5199999999999999,100,100,16,1,200
390,0.1164,0.013600000000000001,0.04,0.23999999999999996,0.1,10,32.4710693359375,0.13,0.27999999999999997,100,100,4,1,200
391,0.3242,0.03419999999999995,0.34,0.49999999999999983,10.0,20,31.100272178649902,0.29000000000000004,0.8399999999999999,100,100,4,1,200
392,0.032600000000000004,0.022600000000000002,0.86,0.05999999999999994,0.1,40,34.93873929977417,0.01,0.9199999999999999,100,100,8,1,200
393,0.48550000000000004,0.11550000000000005,0.42,0.09999999999999992,0.1,10,32.165231466293335,0.37,0.5199999999999999,100,100,8,1,200
394,0.0703,0.019699999999999995,0.8,0.1200000000000001,1.0,10,33.698254108428955,0.09,0.6799999999999999,100,100,4,1,200
395,0.09140000000000001,0.11860000000000001,0.59,0.16999999999999993,0.1,5,31.778331518173218,0.21000000000000002,0.7599999999999999,100,100,8,1,200
396,0.3451,0.06490000000000001,0.27,0.15000000000000002,0.1,40,26.715131759643555,0.41000000000000003,0.12,100,100,1,1,200
397,0.2046,0.045399999999999996,0.11,0.16999999999999998,10.0,20,29.40936017036438,0.25,0.27999999999999997,100,100,16,1,200
398,0.1325,0.0025000000000000022,0.25,0.1899999999999999,1.0,20,24.442363023757935,0.13,0.4399999999999999,100,100,1,1,200
399,0.2268,0.05679999999999999,0.35000000000000003,0.23000000000000004,0.1,20,27.6972439289093,0.17,0.12,100,100,1,1,200
