,epsilon,distance_epsilon,mu,distance_mu,time,real_epsilon,real_mu,T,N,edge_per_t,ensemble_size,calibration_batches
0,0.4873,0.0373,0.81,0.21000000000000008,13.153937578201294,0.45,0.6,100,100,8,1,200
1,0.11170000000000001,0.018299999999999997,0.03,0.16999999999999998,9.652598857879639,0.13,0.19999999999999998,100,100,1,1,200
2,0.059000000000000004,0.07100000000000001,0.9500000000000001,0.11000000000000021,12.47362470626831,0.13,0.8399999999999999,100,100,8,1,200
3,0.1159,0.10590000000000001,0.71,0.59,9.979711294174194,0.01,0.12,100,100,1,1,200
4,0.15330000000000002,0.023300000000000015,0.53,0.41000000000000003,10.8029305934906,0.13,0.12,100,100,1,1,200
5,0.1293,0.0007000000000000062,0.86,0.82,15.328952550888062,0.13,0.04,100,100,16,1,200
6,0.26280000000000003,0.052800000000000014,0.77,0.09000000000000008,12.063024044036865,0.21000000000000002,0.6799999999999999,100,100,4,1,200
7,0.228,0.021999999999999992,0.32,0.27999999999999997,13.010383605957031,0.25,0.6,100,100,16,1,200
8,0.14980000000000002,0.019800000000000012,0.54,0.42000000000000004,8.763451099395752,0.13,0.12,100,100,1,1,200
9,0.3205,0.009500000000000008,0.38,0.05999999999999989,11.383498430252075,0.33,0.4399999999999999,100,100,8,1,200
10,0.0079,0.0020999999999999994,0.73,0.18999999999999995,9.35393214225769,0.01,0.9199999999999999,100,100,1,1,200
11,0.3267,0.043300000000000005,0.5700000000000001,0.13000000000000017,11.208548784255981,0.37,0.4399999999999999,100,100,8,1,200
12,0.49050000000000005,0.040500000000000036,0.33,0.26999999999999996,13.046729326248169,0.45,0.6,100,100,4,1,200
13,0.1719,0.03810000000000002,0.01,0.4299999999999999,16.948928356170654,0.21000000000000002,0.4399999999999999,100,100,4,1,200
14,0.2411,0.03109999999999999,0.38,0.18000000000000002,16.038222551345825,0.21000000000000002,0.19999999999999998,100,100,16,1,200
15,0.4626,0.05259999999999998,0.85,0.25,16.552953004837036,0.41000000000000003,0.6,100,100,4,1,200
16,0.1459,0.02410000000000001,0.89,0.85,16.92460560798645,0.17,0.04,100,100,4,1,200
17,0.4354,0.1854,0.9400000000000001,0.5000000000000002,17.146499156951904,0.25,0.4399999999999999,100,100,16,1,200
18,0.019100000000000002,0.009100000000000002,0.04,0.5599999999999999,17.407912254333496,0.01,0.6,100,100,16,1,200
19,0.3355,0.045499999999999985,0.21,0.71,14.340588092803955,0.29000000000000004,0.9199999999999999,100,100,4,1,200
20,0.0274,0.022600000000000002,0.99,0.4700000000000001,18.668561935424805,0.05,0.5199999999999999,100,100,4,1,200
21,0.1308,0.0408,0.78,0.5800000000000001,16.044631958007812,0.09,0.19999999999999998,100,100,16,1,200
22,0.2677,0.06230000000000002,0.88,0.76,16.480910539627075,0.33,0.12,100,100,8,1,200
23,0.1555,0.014500000000000013,0.71,0.20999999999999996,11.970321893692017,0.17,0.9199999999999999,100,100,1,1,200
24,0.2378,0.012199999999999989,0.66,0.06000000000000005,11.142159461975098,0.25,0.6,100,100,1,1,200
25,0.16540000000000002,0.0446,0.16,0.5199999999999999,15.934689044952393,0.21000000000000002,0.6799999999999999,100,100,8,1,200
26,0.30910000000000004,0.019100000000000006,0.18,0.09999999999999998,10.538305759429932,0.29000000000000004,0.27999999999999997,100,100,1,1,200
27,0.22820000000000001,0.018199999999999994,0.34,0.49999999999999983,17.54558277130127,0.21000000000000002,0.8399999999999999,100,100,16,1,200
28,0.0777,0.012299999999999991,0.71,0.10999999999999999,16.239405870437622,0.09,0.6,100,100,16,1,200
29,0.4627,0.012699999999999989,0.35000000000000003,0.40999999999999986,17.1408429145813,0.45,0.7599999999999999,100,100,8,1,200
30,0.2192,0.030799999999999994,0.93,0.7300000000000001,18.218976497650146,0.25,0.19999999999999998,100,100,8,1,200
31,0.40650000000000003,0.04349999999999998,0.37,0.22999999999999998,18.443748950958252,0.45,0.6,100,100,16,1,200
32,0.2174,0.0874,0.96,0.1200000000000001,8.498650550842285,0.13,0.8399999999999999,100,100,1,1,200
33,0.2088,0.11880000000000002,0.49,0.34999999999999987,12.43236255645752,0.09,0.8399999999999999,100,100,8,1,200
34,0.4248,0.0252,0.25,0.5099999999999999,13.994566917419434,0.45,0.7599999999999999,100,100,8,1,200
35,0.0089,0.0011000000000000003,0.46,0.18000000000000005,10.19243049621582,0.01,0.27999999999999997,100,100,1,1,200
36,0.2585,0.03150000000000003,0.7000000000000001,0.10000000000000009,12.270100831985474,0.29000000000000004,0.6,100,100,4,1,200
37,0.1665,0.003500000000000003,0.58,0.22000000000000003,15.330874919891357,0.17,0.35999999999999993,100,100,16,1,200
38,0.2992,0.04920000000000002,0.91,0.31000000000000005,16.592357397079468,0.25,0.6,100,100,4,1,200
39,0.37410000000000004,0.03589999999999999,0.41000000000000003,0.13000000000000006,16.046124935150146,0.41000000000000003,0.27999999999999997,100,100,16,1,200
40,0.271,0.02100000000000002,0.54,0.26000000000000006,15.89495062828064,0.25,0.27999999999999997,100,100,16,1,200
41,0.0592,0.0092,0.56,0.11999999999999988,15.512317657470703,0.05,0.6799999999999999,100,100,16,1,200
42,0.0731,0.0169,0.33,0.050000000000000044,15.134541749954224,0.09,0.27999999999999997,100,100,16,1,200
43,0.3166,0.026599999999999957,0.17,0.5099999999999999,13.884580135345459,0.29000000000000004,0.6799999999999999,100,100,8,1,200
44,0.050800000000000005,0.0008000000000000021,0.61,0.1499999999999999,14.47886347770691,0.05,0.7599999999999999,100,100,8,1,200
45,0.0079,0.0020999999999999994,0.84,0.48000000000000004,15.421757221221924,0.01,0.35999999999999993,100,100,8,1,200
46,0.0014,0.0086,0.12,0.15999999999999998,9.16072130203247,0.01,0.27999999999999997,100,100,1,1,200
47,0.44930000000000003,0.0006999999999999784,0.1,0.82,16.747922897338867,0.45,0.9199999999999999,100,100,8,1,200
48,0.0118,0.0017999999999999995,0.3,0.18,12.100688695907593,0.01,0.12,100,100,1,1,200
49,0.1879,0.0179,0.6900000000000001,0.17000000000000015,11.86868143081665,0.17,0.5199999999999999,100,100,16,1,200
50,0.112,0.022000000000000006,0.77,0.49000000000000005,13.520045757293701,0.09,0.27999999999999997,100,100,16,1,200
51,0.3895,0.020500000000000018,0.34,0.14000000000000004,15.128889799118042,0.41000000000000003,0.19999999999999998,100,100,8,1,200
52,0.44680000000000003,0.0368,0.13,0.14999999999999997,15.242893934249878,0.41000000000000003,0.27999999999999997,100,100,8,1,200
53,0.43060000000000004,0.019399999999999973,0.75,0.39000000000000007,15.120461225509644,0.45,0.35999999999999993,100,100,4,1,200
54,0.0456,0.044399999999999995,0.05,0.010000000000000002,14.0558180809021,0.09,0.04,100,100,16,1,200
55,0.4042,0.03420000000000001,0.84,0.56,12.816761493682861,0.37,0.27999999999999997,100,100,8,1,200
56,0.36200000000000004,0.04799999999999999,0.09,0.42999999999999994,9.51232385635376,0.41000000000000003,0.5199999999999999,100,100,1,1,200
57,0.0649,0.0651,0.37,0.3899999999999999,16.220666885375977,0.13,0.7599999999999999,100,100,8,1,200
58,0.3975,0.012500000000000011,0.48,0.12000000000000005,12.64919638633728,0.41000000000000003,0.35999999999999993,100,100,8,1,200
59,0.1714,0.04139999999999999,0.36,0.3999999999999999,13.119928359985352,0.13,0.7599999999999999,100,100,4,1,200
60,0.3708,0.0408,0.17,0.10999999999999996,10.359206199645996,0.33,0.27999999999999997,100,100,1,1,200
61,0.4575,0.007500000000000007,0.75,0.63,13.671782970428467,0.45,0.12,100,100,16,1,200
62,0.1589,0.02890000000000001,0.19,0.009999999999999981,13.275920867919922,0.13,0.19999999999999998,100,100,1,1,200
63,0.4038,0.0338,0.8200000000000001,0.54,15.39131784439087,0.37,0.27999999999999997,100,100,16,1,200
64,0.0748,0.024800000000000003,0.55,0.20999999999999985,16.063179969787598,0.05,0.7599999999999999,100,100,4,1,200
65,0.2306,0.02059999999999998,0.25,0.2699999999999999,11.698037385940552,0.21000000000000002,0.5199999999999999,100,100,1,1,200
66,0.44470000000000004,0.03470000000000001,0.07,0.53,12.469608306884766,0.41000000000000003,0.6,100,100,8,1,200
67,0.0313,0.0213,0.07,0.69,15.99415135383606,0.01,0.7599999999999999,100,100,8,1,200
68,0.4932,0.2032,0.97,0.85,25.674858808517456,0.29000000000000004,0.12,100,100,16,1,200
69,0.2046,0.005400000000000016,0.53,0.09000000000000014,25.56750202178955,0.21000000000000002,0.4399999999999999,100,100,8,1,200
70,0.1595,0.0295,0.23,0.5299999999999999,18.413098096847534,0.13,0.7599999999999999,100,100,1,1,200
71,0.0925,0.07750000000000001,0.01,0.3499999999999999,17.03358244895935,0.17,0.35999999999999993,100,100,1,1,200
72,0.4883,0.0383,0.35000000000000003,0.3299999999999999,13.522843599319458,0.45,0.6799999999999999,100,100,1,1,200
73,0.075,0.015,0.16,0.6799999999999998,19.85415244102478,0.09,0.8399999999999999,100,100,4,1,200
74,0.16090000000000002,0.03090000000000001,0.34,0.17999999999999988,20.663713932037354,0.13,0.5199999999999999,100,100,8,1,200
75,0.0122,0.0022000000000000006,0.26,0.060000000000000026,22.013548612594604,0.01,0.19999999999999998,100,100,8,1,200
76,0.4993,0.04930000000000001,0.88,0.3600000000000001,21.072563409805298,0.45,0.5199999999999999,100,100,4,1,200
77,0.0213,0.0113,0.5,0.46,21.61591148376465,0.01,0.04,100,100,8,1,200
78,0.4752,0.0252,0.38,0.5399999999999999,14.170912027359009,0.45,0.9199999999999999,100,100,1,1,200
79,0.07970000000000001,0.01029999999999999,0.91,0.7100000000000001,20.156349182128906,0.09,0.19999999999999998,100,100,8,1,200
80,0.0047,0.0053,0.81,0.029999999999999805,22.794464111328125,0.01,0.8399999999999999,100,100,16,1,200
81,0.2273,0.017299999999999982,0.93,0.2500000000000001,19.98261308670044,0.21000000000000002,0.6799999999999999,100,100,8,1,200
82,0.33190000000000003,0.0781,0.4,0.43999999999999984,21.89124345779419,0.41000000000000003,0.8399999999999999,100,100,16,1,200
83,0.047900000000000005,0.04209999999999999,0.21,0.010000000000000009,20.706575870513916,0.09,0.19999999999999998,100,100,8,1,200
84,0.16570000000000001,0.11570000000000001,0.7000000000000001,0.10000000000000009,19.554155349731445,0.05,0.6,100,100,8,1,200
85,0.1043,0.014300000000000007,0.6900000000000001,0.09000000000000008,19.536536693572998,0.09,0.6,100,100,4,1,200
86,0.3846,0.025400000000000034,0.8300000000000001,0.7100000000000001,20.581811904907227,0.41000000000000003,0.12,100,100,8,1,200
87,0.09770000000000001,0.007700000000000012,0.16,0.19999999999999993,19.382256507873535,0.09,0.35999999999999993,100,100,4,1,200
88,0.1327,0.002700000000000008,0.16,0.2799999999999999,23.036346912384033,0.13,0.4399999999999999,100,100,8,1,200
89,0.2827,0.007300000000000029,0.63,0.04999999999999993,23.30359435081482,0.29000000000000004,0.6799999999999999,100,100,16,1,200
90,0.1991,0.01090000000000002,0.5700000000000001,0.2900000000000001,22.82285714149475,0.21000000000000002,0.27999999999999997,100,100,4,1,200
91,0.2257,0.06430000000000002,0.56,0.19999999999999984,22.87018060684204,0.29000000000000004,0.7599999999999999,100,100,16,1,200
92,0.42710000000000004,0.017100000000000004,0.44,0.32,20.552581787109375,0.41000000000000003,0.12,100,100,4,1,200
93,0.35350000000000004,0.02350000000000002,0.35000000000000003,0.3299999999999999,15.013792037963867,0.33,0.6799999999999999,100,100,4,1,200
94,0.2036,0.0464,0.62,0.05999999999999994,15.874102354049683,0.25,0.6799999999999999,100,100,16,1,200
95,0.4728,0.022799999999999987,0.88,0.039999999999999925,16.72196125984192,0.45,0.9199999999999999,100,100,16,1,200
96,0.3981,0.028100000000000014,0.27,0.16999999999999987,14.503481149673462,0.37,0.4399999999999999,100,100,16,1,200
97,0.22820000000000001,0.021799999999999986,0.72,0.44,16.890648365020752,0.25,0.27999999999999997,100,100,8,1,200
98,0.3396,0.030399999999999983,0.12,0.0,15.80314040184021,0.37,0.12,100,100,8,1,200
99,0.0043,0.0057,0.09,0.2699999999999999,12.932827472686768,0.01,0.35999999999999993,100,100,1,1,200
100,0.2421,0.00789999999999999,0.33,0.26999999999999996,12.330577611923218,0.25,0.6,100,100,1,1,200
101,0.06720000000000001,0.017200000000000007,0.44,0.3199999999999999,14.187678337097168,0.05,0.7599999999999999,100,100,8,1,200
102,0.1646,0.045400000000000024,0.89,0.029999999999999916,12.87268877029419,0.21000000000000002,0.9199999999999999,100,100,4,1,200
103,0.40090000000000003,0.03090000000000004,0.98,0.86,12.050963401794434,0.37,0.12,100,100,8,1,200
104,0.4239,0.013899999999999968,0.17,0.5099999999999999,12.627110242843628,0.41000000000000003,0.6799999999999999,100,100,16,1,200
105,0.21660000000000001,0.006599999999999995,0.79,0.04999999999999982,16.32826519012451,0.21000000000000002,0.8399999999999999,100,100,4,1,200
106,0.0441,0.045899999999999996,0.53,0.41000000000000003,14.095637559890747,0.09,0.12,100,100,16,1,200
107,0.2525,0.07750000000000001,0.59,0.010000000000000009,15.599403142929077,0.33,0.6,100,100,8,1,200
108,0.1666,0.036599999999999994,0.74,0.46,12.359802007675171,0.13,0.27999999999999997,100,100,16,1,200
109,0.20550000000000002,0.004500000000000004,0.21,0.71,12.609239101409912,0.21000000000000002,0.9199999999999999,100,100,4,1,200
110,0.45930000000000004,0.04930000000000001,0.36,0.5599999999999999,12.11562991142273,0.41000000000000003,0.9199999999999999,100,100,1,1,200
111,0.4428,0.032799999999999996,0.06,0.3799999999999999,10.732797384262085,0.41000000000000003,0.4399999999999999,100,100,1,1,200
112,0.2801,0.00990000000000002,0.23,0.69,9.426957130432129,0.29000000000000004,0.9199999999999999,100,100,1,1,200
113,0.005,0.005,0.72,0.040000000000000036,13.475329399108887,0.01,0.6799999999999999,100,100,16,1,200
114,0.22970000000000002,0.019699999999999995,0.9400000000000001,0.5000000000000002,16.030134916305542,0.21000000000000002,0.4399999999999999,100,100,4,1,200
115,0.42110000000000003,0.051100000000000034,0.77,0.17000000000000004,9.497838258743286,0.37,0.6,100,100,1,1,200
116,0.08990000000000001,9.999999999998899e-05,0.04,0.3999999999999999,8.56123661994934,0.09,0.4399999999999999,100,100,1,1,200
117,0.042300000000000004,0.0877,0.29,0.09,8.356332778930664,0.13,0.19999999999999998,100,100,1,1,200
118,0.2586,0.07140000000000002,0.16,0.03999999999999998,14.375576257705688,0.33,0.19999999999999998,100,100,4,1,200
119,0.2773,0.012700000000000045,0.81,0.4500000000000001,11.960806608200073,0.29000000000000004,0.35999999999999993,100,100,16,1,200
120,0.41290000000000004,0.0029000000000000137,0.86,0.18000000000000005,10.685153245925903,0.41000000000000003,0.6799999999999999,100,100,1,1,200
121,0.4516,0.0015999999999999903,0.27,0.009999999999999953,12.152743577957153,0.45,0.27999999999999997,100,100,8,1,200
122,0.42410000000000003,0.02589999999999998,0.51,0.31000000000000005,14.768646001815796,0.45,0.19999999999999998,100,100,16,1,200
123,0.2506,0.039400000000000046,0.47000000000000003,0.27,15.23799180984497,0.29000000000000004,0.19999999999999998,100,100,4,1,200
124,0.07740000000000001,0.012599999999999986,0.91,0.15000000000000013,9.140724182128906,0.09,0.7599999999999999,100,100,1,1,200
125,0.1067,0.016700000000000007,0.59,0.2499999999999999,10.84795331954956,0.09,0.8399999999999999,100,100,1,1,200
126,0.4582,0.0882,0.22,0.29999999999999993,13.73929762840271,0.37,0.5199999999999999,100,100,4,1,200
127,0.4329,0.022899999999999976,0.49,0.0500000000000001,13.43830680847168,0.41000000000000003,0.4399999999999999,100,100,4,1,200
128,0.34190000000000004,0.02809999999999996,0.38,0.21999999999999997,18.412407159805298,0.37,0.6,100,100,4,1,200
129,0.0385,0.011500000000000003,0.55,0.11000000000000015,20.843475341796875,0.05,0.4399999999999999,100,100,16,1,200
130,0.2737,0.016300000000000037,0.4,0.04000000000000009,16.16201162338257,0.29000000000000004,0.35999999999999993,100,100,8,1,200
131,0.0089,0.0011000000000000003,0.8,0.28000000000000014,12.449624061584473,0.01,0.5199999999999999,100,100,4,1,200
132,0.43870000000000003,0.06870000000000004,0.1,0.09999999999999998,13.273766040802002,0.37,0.19999999999999998,100,100,8,1,200
133,0.396,0.05399999999999999,0.77,0.73,24.462814807891846,0.45,0.04,100,100,4,1,200
134,0.2107,0.0006999999999999784,0.99,0.6300000000000001,24.830731868743896,0.21000000000000002,0.35999999999999993,100,100,4,1,200
135,0.23720000000000002,0.06720000000000001,0.73,0.21000000000000008,17.310569047927856,0.17,0.5199999999999999,100,100,1,1,200
136,0.2011,0.008900000000000019,0.41000000000000003,0.0500000000000001,16.416249990463257,0.21000000000000002,0.35999999999999993,100,100,1,1,200
137,0.2686,0.02140000000000003,0.93,0.41000000000000014,22.905844926834106,0.29000000000000004,0.5199999999999999,100,100,4,1,200
138,0.11560000000000001,0.014399999999999996,0.25,0.5099999999999999,16.922576427459717,0.13,0.7599999999999999,100,100,8,1,200
139,0.1255,0.004500000000000004,0.17,0.42999999999999994,21.75740694999695,0.13,0.6,100,100,4,1,200
140,0.2949,0.044899999999999995,0.96,0.040000000000000036,22.41965365409851,0.25,0.9199999999999999,100,100,4,1,200
141,0.30760000000000004,0.062399999999999956,0.06,0.7,25.489598274230957,0.37,0.7599999999999999,100,100,4,1,200
142,0.3647,0.005299999999999971,0.87,0.19000000000000006,25.56405282020569,0.37,0.6799999999999999,100,100,4,1,200
143,0.0217,0.028300000000000002,0.59,0.15000000000000008,21.49833917617798,0.05,0.4399999999999999,100,100,4,1,200
144,0.1709,0.0008999999999999841,0.66,0.62,27.10195541381836,0.17,0.04,100,100,8,1,200
145,0.0177,0.0323,0.59,0.16999999999999993,15.606597423553467,0.05,0.7599999999999999,100,100,1,1,200
146,0.46430000000000005,0.014300000000000035,0.59,0.47,26.99343514442444,0.45,0.12,100,100,4,1,200
147,0.1019,0.011900000000000008,0.3,0.5399999999999998,23.2668035030365,0.09,0.8399999999999999,100,100,16,1,200
148,0.36010000000000003,0.0499,0.36,0.24,21.499536275863647,0.41000000000000003,0.12,100,100,8,1,200
149,0.024,0.014,0.16,0.2799999999999999,18.726553201675415,0.01,0.4399999999999999,100,100,16,1,200
150,0.44010000000000005,0.009899999999999964,0.47000000000000003,0.030000000000000138,16.323434114456177,0.45,0.4399999999999999,100,100,8,1,200
151,0.1963,0.0663,0.44,0.0799999999999999,19.141520261764526,0.13,0.5199999999999999,100,100,4,1,200
152,0.2736,0.016400000000000026,0.67,0.08999999999999986,17.156558513641357,0.29000000000000004,0.7599999999999999,100,100,8,1,200
153,0.1988,0.051199999999999996,0.17,0.5899999999999999,20.06023907661438,0.25,0.7599999999999999,100,100,8,1,200
154,0.0981,0.00810000000000001,0.01,0.5099999999999999,21.743683099746704,0.09,0.5199999999999999,100,100,4,1,200
155,0.16720000000000002,0.03720000000000001,0.49,0.2699999999999999,22.638864755630493,0.13,0.7599999999999999,100,100,4,1,200
156,0.33030000000000004,0.00030000000000002247,0.58,0.020000000000000018,17.554439306259155,0.33,0.6,100,100,1,1,200
157,0.12200000000000001,0.007999999999999993,0.11,0.24999999999999994,23.245190858840942,0.13,0.35999999999999993,100,100,4,1,200
158,0.2773,0.012700000000000045,0.79,0.030000000000000138,20.99953556060791,0.29000000000000004,0.7599999999999999,100,100,8,1,200
159,0.22080000000000002,0.029199999999999976,0.11,0.07,11.73758316040039,0.25,0.04,100,100,1,1,200
160,0.3503,0.019699999999999995,0.28,0.24000000000000002,19.615179777145386,0.37,0.04,100,100,8,1,200
161,0.447,0.07700000000000001,0.15,0.10999999999999999,14.113428115844727,0.37,0.04,100,100,1,1,200
162,0.2982,0.008199999999999985,0.56,0.11999999999999988,21.762845754623413,0.29000000000000004,0.6799999999999999,100,100,16,1,200
163,0.1741,0.035900000000000015,0.37,0.17,16.38142442703247,0.21000000000000002,0.19999999999999998,100,100,1,1,200
164,0.2786,0.0686,0.6,0.1600000000000001,22.701918840408325,0.21000000000000002,0.4399999999999999,100,100,4,1,200
165,0.1345,0.035500000000000004,0.67,0.009999999999999898,19.84006404876709,0.17,0.6799999999999999,100,100,8,1,200
166,0.0448,0.0452,0.6900000000000001,0.01000000000000012,19.935364723205566,0.09,0.6799999999999999,100,100,4,1,200
167,0.0936,0.003600000000000006,0.58,0.14000000000000007,21.404879570007324,0.09,0.4399999999999999,100,100,8,1,200
168,0.26030000000000003,0.010300000000000031,0.48,0.12000000000000005,19.54903531074524,0.25,0.35999999999999993,100,100,8,1,200
169,0.040400000000000005,0.030400000000000003,0.28,0.16000000000000003,21.12949562072754,0.01,0.12,100,100,8,1,200
170,0.28040000000000004,0.009599999999999997,0.51,0.07000000000000012,20.67914867401123,0.29000000000000004,0.4399999999999999,100,100,8,1,200
171,0.2685,0.018500000000000016,0.99,0.4700000000000001,21.967794179916382,0.25,0.5199999999999999,100,100,8,1,200
172,0.027200000000000002,0.0628,0.8,0.4400000000000001,14.572818756103516,0.09,0.35999999999999993,100,100,1,1,200
173,0.1403,0.029700000000000004,0.55,0.51,20.174563884735107,0.17,0.04,100,100,16,1,200
174,0.058300000000000005,0.008300000000000002,0.8200000000000001,0.7000000000000001,23.89276909828186,0.05,0.12,100,100,4,1,200
175,0.4867,0.07669999999999999,0.3,0.05999999999999994,25.114380359649658,0.41000000000000003,0.35999999999999993,100,100,8,1,200
176,0.08,0.009999999999999995,0.54,0.05999999999999994,13.650414943695068,0.09,0.6,100,100,1,1,200
177,0.43220000000000003,0.06220000000000003,0.54,0.02000000000000013,18.48726987838745,0.37,0.5199999999999999,100,100,8,1,200
178,0.32630000000000003,0.07630000000000003,0.4,0.5199999999999999,19.478474617004395,0.25,0.9199999999999999,100,100,4,1,200
179,0.4257,0.05570000000000003,0.71,0.20999999999999996,18.290316820144653,0.37,0.9199999999999999,100,100,4,1,200
180,0.17830000000000001,0.008300000000000002,0.5700000000000001,0.10999999999999988,20.68411135673523,0.17,0.6799999999999999,100,100,16,1,200
181,0.17170000000000002,0.07829999999999998,0.37,0.010000000000000064,15.546757459640503,0.25,0.35999999999999993,100,100,1,1,200
182,0.2099,0.0799,0.67,0.4700000000000001,18.705731630325317,0.13,0.19999999999999998,100,100,8,1,200
183,0.0835,0.0335,0.89,0.6900000000000001,22.827500104904175,0.05,0.19999999999999998,100,100,8,1,200
184,0.27540000000000003,0.014600000000000002,0.0,0.8399999999999999,19.568719148635864,0.29000000000000004,0.8399999999999999,100,100,1,1,200
185,0.037200000000000004,0.027200000000000002,0.3,0.1,21.47644829750061,0.01,0.19999999999999998,100,100,16,1,200
186,0.4509,0.04089999999999999,0.05,0.6299999999999999,15.083647966384888,0.41000000000000003,0.6799999999999999,100,100,1,1,200
187,0.0077,0.0023,0.44,0.23999999999999994,12.048510313034058,0.01,0.6799999999999999,100,100,1,1,200
188,0.0165,0.006500000000000001,0.06,0.21999999999999997,19.696161031723022,0.01,0.27999999999999997,100,100,4,1,200
189,0.1749,0.044899999999999995,0.31,0.36999999999999994,17.492157697677612,0.13,0.6799999999999999,100,100,4,1,200
190,0.0025,0.0075,0.26,0.22,14.181708097457886,0.01,0.04,100,100,1,1,200
191,0.0332,0.0232,0.89,0.53,20.972578287124634,0.01,0.35999999999999993,100,100,16,1,200
192,0.24080000000000001,0.030799999999999994,0.6,0.1600000000000001,21.303398370742798,0.21000000000000002,0.4399999999999999,100,100,16,1,200
193,0.273,0.017000000000000015,0.6,0.1600000000000001,20.91252112388611,0.29000000000000004,0.4399999999999999,100,100,16,1,200
194,0.21230000000000002,0.042300000000000004,0.42,0.3399999999999999,14.375132322311401,0.17,0.7599999999999999,100,100,1,1,200
195,0.0538,0.003799999999999998,0.41000000000000003,0.02999999999999986,14.91713261604309,0.05,0.4399999999999999,100,100,1,1,200
196,0.1293,0.0393,0.15,0.3699999999999999,20.8934109210968,0.09,0.5199999999999999,100,100,4,1,200
197,0.06470000000000001,0.02529999999999999,0.87,0.5900000000000001,24.297621488571167,0.09,0.27999999999999997,100,100,16,1,200
198,0.46480000000000005,0.054800000000000015,0.23,0.20999999999999988,25.031400203704834,0.41000000000000003,0.4399999999999999,100,100,16,1,200
199,0.2657,0.06430000000000002,0.39,0.04999999999999988,16.33732318878174,0.33,0.4399999999999999,100,100,1,1,200
200,0.1986,0.028599999999999987,0.88,0.28,18.697530031204224,0.17,0.6,100,100,16,1,200
201,0.329,0.08100000000000002,0.46,0.13999999999999996,11.488911390304565,0.41000000000000003,0.6,100,100,1,1,200
202,0.3049,0.014899999999999969,0.41000000000000003,0.21000000000000005,22.37129855155945,0.29000000000000004,0.19999999999999998,100,100,8,1,200
203,0.35750000000000004,0.012499999999999956,0.54,0.3400000000000001,22.032957315444946,0.37,0.19999999999999998,100,100,16,1,200
204,0.4093,0.0007000000000000339,0.2,0.4799999999999999,21.374160766601562,0.41000000000000003,0.6799999999999999,100,100,8,1,200
205,0.42150000000000004,0.02849999999999997,0.51,0.08999999999999997,22.724265336990356,0.45,0.6,100,100,4,1,200
206,0.1331,0.036900000000000016,0.96,0.20000000000000007,14.79567575454712,0.17,0.7599999999999999,100,100,1,1,200
207,0.45330000000000004,0.003300000000000025,0.25,0.42999999999999994,21.416107177734375,0.45,0.6799999999999999,100,100,16,1,200
208,0.47300000000000003,0.02300000000000002,0.21,0.30999999999999994,18.393784046173096,0.45,0.5199999999999999,100,100,8,1,200
209,0.4661,0.016100000000000003,0.04,0.31999999999999995,16.351444244384766,0.45,0.35999999999999993,100,100,1,1,200
210,0.3043,0.10570000000000002,0.71,0.6699999999999999,23.359009265899658,0.41000000000000003,0.04,100,100,8,1,200
211,0.3849,0.06509999999999999,0.74,0.62,22.022531747817993,0.45,0.12,100,100,4,1,200
212,0.2409,0.009099999999999997,0.1,0.33999999999999986,17.502302408218384,0.25,0.4399999999999999,100,100,16,1,200
213,0.308,0.09799999999999998,0.97,0.53,18.231133460998535,0.21000000000000002,0.4399999999999999,100,100,16,1,200
214,0.3387,0.031299999999999994,0.48,0.3599999999999999,19.33833336830139,0.37,0.8399999999999999,100,100,8,1,200
215,0.38470000000000004,0.014700000000000046,0.28,0.47999999999999987,22.52961301803589,0.37,0.7599999999999999,100,100,16,1,200
216,0.47040000000000004,0.06040000000000001,0.41000000000000003,0.18999999999999995,15.442816972732544,0.41000000000000003,0.6,100,100,1,1,200
217,0.3144,0.024399999999999977,0.29,0.22999999999999993,18.19780421257019,0.29000000000000004,0.5199999999999999,100,100,8,1,200
218,0.0874,0.0374,0.75,0.3100000000000001,19.54938507080078,0.05,0.4399999999999999,100,100,16,1,200
219,0.38580000000000003,0.015800000000000036,0.64,0.36000000000000004,14.23397946357727,0.37,0.27999999999999997,100,100,1,1,200
220,0.33280000000000004,0.07719999999999999,0.58,0.17999999999999994,21.16519260406494,0.41000000000000003,0.7599999999999999,100,100,8,1,200
221,0.38530000000000003,0.0247,0.53,0.25000000000000006,14.985360860824585,0.41000000000000003,0.27999999999999997,100,100,1,1,200
222,0.3019,0.0519,0.08,0.19999999999999996,20.21624994277954,0.25,0.27999999999999997,100,100,4,1,200
223,0.4423,0.007699999999999985,0.6900000000000001,0.4100000000000001,17.903966903686523,0.45,0.27999999999999997,100,100,4,1,200
224,0.2132,0.0832,0.71,0.030000000000000027,18.592101573944092,0.13,0.6799999999999999,100,100,8,1,200
225,0.3234,0.006599999999999995,0.87,0.5900000000000001,20.872411012649536,0.33,0.27999999999999997,100,100,4,1,200
226,0.3937,0.10369999999999996,0.88,0.28,21.367155075073242,0.29000000000000004,0.6,100,100,8,1,200
227,0.17120000000000002,0.0012000000000000066,0.19,0.16999999999999993,17.456793308258057,0.17,0.35999999999999993,100,100,4,1,200
228,0.3912,0.021199999999999997,0.2,0.39999999999999997,20.275242805480957,0.37,0.6,100,100,16,1,200
229,0.4581,0.048099999999999976,0.28,0.3999999999999999,14.069907903671265,0.41000000000000003,0.6799999999999999,100,100,1,1,200
230,0.32130000000000003,0.008699999999999986,0.87,0.27,16.299026012420654,0.33,0.6,100,100,1,1,200
231,0.029500000000000002,0.0205,0.92,0.88,19.346369743347168,0.05,0.04,100,100,4,1,200
232,0.4591,0.009099999999999997,0.5,0.30000000000000004,23.380632162094116,0.45,0.19999999999999998,100,100,8,1,200
233,0.4218,0.011799999999999977,0.29,0.22999999999999993,17.99698543548584,0.41000000000000003,0.5199999999999999,100,100,16,1,200
234,0.1464,0.056400000000000006,0.1,0.82,20.215214252471924,0.09,0.9199999999999999,100,100,8,1,200
235,0.37270000000000003,0.0373,0.3,0.4599999999999999,18.554659128189087,0.41000000000000003,0.7599999999999999,100,100,16,1,200
236,0.1587,0.028700000000000003,0.15,0.7699999999999999,17.358736276626587,0.13,0.9199999999999999,100,100,8,1,200
237,0.2043,0.005700000000000011,0.51,0.31000000000000005,18.435003519058228,0.21000000000000002,0.19999999999999998,100,100,16,1,200
238,0.3371,0.07290000000000002,0.06,0.06,11.613264560699463,0.41000000000000003,0.12,100,100,1,1,200
239,0.0959,0.0059000000000000025,0.16,0.5199999999999999,16.607341289520264,0.09,0.6799999999999999,100,100,4,1,200
240,0.44160000000000005,0.07160000000000005,0.81,0.4500000000000001,11.18637466430664,0.37,0.35999999999999993,100,100,4,1,200
241,0.2827,0.03270000000000001,0.62,0.58,7.863242864608765,0.25,0.04,100,100,1,1,200
242,0.2904,0.039600000000000024,0.71,0.51,11.254471063613892,0.33,0.19999999999999998,100,100,4,1,200
243,0.2914,0.0013999999999999568,0.32,0.11999999999999988,16.271600246429443,0.29000000000000004,0.4399999999999999,100,100,16,1,200
244,0.3078,0.06219999999999998,0.3,0.26,9.926345586776733,0.37,0.04,100,100,1,1,200
245,0.328,0.0020000000000000018,0.21,0.010000000000000009,12.99858808517456,0.33,0.19999999999999998,100,100,4,1,200
246,0.24880000000000002,0.0388,0.8300000000000001,0.15000000000000013,11.630375146865845,0.21000000000000002,0.6799999999999999,100,100,4,1,200
247,0.31820000000000004,0.13179999999999997,0.74,0.17999999999999994,13.175301790237427,0.45,0.9199999999999999,100,100,16,1,200
248,0.3775,0.007500000000000007,0.45,0.22999999999999993,15.615444898605347,0.37,0.6799999999999999,100,100,8,1,200
249,0.3038,0.1338,0.9500000000000001,0.7500000000000001,12.889266967773438,0.17,0.19999999999999998,100,100,16,1,200
250,0.3462,0.09620000000000001,0.73,0.050000000000000044,7.913820743560791,0.25,0.6799999999999999,100,100,1,1,200
251,0.0308,0.019200000000000002,0.43,0.009999999999999898,13.468177318572998,0.05,0.4399999999999999,100,100,16,1,200
252,0.4858,0.07579999999999998,0.12,0.07999999999999999,10.75517463684082,0.41000000000000003,0.04,100,100,1,1,200
253,0.1683,0.12170000000000003,0.22,0.13999999999999993,13.493741512298584,0.29000000000000004,0.35999999999999993,100,100,8,1,200
254,0.2974,0.08739999999999998,0.59,0.07000000000000006,12.078144550323486,0.21000000000000002,0.5199999999999999,100,100,8,1,200
255,0.1661,0.03609999999999999,0.23,0.030000000000000027,8.664629220962524,0.13,0.19999999999999998,100,100,1,1,200
256,0.1557,0.0257,0.17,0.18999999999999992,9.219054698944092,0.13,0.35999999999999993,100,100,1,1,200
257,0.011000000000000001,0.0010000000000000009,0.97,0.13000000000000012,12.237024784088135,0.01,0.8399999999999999,100,100,8,1,200
258,0.0098,0.00020000000000000052,0.98,0.14000000000000012,9.829809665679932,0.01,0.8399999999999999,100,100,1,1,200
259,0.4897,0.0797,0.33,0.10999999999999988,14.740628719329834,0.41000000000000003,0.4399999999999999,100,100,8,1,200
260,0.0794,0.029399999999999996,0.87,0.4300000000000001,13.70230770111084,0.05,0.4399999999999999,100,100,4,1,200
261,0.0009000000000000001,0.0091,0.78,0.18000000000000005,11.48880124092102,0.01,0.6,100,100,4,1,200
262,0.20020000000000002,0.07020000000000001,0.67,0.3100000000000001,13.68459153175354,0.13,0.35999999999999993,100,100,8,1,200
263,0.1193,0.029300000000000007,0.53,0.41000000000000003,11.609265804290771,0.09,0.12,100,100,16,1,200
264,0.3537,0.05630000000000002,0.62,0.5,11.687770366668701,0.41000000000000003,0.12,100,100,16,1,200
265,0.3194,0.02939999999999998,0.49,0.21000000000000002,13.601112842559814,0.29000000000000004,0.27999999999999997,100,100,4,1,200
266,0.0402,0.009800000000000003,0.23,0.5299999999999999,8.081070184707642,0.05,0.7599999999999999,100,100,1,1,200
267,0.048,0.0020000000000000018,0.9500000000000001,0.5900000000000001,12.274975061416626,0.05,0.35999999999999993,100,100,4,1,200
268,0.12090000000000001,0.03090000000000001,0.34,0.3399999999999999,12.47136116027832,0.09,0.6799999999999999,100,100,16,1,200
269,0.2756,0.014400000000000024,0.28,0.0799999999999999,12.932286024093628,0.29000000000000004,0.35999999999999993,100,100,4,1,200
270,0.0369,0.0131,0.38,0.29999999999999993,12.621508359909058,0.05,0.6799999999999999,100,100,8,1,200
271,0.0171,0.0071,0.36,0.15999999999999992,8.308435678482056,0.01,0.5199999999999999,100,100,1,1,200
272,0.21300000000000002,0.04300000000000001,0.18,0.09999999999999998,7.570068359375,0.17,0.27999999999999997,100,100,1,1,200
273,0.44730000000000003,0.0373,0.63,0.030000000000000027,8.382494449615479,0.41000000000000003,0.6,100,100,1,1,200
274,0.4686,0.09860000000000002,0.09,0.18999999999999997,9.469745874404907,0.37,0.27999999999999997,100,100,1,1,200
275,0.1315,0.0015000000000000013,0.01,0.7499999999999999,12.59317922592163,0.13,0.7599999999999999,100,100,4,1,200
276,0.25880000000000003,0.031200000000000006,0.44,0.4,11.242537021636963,0.29000000000000004,0.04,100,100,4,1,200
277,0.4057,0.004300000000000026,0.6,0.32,16.336283922195435,0.41000000000000003,0.27999999999999997,100,100,16,1,200
278,0.37420000000000003,0.0358,0.88,0.84,12.234119892120361,0.41000000000000003,0.04,100,100,16,1,200
279,0.061200000000000004,0.011200000000000002,0.46,0.05999999999999989,12.17589282989502,0.05,0.5199999999999999,100,100,4,1,200
280,0.1046,0.014600000000000002,0.03,0.8099999999999998,14.610759735107422,0.09,0.8399999999999999,100,100,4,1,200
281,0.45570000000000005,0.04570000000000002,0.16,0.5999999999999999,9.039106607437134,0.41000000000000003,0.7599999999999999,100,100,1,1,200
282,0.4413,0.07130000000000003,0.59,0.15000000000000008,8.094606876373291,0.37,0.4399999999999999,100,100,1,1,200
283,0.16690000000000002,0.08309999999999998,0.39,0.35000000000000003,8.128713369369507,0.25,0.04,100,100,1,1,200
284,0.22310000000000002,0.05310000000000001,0.8,0.11999999999999988,12.969178438186646,0.17,0.9199999999999999,100,100,4,1,200
285,0.4529,0.08290000000000003,0.9400000000000001,0.18000000000000016,13.116769075393677,0.37,0.7599999999999999,100,100,16,1,200
286,0.0244,0.014400000000000001,0.24,0.5999999999999999,12.387147426605225,0.01,0.8399999999999999,100,100,4,1,200
287,0.0546,0.0046,0.26,0.09999999999999992,11.857560157775879,0.05,0.35999999999999993,100,100,16,1,200
288,0.13720000000000002,0.04720000000000002,0.04,0.23999999999999996,7.812509059906006,0.09,0.27999999999999997,100,100,1,1,200
289,0.1008,0.010800000000000004,0.16,0.5999999999999999,12.24923825263977,0.09,0.7599999999999999,100,100,4,1,200
290,0.0165,0.006500000000000001,0.19,0.41,12.227700233459473,0.01,0.6,100,100,4,1,200
291,0.2595,0.11049999999999999,0.25,0.10999999999999993,10.456501722335815,0.37,0.35999999999999993,100,100,1,1,200
292,0.36000000000000004,0.030000000000000027,0.41000000000000003,0.0500000000000001,11.006917238235474,0.33,0.35999999999999993,100,100,16,1,200
293,0.06380000000000001,0.0662,0.42,0.14,8.025075435638428,0.13,0.27999999999999997,100,100,1,1,200
294,0.1018,0.011800000000000005,0.97,0.77,11.452231884002686,0.09,0.19999999999999998,100,100,8,1,200
295,0.4272,0.05720000000000003,0.77,0.65,12.636751413345337,0.37,0.12,100,100,8,1,200
296,0.2379,0.052100000000000035,0.88,0.1200000000000001,11.810937404632568,0.29000000000000004,0.7599999999999999,100,100,16,1,200
297,0.0932,0.0032000000000000084,0.77,0.01000000000000012,8.58447003364563,0.09,0.7599999999999999,100,100,1,1,200
298,0.3718,0.041800000000000004,0.29,0.1499999999999999,13.85546612739563,0.33,0.4399999999999999,100,100,16,1,200
299,0.3378,0.047799999999999954,0.72,0.040000000000000036,11.964663743972778,0.29000000000000004,0.6799999999999999,100,100,8,1,200
300,0.32120000000000004,0.048799999999999955,0.75,0.55,9.542923927307129,0.37,0.19999999999999998,100,100,1,1,200
301,0.1857,0.024300000000000016,0.97,0.69,12.144701480865479,0.21000000000000002,0.27999999999999997,100,100,16,1,200
302,0.48190000000000005,0.03190000000000004,0.49,0.13000000000000006,15.603832483291626,0.45,0.35999999999999993,100,100,16,1,200
303,0.0523,0.0022999999999999965,0.88,0.68,14.601611852645874,0.05,0.19999999999999998,100,100,16,1,200
304,0.0313,0.0213,0.16,0.5999999999999999,13.270259380340576,0.01,0.7599999999999999,100,100,4,1,200
305,0.0135,0.0034999999999999996,0.09,0.18999999999999997,7.9015491008758545,0.01,0.27999999999999997,100,100,1,1,200
306,0.4249,0.02510000000000001,0.44,0.23999999999999994,8.27181625366211,0.45,0.6799999999999999,100,100,1,1,200
307,0.008400000000000001,0.001599999999999999,0.51,0.15000000000000008,12.12291145324707,0.01,0.35999999999999993,100,100,4,1,200
308,0.2969,0.03310000000000002,0.58,0.14000000000000007,11.072611808776855,0.33,0.4399999999999999,100,100,16,1,200
309,0.2597,0.03030000000000005,0.78,0.05999999999999983,11.205652475357056,0.29000000000000004,0.8399999999999999,100,100,4,1,200
310,0.26780000000000004,0.017800000000000038,0.07,0.7699999999999998,11.703839540481567,0.25,0.8399999999999999,100,100,16,1,200
311,0.1446,0.05460000000000001,0.37,0.46999999999999986,15.111037969589233,0.09,0.8399999999999999,100,100,8,1,200
312,0.276,0.026000000000000023,0.93,0.41000000000000014,13.918460369110107,0.25,0.5199999999999999,100,100,8,1,200
313,0.4123,0.0022999999999999687,0.44,0.4799999999999999,13.62262511253357,0.41000000000000003,0.9199999999999999,100,100,4,1,200
314,0.22410000000000002,0.02589999999999998,0.1,0.5,15.689955472946167,0.25,0.6,100,100,4,1,200
315,0.1043,0.014300000000000007,0.21,0.6299999999999999,12.974395036697388,0.09,0.8399999999999999,100,100,8,1,200
316,0.37460000000000004,0.04460000000000003,0.06,0.019999999999999997,12.407310724258423,0.33,0.04,100,100,16,1,200
317,0.45430000000000004,0.08430000000000004,0.14,0.2999999999999999,11.32010269165039,0.37,0.4399999999999999,100,100,1,1,200
318,0.3723,0.0023000000000000242,0.7000000000000001,0.10000000000000009,14.883384466171265,0.37,0.6,100,100,4,1,200
319,0.21660000000000001,0.033399999999999985,0.79,0.1299999999999999,9.731743335723877,0.25,0.9199999999999999,100,100,1,1,200
320,0.0516,0.0384,0.01,0.26999999999999996,8.574632406234741,0.09,0.27999999999999997,100,100,1,1,200
321,0.3388,0.008799999999999975,0.31,0.030000000000000027,12.38042688369751,0.33,0.27999999999999997,100,100,4,1,200
322,0.2717,0.021699999999999997,0.91,0.79,10.753570079803467,0.25,0.12,100,100,16,1,200
323,0.3643,0.0343,0.9500000000000001,0.6700000000000002,13.110407590866089,0.33,0.27999999999999997,100,100,4,1,200
324,0.23120000000000002,0.021199999999999997,0.81,0.10999999999999988,15.237491369247437,0.21000000000000002,0.9199999999999999,100,100,8,1,200
325,0.1633,0.0067000000000000115,0.97,0.85,11.95453929901123,0.17,0.12,100,100,8,1,200
326,0.4247,0.054700000000000026,0.91,0.07000000000000017,13.717289209365845,0.37,0.8399999999999999,100,100,16,1,200
327,0.3588,0.0912,0.3,0.26,14.483889102935791,0.45,0.04,100,100,8,1,200
328,0.21250000000000002,0.0025000000000000022,0.38,0.34,14.896064758300781,0.21000000000000002,0.04,100,100,4,1,200
329,0.0684,0.021599999999999994,0.92,0.08000000000000018,12.715519189834595,0.09,0.8399999999999999,100,100,16,1,200
330,0.0714,0.021400000000000002,0.67,0.2499999999999999,10.803048372268677,0.05,0.9199999999999999,100,100,1,1,200
331,0.0327,0.017300000000000003,0.8,0.039999999999999813,13.043635129928589,0.05,0.8399999999999999,100,100,4,1,200
332,0.3864,0.02360000000000001,0.81,0.029999999999999805,13.890393495559692,0.41000000000000003,0.8399999999999999,100,100,16,1,200
333,0.3221,0.0479,0.33,0.13000000000000003,13.809400796890259,0.37,0.19999999999999998,100,100,8,1,200
334,0.3209,0.030899999999999983,0.54,0.1800000000000001,12.730708122253418,0.29000000000000004,0.35999999999999993,100,100,16,1,200
335,0.3195,0.01050000000000001,0.48,0.28,12.446145296096802,0.33,0.19999999999999998,100,100,16,1,200
336,0.2601,0.010099999999999998,0.72,0.039999999999999925,7.540421724319458,0.25,0.7599999999999999,100,100,1,1,200
337,0.2243,0.01429999999999998,0.53,0.1499999999999999,12.873986005783081,0.21000000000000002,0.6799999999999999,100,100,16,1,200
338,0.21150000000000002,0.0015000000000000013,0.53,0.01000000000000012,10.089711904525757,0.21000000000000002,0.5199999999999999,100,100,1,1,200
339,0.2664,0.02360000000000001,0.47000000000000003,0.19000000000000006,9.565168142318726,0.29000000000000004,0.27999999999999997,100,100,1,1,200
340,0.4239,0.013899999999999968,0.81,0.6100000000000001,13.652516841888428,0.41000000000000003,0.19999999999999998,100,100,8,1,200
341,0.4611,0.011099999999999999,0.36,0.08000000000000002,17.228755950927734,0.45,0.27999999999999997,100,100,4,1,200
342,0.49110000000000004,0.041100000000000025,0.33,0.10999999999999988,8.880766868591309,0.45,0.4399999999999999,100,100,1,1,200
343,0.1567,0.0267,0.11,0.6499999999999999,16.383315086364746,0.13,0.7599999999999999,100,100,16,1,200
344,0.1422,0.012199999999999989,0.61,0.1499999999999999,12.694555521011353,0.13,0.7599999999999999,100,100,8,1,200
345,0.1618,0.04820000000000002,0.09,0.6699999999999999,10.987024068832397,0.21000000000000002,0.7599999999999999,100,100,8,1,200
346,0.2652,0.015199999999999991,0.23,0.11000000000000001,12.994403839111328,0.25,0.12,100,100,4,1,200
347,0.275,0.05499999999999999,0.64,0.2799999999999999,14.721150875091553,0.33,0.9199999999999999,100,100,16,1,200
348,0.329,0.07900000000000001,0.84,0.08000000000000007,16.1673481464386,0.25,0.7599999999999999,100,100,8,1,200
349,0.1985,0.028499999999999998,0.8,0.68,13.380027294158936,0.17,0.12,100,100,8,1,200
350,0.3773,0.04730000000000001,0.51,0.31000000000000005,14.53943943977356,0.33,0.19999999999999998,100,100,4,1,200
351,0.0809,0.009099999999999997,0.44,0.08000000000000007,13.338915824890137,0.09,0.35999999999999993,100,100,8,1,200
352,0.49500000000000005,0.04500000000000004,0.15,0.6099999999999999,11.577630758285522,0.45,0.7599999999999999,100,100,1,1,200
353,0.39990000000000003,0.06990000000000002,0.74,0.3000000000000001,12.861494779586792,0.33,0.4399999999999999,100,100,16,1,200
354,0.32580000000000003,0.07580000000000003,0.9,0.78,14.110087871551514,0.25,0.12,100,100,16,1,200
355,0.0983,0.008300000000000002,0.5,0.41999999999999993,8.434026002883911,0.09,0.9199999999999999,100,100,1,1,200
356,0.0709,0.0591,0.96,0.52,7.60913348197937,0.13,0.4399999999999999,100,100,1,1,200
357,0.053200000000000004,0.11680000000000001,0.73,0.10999999999999988,12.171658754348755,0.17,0.8399999999999999,100,100,16,1,200
358,0.0985,0.0485,0.81,0.29000000000000015,12.596787214279175,0.05,0.5199999999999999,100,100,8,1,200
359,0.25780000000000003,0.032200000000000006,0.51,0.009999999999999898,13.0331552028656,0.29000000000000004,0.5199999999999999,100,100,8,1,200
360,0.48800000000000004,0.11800000000000005,0.3,0.020000000000000018,8.01699709892273,0.37,0.27999999999999997,100,100,1,1,200
361,0.0,0.01,0.9500000000000001,0.3500000000000001,9.509641170501709,0.01,0.6,100,100,1,1,200
362,0.2977,0.04770000000000002,0.08,0.4399999999999999,12.784291505813599,0.25,0.5199999999999999,100,100,4,1,200
363,0.2797,0.010300000000000031,0.81,0.77,12.97705340385437,0.29000000000000004,0.04,100,100,8,1,200
364,0.4439,0.033899999999999986,0.67,0.15000000000000013,11.427323579788208,0.41000000000000003,0.5199999999999999,100,100,16,1,200
365,0.109,0.021000000000000005,0.78,0.1399999999999999,10.320887565612793,0.13,0.9199999999999999,100,100,1,1,200
366,0.17470000000000002,0.00470000000000001,0.47000000000000003,0.43000000000000005,10.974900722503662,0.17,0.04,100,100,16,1,200
367,0.20550000000000002,0.035500000000000004,0.97,0.77,10.007561922073364,0.17,0.19999999999999998,100,100,1,1,200
368,0.0771,0.012899999999999995,0.6,0.15999999999999992,12.390164613723755,0.09,0.7599999999999999,100,100,16,1,200
369,0.2194,0.0494,0.27,0.009999999999999953,14.44938588142395,0.17,0.27999999999999997,100,100,16,1,200
370,0.42000000000000004,0.010000000000000009,0.15,0.04999999999999999,12.77253770828247,0.41000000000000003,0.19999999999999998,100,100,8,1,200
371,0.13920000000000002,0.030799999999999994,0.37,0.17,8.895323276519775,0.17,0.19999999999999998,100,100,1,1,200
372,0.3416,0.1316,0.84,0.64,14.25417423248291,0.21000000000000002,0.19999999999999998,100,100,8,1,200
373,0.277,0.027000000000000024,0.6900000000000001,0.1499999999999998,14.880484580993652,0.25,0.8399999999999999,100,100,16,1,200
374,0.1039,0.0539,0.26,0.14,8.907447576522827,0.05,0.12,100,100,1,1,200
375,0.11850000000000001,0.02850000000000001,0.13,0.06999999999999998,12.581287860870361,0.09,0.19999999999999998,100,100,4,1,200
376,0.3417,0.0917,0.19,0.08999999999999997,7.875852584838867,0.25,0.27999999999999997,100,100,1,1,200
377,0.4055,0.044499999999999984,0.35000000000000003,0.07000000000000006,11.580860614776611,0.45,0.27999999999999997,100,100,16,1,200
378,0.037000000000000005,0.027000000000000003,0.74,0.019999999999999907,11.01470398902893,0.01,0.7599999999999999,100,100,4,1,200
379,0.31170000000000003,0.018299999999999983,0.72,0.52,13.342712163925171,0.33,0.19999999999999998,100,100,8,1,200
380,0.3093,0.020699999999999996,0.81,0.29000000000000015,12.1187105178833,0.33,0.5199999999999999,100,100,4,1,200
381,0.2015,0.008500000000000008,0.64,0.040000000000000036,11.675537347793579,0.21000000000000002,0.6,100,100,16,1,200
382,0.40850000000000003,0.0015000000000000013,0.6,0.0,10.761989831924438,0.41000000000000003,0.6,100,100,8,1,200
383,0.2831,0.0469,0.98,0.06000000000000005,12.038207054138184,0.33,0.9199999999999999,100,100,8,1,200
384,0.0005,0.0095,0.39,0.030000000000000082,12.15410590171814,0.01,0.35999999999999993,100,100,16,1,200
385,0.11960000000000001,0.029600000000000015,0.17,0.13,11.330627918243408,0.09,0.04,100,100,4,1,200
386,0.149,0.01899999999999999,0.22,0.05999999999999997,11.691452264785767,0.13,0.27999999999999997,100,100,8,1,200
387,0.4519,0.0019000000000000128,0.85,0.01000000000000012,13.004651069641113,0.45,0.8399999999999999,100,100,8,1,200
388,0.4708,0.020799999999999985,0.02,0.18,8.006655216217041,0.45,0.19999999999999998,100,100,1,1,200
389,0.09870000000000001,0.04870000000000001,0.07,0.4499999999999999,11.388539791107178,0.05,0.5199999999999999,100,100,16,1,200
390,0.18710000000000002,0.05710000000000001,0.9400000000000001,0.6600000000000001,11.120590448379517,0.13,0.27999999999999997,100,100,4,1,200
391,0.2906,0.0005999999999999894,0.03,0.8099999999999998,13.614418268203735,0.29000000000000004,0.8399999999999999,100,100,4,1,200
392,0.0151,0.0051,0.4,0.5199999999999999,12.192237377166748,0.01,0.9199999999999999,100,100,8,1,200
393,0.4465,0.07650000000000001,0.8200000000000001,0.30000000000000016,11.201343774795532,0.37,0.5199999999999999,100,100,8,1,200
394,0.08080000000000001,0.009199999999999986,0.4,0.2799999999999999,10.653723001480103,0.09,0.6799999999999999,100,100,4,1,200
395,0.21100000000000002,0.0010000000000000009,0.74,0.019999999999999907,11.961410284042358,0.21000000000000002,0.7599999999999999,100,100,8,1,200
396,0.39,0.020000000000000018,0.8200000000000001,0.7000000000000001,8.236598253250122,0.41000000000000003,0.12,100,100,1,1,200
397,0.22510000000000002,0.024899999999999978,0.25,0.02999999999999997,11.74457597732544,0.25,0.27999999999999997,100,100,16,1,200
398,0.0794,0.050600000000000006,0.81,0.37000000000000016,8.58245038986206,0.13,0.4399999999999999,100,100,1,1,200
399,0.2503,0.08030000000000001,0.59,0.47,8.019512176513672,0.17,0.12,100,100,1,1,200
