,epsilon,real_epsilon,time,sum_ab,calibration_batches,ensemble_size,mu,T,edge_per_t,evidences_per_t,distance_epsilon
0,0.2902,0.35,0.9409017562866211,0.01,25,1,0.55,50,16,32,0.059799999999999964
1,0.2581,0.05,2.001739501953125,1.0,25,2,0.85,50,8,32,0.2081
2,0.1296,0.15,3.0250978469848633,0.01,25,4,0.85,50,8,1,0.0204
3,0.2569,0.15,1.9825677871704102,10.0,50,1,0.75,50,1,1,0.10690000000000002
4,0.0765,0.05,3.7292332649230957,0.01,50,2,0.35,50,2,1,0.026499999999999996
5,0.41290000000000004,0.35,7.358404159545898,1.0,50,4,0.95,50,16,4,0.06290000000000007
6,0.0451,0.15,4.705772638320923,10.0,100,1,0.45,50,8,32,0.1049
7,0.47690000000000005,0.45,7.589855909347534,0.1,100,2,0.35,50,2,4,0.026900000000000035
8,0.09860000000000001,0.05,14.126231670379639,1.0,100,4,0.55,50,8,4,0.048600000000000004
9,0.4766,0.45,2.0304577350616455,0.1,25,1,0.95,100,1,32,0.026600000000000013
10,0.0375,0.05,3.995932102203369,0.1,25,2,0.95,100,8,32,0.012500000000000004
11,0.1097,0.15,6.687629461288452,10.0,25,4,0.65,100,4,32,0.04029999999999999
12,0.0482,0.05,3.214212656021118,0.01,50,1,0.25,100,4,16,0.001800000000000003
13,0.3483,0.45,7.0031867027282715,1.0,50,2,0.85,100,2,16,0.10170000000000001
14,0.38970000000000005,0.45,14.08973503112793,0.01,50,4,0.85,100,1,32,0.060299999999999965
15,0.2185,0.15,6.219810962677002,10.0,100,1,0.95,100,2,1,0.0685
16,0.1592,0.15,13.146832942962646,0.1,100,2,0.15,100,1,16,0.009200000000000014
17,0.057,0.05,25.816526412963867,1.0,100,4,0.35,100,2,16,0.006999999999999999
18,0.3262,0.25,3.336005449295044,10.0,25,1,0.55,200,1,1,0.07619999999999999
19,0.4243,0.25,5.940112590789795,1.0,25,2,0.35,200,16,4,0.1743
20,0.0167,0.05,10.873641014099121,0.01,25,4,0.95,200,16,1,0.0333
21,0.4535,0.45,5.827090263366699,0.01,50,1,0.55,200,16,1,0.003500000000000003
22,0.0722,0.05,10.874945878982544,1.0,50,2,0.35,200,2,1,0.022199999999999998
23,0.40130000000000005,0.35,23.477649927139282,10.0,50,4,0.25,200,1,4,0.05130000000000007
24,0.4132,0.25,11.442522287368774,1.0,100,1,0.45,200,16,4,0.1632
25,0.0291,0.05,24.95771288871765,1.0,100,2,0.55,200,2,32,0.020900000000000002
26,0.0427,0.05,49.86406135559082,10.0,100,4,0.35,200,1,1,0.007300000000000001
27,0.35150000000000003,0.15,1.1879758834838867,0.01,25,1,0.15,50,16,32,0.20150000000000004
28,0.3977,0.35,3.0509445667266846,0.1,25,2,0.55,50,16,16,0.04770000000000002
29,0.41190000000000004,0.45,3.0791494846343994,10.0,25,4,0.55,50,16,16,0.03809999999999997
30,0.08660000000000001,0.05,1.9257838726043701,10.0,50,1,0.25,50,4,16,0.03660000000000001
31,0.32530000000000003,0.35,4.442616939544678,1.0,50,2,0.75,50,16,1,0.024699999999999944
32,0.2874,0.05,8.576714277267456,1.0,50,4,0.45,50,4,4,0.2374
33,0.16970000000000002,0.25,5.188450336456299,0.1,100,1,0.15,50,4,16,0.08029999999999998
34,0.30820000000000003,0.45,8.288858652114868,0.01,100,2,0.95,50,2,32,0.14179999999999998
35,0.223,0.25,15.10006856918335,0.1,100,4,0.55,50,1,16,0.026999999999999996
36,0.47290000000000004,0.25,1.6978952884674072,10.0,25,1,0.55,100,8,16,0.22290000000000004
37,0.4843,0.35,2.7664496898651123,0.01,25,2,0.15,100,8,1,0.13430000000000003
38,0.1627,0.15,5.354856967926025,0.01,25,4,0.95,100,2,1,0.012700000000000017
39,0.46380000000000005,0.35,2.676875352859497,0.01,50,1,0.65,100,1,16,0.11380000000000007
40,0.4514,0.35,5.816139459609985,1.0,50,2,0.05,100,16,1,0.10140000000000005
41,0.4818,0.35,14.502724409103394,1.0,50,4,0.65,100,16,16,0.13180000000000003
42,0.0388,0.05,7.79131007194519,0.1,100,1,0.45,100,2,16,0.011200000000000002
43,0.3982,0.35,14.778244256973267,0.1,100,2,0.45,100,2,32,0.04820000000000002
44,0.4471,0.45,25.290757179260254,10.0,100,4,0.35,100,1,4,0.0029000000000000137
45,0.2682,0.05,3.3162946701049805,1.0,25,1,0.55,200,16,32,0.2182
46,0.10540000000000001,0.05,5.135193109512329,10.0,25,2,0.75,200,1,1,0.055400000000000005
47,0.4248,0.35,11.831666946411133,0.01,25,4,0.05,200,2,32,0.07480000000000003
48,0.4829,0.45,7.004016637802124,0.01,50,1,0.85,200,4,4,0.032899999999999985
49,0.0408,0.05,10.054087162017822,0.1,50,2,0.05,200,8,4,0.0092
50,0.0364,0.05,24.131381273269653,0.1,50,4,0.95,200,2,1,0.013600000000000001
51,0.2038,0.45,13.455056428909302,0.1,100,1,0.55,200,8,32,0.2462
52,0.1809,0.35,26.416588068008423,10.0,100,2,0.95,200,16,32,0.16909999999999997
53,0.41900000000000004,0.25,49.089285135269165,0.01,100,4,0.55,200,2,1,0.16900000000000004
54,0.10640000000000001,0.05,0.896881103515625,0.1,25,1,0.75,50,8,16,0.056400000000000006
55,0.3065,0.45,1.6997175216674805,1.0,25,2,0.55,50,1,32,0.14350000000000002
56,0.07930000000000001,0.05,3.1079206466674805,0.01,25,4,0.65,50,4,1,0.029300000000000007
57,0.0839,0.05,2.8883440494537354,1.0,50,1,0.35,50,2,4,0.0339
58,0.3254,0.45,3.7808547019958496,10.0,50,2,0.15,50,8,4,0.12459999999999999
59,0.3275,0.25,9.029406309127808,0.01,50,4,0.15,50,8,4,0.07750000000000001
60,0.46880000000000005,0.25,5.621416807174683,0.01,100,1,0.35,50,4,32,0.21880000000000005
61,0.0253,0.05,7.656996011734009,0.1,100,2,0.25,50,2,32,0.024700000000000003
62,0.49620000000000003,0.35,16.165844202041626,0.01,100,4,0.45,50,4,4,0.14620000000000005
63,0.0449,0.15,2.0909788608551025,10.0,25,1,0.45,100,16,4,0.1051
64,0.040400000000000005,0.05,3.730527877807617,0.1,25,2,0.55,100,1,16,0.009599999999999997
65,0.47490000000000004,0.45,6.020163297653198,1.0,25,4,0.45,100,8,4,0.024900000000000033
66,0.13390000000000002,0.25,3.081092596054077,0.1,50,1,0.35,100,2,32,0.11609999999999998
67,0.45570000000000005,0.45,5.572235584259033,0.01,50,2,0.25,100,4,1,0.005700000000000038
68,0.3297,0.35,15.732500553131104,10.0,50,4,0.65,100,2,16,0.020299999999999985
69,0.198,0.25,8.535557508468628,0.01,100,1,0.65,100,1,32,0.05199999999999999
70,0.007,0.05,15.443789005279541,1.0,100,2,0.75,100,1,32,0.043000000000000003
71,0.3309,0.35,31.52983021736145,0.1,100,4,0.85,100,4,16,0.01909999999999995
72,0.38830000000000003,0.25,3.060781240463257,0.01,25,1,0.65,200,4,1,0.13830000000000003
73,0.2891,0.15,5.622321128845215,0.1,25,2,0.95,200,16,1,0.13910000000000003
74,0.0944,0.05,12.673119068145752,0.1,25,4,0.85,200,8,1,0.044399999999999995
75,0.026600000000000002,0.05,5.808241605758667,1.0,50,1,0.15,200,4,4,0.0234
76,0.2705,0.45,9.664777040481567,10.0,50,2,0.75,200,16,4,0.1795
77,0.014,0.05,24.216185092926025,1.0,50,4,0.55,200,2,1,0.036000000000000004
78,0.4055,0.25,12.141247034072876,0.01,100,1,0.75,200,8,1,0.15550000000000003
79,0.4672,0.35,20.98681950569153,1.0,100,2,0.65,200,4,32,0.11720000000000003
80,0.1542,0.15,56.69947123527527,1.0,100,4,0.35,200,1,32,0.004200000000000009
81,0.1761,0.25,0.8829050064086914,10.0,25,1,0.35,50,8,4,0.0739
82,0.044000000000000004,0.05,1.8196098804473877,0.01,25,2,0.25,50,1,1,0.005999999999999998
83,0.10650000000000001,0.15,4.608692407608032,0.1,25,4,0.15,50,1,1,0.04349999999999998
84,0.43110000000000004,0.45,1.752204179763794,0.1,50,1,0.05,50,8,1,0.018899999999999972
85,0.0838,0.05,5.393803119659424,0.01,50,2,0.45,50,16,32,0.0338
86,0.39530000000000004,0.35,7.69494891166687,1.0,50,4,0.65,50,8,16,0.04530000000000006
87,0.1265,0.05,5.076054334640503,1.0,100,1,0.85,50,2,1,0.0765
88,0.4713,0.45,9.036116600036621,0.1,100,2,0.35,50,8,16,0.021299999999999986
89,0.47100000000000003,0.35,13.460444927215576,1.0,100,4,0.25,50,16,4,0.12100000000000005
90,0.22290000000000001,0.25,1.4616031646728516,0.1,25,1,0.25,100,4,1,0.027099999999999985
91,0.1321,0.25,3.026393175125122,1.0,25,2,0.35,100,8,32,0.1179
92,0.4838,0.35,5.244964361190796,0.01,25,4,0.55,100,16,32,0.13380000000000003
93,0.1245,0.05,2.379094123840332,1.0,50,1,0.25,100,8,16,0.0745
94,0.3292,0.15,4.78165340423584,1.0,50,2,0.65,100,8,16,0.1792
95,0.34750000000000003,0.25,8.442501068115234,0.01,50,4,0.45,100,16,4,0.09750000000000003
96,0.06420000000000001,0.15,4.818455696105957,0.1,100,1,0.35,100,8,32,0.08579999999999999
97,0.2847,0.35,11.503992080688477,0.1,100,2,0.45,100,2,1,0.06529999999999997
98,0.45680000000000004,0.35,25.333975791931152,0.01,100,4,0.15,100,2,4,0.10680000000000006
99,0.28900000000000003,0.05,3.2616841793060303,10.0,25,1,0.85,200,8,32,0.23900000000000005
100,0.3062,0.35,5.7143144607543945,0.1,25,2,0.15,200,2,1,0.04379999999999995
101,0.42850000000000005,0.35,14.34298062324524,1.0,25,4,0.05,200,4,32,0.07850000000000007
102,0.2994,0.15,5.254092693328857,10.0,50,1,0.75,200,8,4,0.1494
103,0.2267,0.15,10.325703620910645,10.0,50,2,0.55,200,2,16,0.07670000000000002
104,0.2539,0.15,20.855543613433838,0.01,50,4,0.05,200,16,1,0.10390000000000002
105,0.17,0.15,12.4231276512146,0.01,100,1,0.75,200,16,16,0.020000000000000018
106,0.12200000000000001,0.15,22.36428213119507,1.0,100,2,0.05,200,8,4,0.027999999999999983
107,0.2169,0.15,53.89714980125427,1.0,100,4,0.35,200,8,16,0.06690000000000002
108,0.0925,0.05,0.8539707660675049,0.1,25,1,0.65,50,8,1,0.042499999999999996
109,0.2553,0.35,1.5924627780914307,10.0,25,2,0.05,50,2,1,0.09469999999999995
110,0.4685,0.45,3.7192142009735107,0.01,25,4,0.45,50,16,16,0.018500000000000016
111,0.403,0.35,2.355384111404419,1.0,50,1,0.45,50,1,4,0.05300000000000005
112,0.4988,0.45,3.7848260402679443,1.0,50,2,0.55,50,4,1,0.04880000000000001
113,0.18280000000000002,0.25,7.340022087097168,10.0,50,4,0.35,50,8,1,0.06719999999999998
114,0.0123,0.05,5.6829283237457275,1.0,100,1,0.25,50,4,1,0.037700000000000004
115,0.2531,0.35,9.544548511505127,1.0,100,2,0.55,50,16,4,0.09689999999999999
116,0.015300000000000001,0.05,17.151923656463623,10.0,100,4,0.05,50,2,32,0.0347
117,0.2932,0.35,1.9253787994384766,0.1,25,1,0.05,100,8,16,0.05679999999999996
118,0.268,0.25,3.3704802989959717,1.0,25,2,0.25,100,4,16,0.018000000000000016
119,0.053700000000000005,0.05,6.057517766952515,10.0,25,4,0.75,100,4,1,0.003700000000000002
120,0.049300000000000004,0.05,3.4100141525268555,0.1,50,1,0.25,100,16,1,0.0006999999999999992
121,0.4857,0.45,6.500973701477051,0.01,50,2,0.65,100,1,32,0.03570000000000001
122,0.45370000000000005,0.45,9.670409917831421,1.0,50,4,0.25,100,4,4,0.0037000000000000366
123,0.2462,0.25,6.828139066696167,0.01,100,1,0.15,100,2,1,0.003799999999999998
124,0.2097,0.35,14.611751317977905,10.0,100,2,0.25,100,16,32,0.14029999999999998
125,0.1918,0.25,26.475382328033447,10.0,100,4,0.65,100,2,1,0.0582
126,0.45690000000000003,0.45,3.2614965438842773,0.01,25,1,0.95,200,4,1,0.006900000000000017
127,0.3292,0.35,5.616620779037476,10.0,25,2,0.25,200,4,16,0.020799999999999985
128,0.0563,0.05,13.19181776046753,1.0,25,4,0.75,200,1,16,0.0063
129,0.2735,0.35,5.842876195907593,1.0,50,1,0.95,200,4,4,0.07649999999999996
130,0.0275,0.45,13.251724481582642,0.1,50,2,0.35,200,2,16,0.4225
131,0.1557,0.25,22.53702688217163,1.0,50,4,0.15,200,2,16,0.0943
132,0.09720000000000001,0.05,13.060755729675293,0.1,100,1,0.15,200,1,16,0.047200000000000006
133,0.1265,0.05,23.038630723953247,1.0,100,2,0.35,200,4,1,0.0765
134,0.0688,0.05,50.570091009140015,1.0,100,4,0.55,200,4,1,0.018799999999999997
135,0.19820000000000002,0.15,0.9590916633605957,0.01,25,1,0.95,50,4,32,0.04820000000000002
136,0.2464,0.35,1.6764705181121826,10.0,25,2,0.65,50,1,16,0.10359999999999997
137,0.1148,0.15,2.8551294803619385,0.1,25,4,0.95,50,4,1,0.035199999999999995
138,0.21680000000000002,0.05,1.770796298980713,0.01,50,1,0.45,50,16,4,0.1668
139,0.1416,0.05,3.3045060634613037,10.0,50,2,0.85,50,1,32,0.0916
140,0.3256,0.15,6.892057180404663,10.0,50,4,0.65,50,2,32,0.1756
141,0.3517,0.35,4.082940578460693,1.0,100,1,0.55,50,16,4,0.0017000000000000348
142,0.23140000000000002,0.15,8.862682580947876,1.0,100,2,0.95,50,2,16,0.08140000000000003
143,0.43370000000000003,0.45,13.395190238952637,0.01,100,4,0.75,50,4,16,0.01629999999999998
144,0.3647,0.25,1.4517011642456055,1.0,25,1,0.55,100,8,32,0.11470000000000002
145,0.2325,0.15,2.917572259902954,0.01,25,2,0.25,100,16,4,0.08250000000000002
146,0.16620000000000001,0.05,6.492230176925659,1.0,25,4,0.65,100,2,4,0.11620000000000001
147,0.3755,0.35,3.4483673572540283,1.0,50,1,0.35,100,8,32,0.025500000000000023
148,0.38930000000000003,0.45,5.785343170166016,0.1,50,2,0.15,100,8,32,0.060699999999999976
149,0.40800000000000003,0.25,10.812772035598755,0.1,50,4,0.45,100,8,1,0.15800000000000003
150,0.22080000000000002,0.25,5.927889347076416,10.0,100,1,0.85,100,16,16,0.029199999999999976
151,0.33740000000000003,0.35,11.700133562088013,1.0,100,2,0.75,100,8,1,0.012599999999999945
152,0.062400000000000004,0.05,28.002541542053223,0.1,100,4,0.05,100,2,32,0.012400000000000001
153,0.43320000000000003,0.45,2.6679391860961914,1.0,25,1,0.95,200,8,4,0.01679999999999998
154,0.1632,0.15,6.80125093460083,0.1,25,2,0.45,200,1,1,0.013200000000000017
155,0.46840000000000004,0.35,12.583155870437622,0.1,25,4,0.25,200,4,1,0.11840000000000006
156,0.4433,0.35,6.8472676277160645,10.0,50,1,0.85,200,4,16,0.09330000000000005
157,0.221,0.25,11.204427003860474,0.1,50,2,0.85,200,2,1,0.028999999999999998
158,0.3195,0.45,25.380743265151978,10.0,50,4,0.75,200,16,4,0.1305
159,0.2994,0.25,13.443257331848145,0.1,100,1,0.85,200,1,32,0.0494
160,0.43260000000000004,0.45,25.2568416595459,0.1,100,2,0.35,200,8,32,0.01739999999999997
161,0.3023,0.15,40.80899739265442,1.0,100,4,0.25,200,4,4,0.15230000000000002
162,0.3043,0.25,0.7606396675109863,10.0,25,1,0.15,50,16,16,0.054300000000000015
163,0.159,0.25,1.5328383445739746,0.01,25,2,0.85,50,2,16,0.091
164,0.369,0.25,2.8566973209381104,1.0,25,4,0.05,50,16,1,0.119
165,0.1371,0.15,1.9699504375457764,0.01,50,1,0.55,50,2,32,0.012899999999999995
166,0.3119,0.25,3.023790121078491,0.01,50,2,0.15,50,8,32,0.06190000000000001
167,0.1897,0.15,6.189459323883057,1.0,50,4,0.55,50,16,4,0.03970000000000001
168,0.1495,0.15,3.724461317062378,10.0,100,1,0.35,50,16,16,0.0005000000000000004
169,0.42000000000000004,0.45,6.9868927001953125,0.01,100,2,0.75,50,16,16,0.02999999999999997
170,0.2277,0.15,11.994680166244507,1.0,100,4,0.05,50,2,1,0.07770000000000002
171,0.4133,0.25,1.4429173469543457,1.0,25,1,0.95,100,16,16,0.1633
172,0.4748,0.45,2.840587854385376,0.1,25,2,0.55,100,8,1,0.02479999999999999
173,0.49770000000000003,0.45,6.9500391483306885,0.01,25,4,0.55,100,1,1,0.04770000000000002
174,0.4631,0.45,3.8908917903900146,0.1,50,1,0.45,100,8,4,0.0131
175,0.3971,0.45,7.036691904067993,0.01,50,2,0.05,100,1,1,0.0529
176,0.2501,0.45,13.68981146812439,0.01,50,4,0.15,100,8,32,0.19990000000000002
177,0.4703,0.35,6.394773244857788,0.01,100,1,0.65,100,16,4,0.12030000000000002
178,0.3607,0.35,14.255323648452759,0.01,100,2,0.95,100,4,16,0.010700000000000043
179,0.30820000000000003,0.35,27.171536684036255,10.0,100,4,0.15,100,2,16,0.04179999999999995
180,0.1327,0.15,4.116865396499634,1.0,25,1,0.95,200,2,16,0.017299999999999982
181,0.06430000000000001,0.05,6.501349925994873,1.0,25,2,0.95,200,4,16,0.014300000000000007
182,0.0238,0.45,11.659866094589233,0.1,25,4,0.55,200,2,1,0.4262
183,0.1008,0.05,5.2329559326171875,10.0,50,1,0.45,200,8,4,0.0508
184,0.2509,0.15,12.289424657821655,1.0,50,2,0.05,200,2,4,0.10090000000000002
185,0.014,0.05,23.85612154006958,10.0,50,4,0.15,200,4,32,0.036000000000000004
186,0.32130000000000003,0.25,12.586092472076416,10.0,100,1,0.25,200,1,16,0.07130000000000003
187,0.39080000000000004,0.25,25.130742073059082,10.0,100,2,0.25,200,2,16,0.14080000000000004
188,0.334,0.35,50.99476623535156,0.01,100,4,0.05,200,8,32,0.01599999999999996
189,0.23290000000000002,0.05,1.30342698097229,10.0,25,1,0.55,50,8,1,0.1829
190,0.1211,0.35,2.236335277557373,1.0,25,2,0.15,50,16,4,0.2289
191,0.3054,0.15,3.23309588432312,0.01,25,4,0.25,50,8,16,0.1554
192,0.1202,0.15,1.7431576251983643,0.01,50,1,0.65,50,16,1,0.029799999999999993
193,0.3559,0.25,4.416147232055664,10.0,50,2,0.15,50,8,4,0.1059
194,0.34490000000000004,0.35,7.1136744022369385,0.1,50,4,0.95,50,2,32,0.005099999999999938
195,0.36510000000000004,0.45,5.174904108047485,10.0,100,1,0.85,50,4,16,0.08489999999999998
196,0.4869,0.45,8.48644733428955,0.01,100,2,0.15,50,8,16,0.03689999999999999
197,0.189,0.15,17.241088151931763,0.1,100,4,0.75,50,4,16,0.03900000000000001
198,0.0217,0.05,1.8863768577575684,1.0,25,1,0.45,100,8,4,0.028300000000000002
199,0.25220000000000004,0.05,3.5763373374938965,1.0,25,2,0.95,100,16,32,0.20220000000000005
200,0.14550000000000002,0.15,6.9727582931518555,0.1,25,4,0.05,100,1,1,0.004499999999999976
201,0.38020000000000004,0.45,3.4842634201049805,0.01,50,1,0.35,100,16,4,0.06979999999999997
202,0.306,0.45,7.343561172485352,0.01,50,2,0.55,100,4,4,0.14400000000000002
203,0.454,0.45,13.148283958435059,0.01,50,4,0.15,100,4,32,0.0040000000000000036
204,0.34590000000000004,0.45,6.346061944961548,0.1,100,1,0.25,100,1,1,0.10409999999999997
205,0.2717,0.25,12.564582586288452,0.01,100,2,0.55,100,1,16,0.021699999999999997
206,0.3272,0.25,27.569563388824463,1.0,100,4,0.65,100,1,4,0.07719999999999999
207,0.4307,0.45,3.079435348510742,10.0,25,1,0.65,200,1,16,0.019299999999999984
208,0.1321,0.15,6.617614507675171,10.0,25,2,0.05,200,4,4,0.0179
209,0.4043,0.45,11.448418617248535,10.0,25,4,0.75,200,16,16,0.04570000000000002
210,0.4368,0.45,6.706006288528442,1.0,50,1,0.65,200,16,32,0.01319999999999999
211,0.21530000000000002,0.25,10.480842113494873,1.0,50,2,0.85,200,16,16,0.03469999999999998
212,0.057,0.05,21.46487522125244,10.0,50,4,0.45,200,2,4,0.006999999999999999
213,0.14120000000000002,0.15,12.819442510604858,1.0,100,1,0.55,200,2,32,0.008799999999999975
214,0.4181,0.25,25.217498779296875,1.0,100,2,0.65,200,16,4,0.16810000000000003
215,0.47700000000000004,0.25,50.958245038986206,10.0,100,4,0.05,200,8,32,0.22700000000000004
216,0.3403,0.45,1.3480491638183594,1.0,25,1,0.25,50,2,4,0.10970000000000002
217,0.3245,0.35,1.73508620262146,10.0,25,2,0.65,50,1,32,0.025499999999999967
218,0.44880000000000003,0.45,2.9837324619293213,10.0,25,4,0.15,50,2,1,0.0011999999999999789
219,0.4611,0.45,1.7277209758758545,0.01,50,1,0.35,50,16,16,0.011099999999999999
220,0.1439,0.45,3.2212719917297363,0.1,50,2,0.65,50,4,4,0.30610000000000004
221,0.2672,0.35,5.735376834869385,1.0,50,4,0.65,50,4,1,0.08279999999999998
222,0.1572,0.25,3.84377384185791,0.01,100,1,0.15,50,4,1,0.0928
223,0.4325,0.25,7.641027212142944,0.1,100,2,0.75,50,16,32,0.1825
224,0.2313,0.05,15.101252317428589,1.0,100,4,0.35,50,4,32,0.18130000000000002
225,0.1353,0.25,2.4796924591064453,10.0,25,1,0.05,100,1,4,0.1147
226,0.0738,0.05,2.958707094192505,1.0,25,2,0.05,100,1,32,0.0238
227,0.0095,0.05,6.050487756729126,0.1,25,4,0.55,100,8,1,0.0405
228,0.2311,0.45,3.376230001449585,0.01,50,1,0.95,100,8,1,0.2189
229,0.0738,0.05,7.742866516113281,10.0,50,2,0.05,100,1,32,0.0238
230,0.0892,0.05,13.65967345237732,0.1,50,4,0.75,100,16,32,0.0392
231,0.2286,0.25,5.942031145095825,0.1,100,1,0.75,100,4,4,0.021400000000000002
232,0.34700000000000003,0.15,13.498022556304932,10.0,100,2,0.75,100,16,4,0.19700000000000004
233,0.2802,0.45,25.126379013061523,10.0,100,4,0.85,100,2,4,0.1698
234,0.4161,0.15,3.4502410888671875,0.01,25,1,0.85,200,16,16,0.2661
235,0.1241,0.25,6.271969795227051,0.1,25,2,0.15,200,2,16,0.1259
236,0.4274,0.35,13.62066650390625,0.1,25,4,0.25,200,1,4,0.07740000000000002
237,0.3355,0.25,7.056453227996826,0.1,50,1,0.35,200,16,4,0.08550000000000002
238,0.3945,0.45,12.025039911270142,0.1,50,2,0.85,200,1,4,0.055499999999999994
239,0.4133,0.25,23.560292720794678,1.0,50,4,0.45,200,8,4,0.1633
240,0.47090000000000004,0.35,12.904349088668823,1.0,100,1,0.75,200,1,1,0.12090000000000006
241,0.3473,0.25,23.871661901474,1.0,100,2,0.75,200,2,4,0.0973
242,0.1756,0.15,50.00030040740967,10.0,100,4,0.75,200,4,16,0.02560000000000001
243,0.0099,0.05,0.9840068817138672,10.0,25,1,0.85,50,4,16,0.040100000000000004
244,0.39580000000000004,0.35,1.8543636798858643,10.0,25,2,0.55,50,16,16,0.04580000000000006
245,0.4788,0.45,3.5534791946411133,0.01,25,4,0.45,50,2,16,0.028799999999999992
246,0.167,0.15,2.237062692642212,0.1,50,1,0.85,50,16,4,0.017000000000000015
247,0.0024000000000000002,0.25,4.167513132095337,0.1,50,2,0.65,50,8,32,0.2476
248,0.4418,0.35,6.295875072479248,10.0,50,4,0.05,50,16,4,0.09180000000000005
249,0.29410000000000003,0.15,4.117875099182129,10.0,100,1,0.05,50,4,1,0.14410000000000003
250,0.306,0.35,7.394416570663452,10.0,100,2,0.95,50,2,4,0.043999999999999984
251,0.4671,0.15,17.297967672348022,10.0,100,4,0.65,50,16,4,0.31710000000000005
252,0.42660000000000003,0.45,2.0644638538360596,0.01,25,1,0.55,100,4,4,0.023399999999999976
253,0.274,0.15,4.693547487258911,1.0,25,2,0.65,100,4,32,0.12400000000000003
254,0.19,0.15,6.990242004394531,1.0,25,4,0.35,100,2,4,0.04000000000000001
255,0.09090000000000001,0.25,3.5527565479278564,0.01,50,1,0.05,100,2,4,0.1591
256,0.3443,0.15,5.991714239120483,10.0,50,2,0.65,100,4,1,0.1943
257,0.2278,0.15,10.575517654418945,0.1,50,4,0.75,100,4,16,0.07780000000000001
258,0.0756,0.15,5.5274412631988525,10.0,100,1,0.85,100,8,1,0.0744
259,0.012100000000000001,0.25,13.261013746261597,0.1,100,2,0.95,100,16,16,0.2379
260,0.45520000000000005,0.25,28.764459371566772,10.0,100,4,0.05,100,8,4,0.20520000000000005
261,0.3618,0.35,4.405516147613525,10.0,25,1,0.65,200,2,1,0.011800000000000033
262,0.3425,0.35,6.051805257797241,1.0,25,2,0.55,200,8,32,0.007499999999999951
263,0.0334,0.05,10.130385398864746,0.01,25,4,0.35,200,2,1,0.016600000000000004
264,0.0166,0.05,5.147741317749023,0.01,50,1,0.55,200,8,16,0.0334
265,0.4722,0.45,10.737588167190552,10.0,50,2,0.25,200,1,1,0.022199999999999998
266,0.369,0.45,23.890470027923584,10.0,50,4,0.95,200,16,4,0.08100000000000002
267,0.17950000000000002,0.05,13.640249013900757,10.0,100,1,0.95,200,4,16,0.1295
268,0.0661,0.05,27.06708288192749,0.01,100,2,0.85,200,16,32,0.016100000000000003
269,0.013900000000000001,0.05,48.717901945114136,10.0,100,4,0.05,200,8,4,0.0361
270,0.1917,0.15,1.3065712451934814,0.1,25,1,0.95,50,1,4,0.041700000000000015
271,0.4305,0.35,2.3316380977630615,10.0,25,2,0.25,50,4,16,0.08050000000000002
272,0.4844,0.35,3.729792833328247,0.1,25,4,0.65,50,8,1,0.13440000000000002
273,0.49200000000000005,0.25,2.476813554763794,0.1,50,1,0.25,50,8,4,0.24200000000000005
274,0.27490000000000003,0.25,3.759338617324829,0.1,50,2,0.75,50,2,1,0.024900000000000033
275,0.2896,0.45,8.146514892578125,10.0,50,4,0.25,50,8,32,0.1604
276,0.1034,0.25,5.589117050170898,0.01,100,1,0.55,50,16,1,0.1466
277,0.11470000000000001,0.25,7.756296873092651,0.01,100,2,0.05,50,2,16,0.13529999999999998
278,0.2252,0.25,16.304015159606934,10.0,100,4,0.15,50,1,32,0.02479999999999999
279,0.167,0.15,1.377464771270752,0.01,25,1,0.55,100,16,1,0.017000000000000015
280,0.2141,0.05,3.3262336254119873,0.01,25,2,0.45,100,16,32,0.16410000000000002
281,0.0344,0.05,6.093247652053833,0.1,25,4,0.95,100,4,4,0.015600000000000003
282,0.49010000000000004,0.45,3.8407533168792725,1.0,50,1,0.75,100,16,4,0.040100000000000025
283,0.032100000000000004,0.05,7.863828659057617,0.01,50,2,0.95,100,8,4,0.0179
284,0.4746,0.45,15.273329973220825,1.0,50,4,0.15,100,1,32,0.02460000000000001
285,0.41150000000000003,0.45,7.742847919464111,10.0,100,1,0.55,100,1,4,0.03849999999999998
286,0.4434,0.35,12.806978940963745,1.0,100,2,0.75,100,8,16,0.09340000000000004
287,0.1665,0.15,30.104941606521606,0.1,100,4,0.25,100,1,1,0.016500000000000015
288,0.2089,0.25,3.275718927383423,10.0,25,1,0.45,200,2,4,0.0411
289,0.23920000000000002,0.05,7.823811054229736,0.01,25,2,0.65,200,16,1,0.18920000000000003
290,0.3373,0.25,13.146976232528687,1.0,25,4,0.15,200,4,4,0.08729999999999999
291,0.1507,0.15,6.431297302246094,0.01,50,1,0.05,200,2,4,0.0007000000000000062
292,0.40700000000000003,0.45,13.404759407043457,1.0,50,2,0.65,200,8,32,0.04299999999999998
293,0.1821,0.15,20.524139881134033,10.0,50,4,0.55,200,1,16,0.03210000000000002
294,0.3307,0.35,12.509077548980713,0.01,100,1,0.05,200,4,32,0.019299999999999984
295,0.2616,0.35,22.690948247909546,0.1,100,2,0.45,200,16,32,0.08839999999999998
296,0.038400000000000004,0.05,52.22078061103821,0.01,100,4,0.65,200,4,1,0.0116
297,0.3677,0.45,1.1587462425231934,0.01,25,1,0.05,50,4,16,0.08229999999999998
298,0.4393,0.45,2.92694354057312,10.0,25,2,0.55,50,8,4,0.010699999999999987
299,0.21150000000000002,0.15,5.555661916732788,1.0,25,4,0.15,50,4,4,0.06150000000000003
300,0.0327,0.05,2.891411542892456,1.0,50,1,0.55,50,16,32,0.017300000000000003
301,0.3557,0.45,3.910757064819336,0.1,50,2,0.35,50,1,4,0.0943
302,0.1807,0.15,8.104225397109985,0.1,50,4,0.25,50,16,1,0.030700000000000005
303,0.2859,0.25,4.398137331008911,10.0,100,1,0.15,50,1,1,0.03589999999999999
304,0.4015,0.35,7.818942308425903,0.01,100,2,0.95,50,8,1,0.051500000000000046
305,0.2088,0.15,16.336416244506836,1.0,100,4,0.05,50,2,4,0.05880000000000002
306,0.056100000000000004,0.15,1.392101764678955,10.0,25,1,0.55,100,16,4,0.09389999999999998
307,0.1955,0.25,3.298308849334717,10.0,25,2,0.75,100,1,4,0.05449999999999999
308,0.46880000000000005,0.45,5.844624042510986,0.1,25,4,0.15,100,2,32,0.01880000000000004
309,0.23470000000000002,0.45,3.8503551483154297,0.1,50,1,0.65,100,16,4,0.2153
310,0.0955,0.05,7.275318622589111,0.1,50,2,0.45,100,1,32,0.0455
311,0.4071,0.45,12.845963478088379,1.0,50,4,0.05,100,8,4,0.042899999999999994
312,0.17930000000000001,0.25,5.706477403640747,0.1,100,1,0.85,100,2,1,0.07069999999999999
313,0.2439,0.15,10.965414047241211,1.0,100,2,0.85,100,8,16,0.09390000000000001
314,0.4248,0.35,26.858439922332764,1.0,100,4,0.95,100,2,32,0.07480000000000003
315,0.0699,0.05,3.1144423484802246,0.01,25,1,0.75,200,1,32,0.0199
316,0.4374,0.25,7.713903188705444,10.0,25,2,0.75,200,8,16,0.1874
317,0.2218,0.25,12.831090688705444,1.0,25,4,0.35,200,1,4,0.028200000000000003
318,0.12610000000000002,0.15,5.957685470581055,1.0,50,1,0.15,200,4,16,0.023899999999999977
319,0.2154,0.25,12.182416200637817,0.1,50,2,0.25,200,16,4,0.03459999999999999
320,0.307,0.25,23.284411668777466,10.0,50,4,0.45,200,16,4,0.056999999999999995
321,0.15430000000000002,0.15,11.912317514419556,0.1,100,1,0.05,200,1,1,0.004300000000000026
322,0.0269,0.05,23.989335298538208,1.0,100,2,0.85,200,16,1,0.023100000000000002
323,0.3956,0.45,45.55777549743652,10.0,100,4,0.95,200,16,1,0.054400000000000004
324,0.18230000000000002,0.15,1.0737128257751465,10.0,25,1,0.75,50,2,32,0.03230000000000002
325,0.1988,0.45,2.042856216430664,0.1,25,2,0.95,50,16,32,0.2512
326,0.3582,0.15,3.260340929031372,0.01,25,4,0.35,50,16,16,0.20820000000000002
327,0.3271,0.25,1.8610849380493164,0.1,50,1,0.45,50,8,32,0.0771
328,0.0988,0.25,3.436474323272705,0.1,50,2,0.95,50,16,1,0.1512
329,0.2923,0.45,7.852774143218994,1.0,50,4,0.05,50,16,32,0.1577
330,0.2977,0.15,3.4772698879241943,1.0,100,1,0.45,50,16,1,0.14770000000000003
331,0.4031,0.45,6.541628837585449,10.0,100,2,0.85,50,16,4,0.0469
332,0.4272,0.35,12.95633053779602,10.0,100,4,0.35,50,16,4,0.07720000000000005
333,0.4859,0.25,2.260997772216797,0.01,25,1,0.25,100,4,32,0.2359
334,0.369,0.45,3.7053005695343018,0.1,25,2,0.65,100,2,1,0.08100000000000002
335,0.4793,0.45,6.093445062637329,0.01,25,4,0.35,100,2,1,0.029299999999999993
336,0.11750000000000001,0.25,2.9750471115112305,0.01,50,1,0.45,100,2,32,0.1325
337,0.0767,0.15,5.894444227218628,10.0,50,2,0.85,100,16,4,0.07329999999999999
338,0.0058000000000000005,0.05,11.513048648834229,0.1,50,4,0.65,100,2,1,0.0442
339,0.156,0.15,6.953988552093506,0.1,100,1,0.45,100,4,32,0.006000000000000005
340,0.4601,0.35,12.17404317855835,1.0,100,2,0.35,100,4,1,0.11010000000000003
341,0.3895,0.35,26.06738781929016,1.0,100,4,0.35,100,16,32,0.039500000000000035
342,0.4675,0.25,3.7801239490509033,0.01,25,1,0.15,200,16,16,0.21750000000000003
343,0.0396,0.05,6.648431777954102,10.0,25,2,0.55,200,2,4,0.0104
344,0.0125,0.05,12.559398651123047,10.0,25,4,0.85,200,8,4,0.037500000000000006
345,0.4309,0.35,6.6360461711883545,0.01,50,1,0.45,200,1,4,0.08090000000000003
346,0.0661,0.05,11.314046144485474,1.0,50,2,0.15,200,16,4,0.016100000000000003
347,0.057100000000000005,0.05,24.513028860092163,10.0,50,4,0.35,200,8,16,0.007100000000000002
348,0.4178,0.25,12.989518880844116,0.1,100,1,0.75,200,8,16,0.1678
349,0.2301,0.25,24.857192516326904,1.0,100,2,0.65,200,1,4,0.0199
350,0.4315,0.25,50.52243709564209,10.0,100,4,0.25,200,4,16,0.1815
351,0.0015,0.05,0.9241187572479248,10.0,25,1,0.25,50,8,1,0.0485
352,0.0918,0.15,1.6681265830993652,1.0,25,2,0.35,50,2,1,0.05819999999999999
353,0.4509,0.45,3.597949504852295,10.0,25,4,0.15,50,16,32,0.0009000000000000119
354,0.2968,0.25,2.2233314514160156,10.0,50,1,0.25,50,8,32,0.04680000000000001
355,0.021400000000000002,0.05,3.9340593814849854,10.0,50,2,0.75,50,1,4,0.0286
356,0.21810000000000002,0.15,7.51361346244812,0.01,50,4,0.85,50,2,16,0.06810000000000002
357,0.2861,0.15,5.278724670410156,0.01,100,1,0.95,50,1,32,0.13610000000000003
358,0.3234,0.35,9.368904829025269,1.0,100,2,0.45,50,16,32,0.026599999999999957
359,0.498,0.45,14.475741863250732,10.0,100,4,0.05,50,4,1,0.04799999999999999
360,0.2619,0.35,2.5893754959106445,0.01,25,1,0.85,100,1,32,0.08809999999999996
361,0.0608,0.45,4.558989524841309,1.0,25,2,0.65,100,2,32,0.3892
362,0.4046,0.35,6.503507614135742,10.0,25,4,0.85,100,8,4,0.05460000000000004
363,0.3506,0.45,3.000460624694824,1.0,50,1,0.55,100,8,1,0.09939999999999999
364,0.4872,0.45,6.701012849807739,10.0,50,2,0.25,100,2,1,0.03720000000000001
365,0.24100000000000002,0.15,12.933873176574707,10.0,50,4,0.75,100,4,16,0.09100000000000003
366,0.0714,0.25,7.487526178359985,10.0,100,1,0.05,100,8,32,0.17859999999999998
367,0.09230000000000001,0.05,13.700855016708374,1.0,100,2,0.55,100,2,16,0.042300000000000004
368,0.0835,0.25,28.018604040145874,0.01,100,4,0.25,100,16,16,0.16649999999999998
369,0.2464,0.15,3.6809091567993164,0.01,25,1,0.85,200,8,32,0.09640000000000001
370,0.167,0.25,6.1028892993927,0.01,25,2,0.15,200,1,1,0.08299999999999999
371,0.463,0.45,11.93577766418457,10.0,25,4,0.05,200,2,4,0.013000000000000012
372,0.2574,0.25,6.981963634490967,0.1,50,1,0.95,200,2,4,0.007400000000000018
373,0.3884,0.45,12.904953002929688,1.0,50,2,0.75,200,1,32,0.06159999999999999
374,0.0245,0.05,22.71084499359131,0.01,50,4,0.35,200,4,1,0.025500000000000002
375,0.14200000000000002,0.15,13.708474159240723,10.0,100,1,0.65,200,2,32,0.00799999999999998
376,0.0064,0.05,24.20892357826233,10.0,100,2,0.55,200,4,16,0.0436
377,0.0898,0.05,47.6000714302063,1.0,100,4,0.45,200,16,4,0.0398
378,0.3014,0.35,1.3884098529815674,10.0,25,1,0.05,50,4,16,0.04859999999999998
379,0.4772,0.35,2.0468804836273193,1.0,25,2,0.25,50,8,1,0.12720000000000004
380,0.32980000000000004,0.35,3.465353012084961,10.0,25,4,0.95,50,8,16,0.02019999999999994
381,0.47390000000000004,0.35,2.0616657733917236,1.0,50,1,0.45,50,1,4,0.12390000000000007
382,0.4988,0.35,3.5905191898345947,0.01,50,2,0.75,50,2,32,0.14880000000000004
383,0.49110000000000004,0.35,6.313690662384033,0.1,50,4,0.65,50,16,1,0.14110000000000006
384,0.19740000000000002,0.15,4.490879774093628,10.0,100,1,0.55,50,1,16,0.047400000000000025
385,0.1446,0.15,7.731314420700073,0.1,100,2,0.95,50,2,1,0.005399999999999988
386,0.28040000000000004,0.35,15.251929998397827,0.01,100,4,0.85,50,4,16,0.06959999999999994
387,0.20270000000000002,0.15,1.8835289478302002,10.0,25,1,0.25,100,1,32,0.052700000000000025
388,0.42850000000000005,0.45,3.573375701904297,0.1,25,2,0.65,100,2,16,0.021499999999999964
389,0.006900000000000001,0.05,6.7151689529418945,0.1,25,4,0.95,100,4,32,0.0431
390,0.0944,0.45,2.761676073074341,10.0,50,1,0.25,100,8,4,0.3556
391,0.3341,0.35,6.009587526321411,10.0,50,2,0.95,100,8,1,0.01589999999999997
392,0.12660000000000002,0.05,12.904845476150513,1.0,50,4,0.75,100,16,16,0.07660000000000002
393,0.48050000000000004,0.45,7.071845293045044,0.01,100,1,0.35,100,2,1,0.030500000000000027
394,0.3451,0.25,13.04121208190918,0.01,100,2,0.45,100,8,1,0.09510000000000002
395,0.3033,0.45,24.952312231063843,0.1,100,4,0.05,100,8,16,0.1467
396,0.3337,0.45,2.7212133407592773,1.0,25,1,0.75,200,16,1,0.11630000000000001
397,0.0538,0.15,5.358269453048706,1.0,25,2,0.15,200,4,16,0.0962
398,0.4388,0.35,11.288332462310791,0.01,25,4,0.75,200,2,4,0.08880000000000005
399,0.36250000000000004,0.45,5.153440952301025,10.0,50,1,0.95,200,8,16,0.08749999999999997
400,0.18330000000000002,0.15,12.798299551010132,1.0,50,2,0.05,200,1,4,0.033300000000000024
401,0.3373,0.25,22.58006715774536,10.0,50,4,0.55,200,8,4,0.08729999999999999
402,0.49410000000000004,0.45,13.011813163757324,0.01,100,1,0.25,200,1,1,0.04410000000000003
403,0.42810000000000004,0.45,25.978564977645874,1.0,100,2,0.75,200,4,1,0.021899999999999975
404,0.47400000000000003,0.35,47.7326238155365,1.0,100,4,0.45,200,8,1,0.12400000000000005
405,0.4148,0.45,1.423161268234253,10.0,25,1,0.35,50,1,16,0.03520000000000001
406,0.1361,0.25,2.2489302158355713,1.0,25,2,0.45,50,8,32,0.1139
407,0.365,0.15,3.5654726028442383,0.01,25,4,0.25,50,16,4,0.215
408,0.45320000000000005,0.35,2.015948534011841,0.01,50,1,0.45,50,8,1,0.10320000000000007
409,0.09280000000000001,0.05,3.2918522357940674,0.1,50,2,0.25,50,16,16,0.042800000000000005
410,0.25420000000000004,0.25,7.050816774368286,10.0,50,4,0.45,50,16,32,0.004200000000000037
411,0.2787,0.45,5.20051646232605,1.0,100,1,0.25,50,4,16,0.1713
412,0.2429,0.25,8.300593614578247,1.0,100,2,0.75,50,1,4,0.007099999999999995
413,0.248,0.15,14.185231685638428,1.0,100,4,0.45,50,2,4,0.098
414,0.10990000000000001,0.25,2.1511645317077637,10.0,25,1,0.95,100,4,32,0.1401
415,0.4596,0.45,4.092265367507935,0.1,25,2,0.65,100,8,4,0.009599999999999997
416,0.2953,0.35,5.812660217285156,0.1,25,4,0.35,100,8,16,0.05469999999999997
417,0.0182,0.05,3.545283317565918,10.0,50,1,0.95,100,2,1,0.0318
418,0.10350000000000001,0.05,7.507029056549072,10.0,50,2,0.25,100,4,1,0.053500000000000006
419,0.0176,0.05,13.70142936706543,1.0,50,4,0.15,100,8,4,0.0324
420,0.46180000000000004,0.45,6.633082866668701,0.1,100,1,0.75,100,8,32,0.011800000000000033
421,0.0442,0.05,13.064526319503784,10.0,100,2,0.75,100,1,1,0.0058
422,0.4132,0.35,25.347021341323853,0.01,100,4,0.85,100,4,16,0.06320000000000003
423,0.2635,0.05,2.8242642879486084,1.0,25,1,0.75,200,16,16,0.21350000000000002
424,0.33530000000000004,0.05,7.621066093444824,1.0,25,2,0.25,200,16,32,0.28530000000000005
425,0.4842,0.35,13.781131982803345,1.0,25,4,0.35,200,16,16,0.13420000000000004
426,0.3851,0.35,7.281674385070801,0.01,50,1,0.25,200,4,4,0.03510000000000002
427,0.2323,0.15,11.698556423187256,0.01,50,2,0.25,200,16,1,0.08230000000000001
428,0.30810000000000004,0.35,27.95065188407898,0.01,50,4,0.15,200,1,16,0.04189999999999994
429,0.42010000000000003,0.35,13.457375526428223,10.0,100,1,0.55,200,8,1,0.07010000000000005
430,0.21680000000000002,0.25,24.914228200912476,1.0,100,2,0.55,200,4,32,0.03319999999999998
431,0.0398,0.05,48.594204902648926,0.01,100,4,0.65,200,8,32,0.0102
432,0.054900000000000004,0.05,0.8684945106506348,0.01,25,1,0.95,50,2,16,0.004900000000000002
433,0.3975,0.25,1.5436036586761475,0.1,25,2,0.15,50,1,4,0.14750000000000002
434,0.047400000000000005,0.15,3.1861917972564697,0.01,25,4,0.25,50,16,1,0.1026
435,0.3431,0.25,1.8575427532196045,10.0,50,1,0.85,50,2,1,0.09310000000000002
436,0.4302,0.35,5.113548517227173,1.0,50,2,0.65,50,4,4,0.08020000000000005
437,0.07590000000000001,0.35,7.9551873207092285,0.1,50,4,0.45,50,8,16,0.27409999999999995
438,0.43560000000000004,0.45,3.344883918762207,10.0,100,1,0.45,50,2,1,0.014399999999999968
439,0.3427,0.35,8.671505212783813,1.0,100,2,0.65,50,4,4,0.007299999999999973
440,0.2657,0.25,15.932494640350342,0.1,100,4,0.75,50,1,32,0.015699999999999992
441,0.2879,0.45,1.6012511253356934,0.1,25,1,0.25,100,16,4,0.16210000000000002
442,0.0297,0.05,3.137587308883667,1.0,25,2,0.95,100,4,32,0.020300000000000002
443,0.027200000000000002,0.05,5.2433412075042725,10.0,25,4,0.35,100,1,1,0.0228
444,0.010700000000000001,0.05,3.130952835083008,10.0,50,1,0.35,100,2,16,0.0393
445,0.38270000000000004,0.35,6.475118160247803,10.0,50,2,0.25,100,1,32,0.03270000000000006
446,0.4686,0.45,13.46452021598816,0.01,50,4,0.15,100,1,4,0.018600000000000005
447,0.0392,0.05,5.974618434906006,0.01,100,1,0.15,100,2,1,0.010800000000000004
448,0.126,0.15,12.262453079223633,0.1,100,2,0.55,100,1,32,0.023999999999999994
449,0.1587,0.25,23.621253728866577,10.0,100,4,0.55,100,2,32,0.09129999999999999
450,0.44820000000000004,0.45,2.7769711017608643,0.1,25,1,0.55,200,1,32,0.0017999999999999683
451,0.16870000000000002,0.35,7.302692413330078,0.01,25,2,0.05,200,16,1,0.18129999999999996
452,0.2519,0.25,11.866651058197021,0.01,25,4,0.25,200,1,1,0.0019000000000000128
453,0.0261,0.05,6.2597832679748535,0.01,50,1,0.95,200,1,16,0.0239
454,0.0412,0.05,11.499555826187134,10.0,50,2,0.55,200,1,32,0.008800000000000002
455,0.41800000000000004,0.35,24.95871591567993,1.0,50,4,0.55,200,2,32,0.06800000000000006
456,0.4955,0.35,12.507205963134766,0.01,100,1,0.25,200,4,32,0.14550000000000002
457,0.3589,0.25,23.955536603927612,1.0,100,2,0.85,200,2,16,0.1089
458,0.49720000000000003,0.45,53.75033378601074,0.1,100,4,0.25,200,1,32,0.04720000000000002
459,0.388,0.25,0.9013144969940186,1.0,25,1,0.35,50,2,32,0.138
460,0.1307,0.15,1.4786295890808105,10.0,25,2,0.15,50,2,1,0.019299999999999984
461,0.2451,0.35,4.030810832977295,0.01,25,4,0.05,50,16,16,0.10489999999999997
462,0.0752,0.05,2.0508241653442383,0.1,50,1,0.85,50,2,32,0.0252
463,0.4305,0.25,4.207946300506592,0.1,50,2,0.15,50,1,32,0.1805
464,0.4284,0.35,7.931929588317871,10.0,50,4,0.95,50,2,4,0.07840000000000003
465,0.31930000000000003,0.45,4.8987109661102295,0.01,100,1,0.15,50,1,4,0.13069999999999998
466,0.030500000000000003,0.25,8.628978729248047,10.0,100,2,0.45,50,8,1,0.2195
467,0.1168,0.15,16.24761652946472,0.1,100,4,0.45,50,8,32,0.03319999999999999
468,0.38780000000000003,0.35,1.9553921222686768,0.01,25,1,0.95,100,16,4,0.037800000000000056
469,0.31270000000000003,0.15,2.768770933151245,1.0,25,2,0.85,100,16,4,0.16270000000000004
470,0.49050000000000005,0.25,5.65158224105835,0.1,25,4,0.55,100,2,16,0.24050000000000005
471,0.2954,0.35,2.9985485076904297,0.1,50,1,0.25,100,8,1,0.05459999999999998
472,0.0262,0.05,5.39776611328125,10.0,50,2,0.65,100,2,16,0.0238
473,0.0059,0.15,12.789971590042114,10.0,50,4,0.05,100,4,32,0.1441
474,0.2513,0.25,7.6782546043396,0.1,100,1,0.15,100,8,1,0.0013000000000000234
475,0.4209,0.45,13.907492876052856,0.01,100,2,0.75,100,8,4,0.029100000000000015
476,0.16140000000000002,0.45,28.36810278892517,10.0,100,4,0.25,100,16,4,0.28859999999999997
477,0.0753,0.05,3.8245487213134766,1.0,25,1,0.25,200,1,4,0.025300000000000003
478,0.4521,0.25,6.8916332721710205,0.01,25,2,0.45,200,8,32,0.2021
479,0.2456,0.25,12.122158288955688,0.1,25,4,0.05,200,1,1,0.004399999999999987
480,0.46390000000000003,0.35,6.64488673210144,1.0,50,1,0.15,200,4,16,0.11390000000000006
481,0.0328,0.05,11.659669876098633,1.0,50,2,0.85,200,2,1,0.0172
482,0.053000000000000005,0.05,26.627508878707886,10.0,50,4,0.45,200,8,4,0.0030000000000000027
483,0.3811,0.35,13.444267988204956,0.01,100,1,0.85,200,16,4,0.031100000000000017
484,0.0223,0.05,26.80712342262268,1.0,100,2,0.05,200,2,1,0.027700000000000002
485,0.45840000000000003,0.45,44.551814794540405,1.0,100,4,0.45,200,1,32,0.008400000000000019
486,0.048600000000000004,0.15,1.3017935752868652,0.1,25,1,0.95,50,8,4,0.10139999999999999
487,0.1869,0.15,1.7250359058380127,10.0,25,2,0.75,50,16,4,0.036900000000000016
488,0.3028,0.35,4.235785245895386,0.1,25,4,0.55,50,16,4,0.047199999999999964
489,0.17350000000000002,0.25,2.294013738632202,1.0,50,1,0.35,50,1,1,0.07649999999999998
490,0.4994,0.45,3.1099061965942383,0.01,50,2,0.25,50,1,16,0.0494
491,0.4519,0.45,7.22083854675293,0.1,50,4,0.25,50,16,4,0.0019000000000000128
492,0.21760000000000002,0.25,3.690037727355957,0.01,100,1,0.25,50,4,4,0.032399999999999984
493,0.42460000000000003,0.45,8.931892156600952,0.1,100,2,0.35,50,16,1,0.025399999999999978
494,0.30710000000000004,0.15,13.21055269241333,1.0,100,4,0.95,50,16,16,0.15710000000000005
495,0.47090000000000004,0.45,1.3454663753509521,0.1,25,1,0.95,100,16,1,0.02090000000000003
496,0.0316,0.05,2.6262924671173096,0.01,25,2,0.25,100,2,16,0.0184
497,0.0051,0.05,6.240122318267822,0.1,25,4,0.95,100,16,4,0.0449
498,0.17650000000000002,0.15,2.9514801502227783,0.01,50,1,0.75,100,16,4,0.026500000000000024
499,0.1726,0.15,5.94318699836731,1.0,50,2,0.75,100,2,4,0.02260000000000001
500,0.133,0.05,15.668633937835693,0.1,50,4,0.75,100,8,1,0.083
501,0.0941,0.05,7.378063201904297,10.0,100,1,0.35,100,1,4,0.0441
502,0.35650000000000004,0.35,14.795939922332764,1.0,100,2,0.65,100,16,16,0.006500000000000061
503,0.1988,0.15,24.642296075820923,0.01,100,4,0.75,100,1,16,0.04880000000000001
504,0.3466,0.45,2.63362717628479,10.0,25,1,0.95,200,16,16,0.10339999999999999
505,0.0499,0.45,5.25214958190918,0.01,25,2,0.45,200,2,16,0.4001
506,0.48040000000000005,0.45,12.640856266021729,10.0,25,4,0.05,200,1,16,0.030400000000000038
507,0.108,0.05,6.000677585601807,10.0,50,1,0.55,200,16,4,0.057999999999999996
508,0.4042,0.35,10.97316575050354,0.1,50,2,0.05,200,16,16,0.054200000000000026
509,0.2376,0.05,23.287960529327393,0.1,50,4,0.85,200,16,4,0.1876
510,0.3799,0.35,11.94280743598938,10.0,100,1,0.55,200,16,1,0.029900000000000038
511,0.1461,0.15,22.345993518829346,0.1,100,2,0.35,200,4,1,0.003899999999999987
512,0.4405,0.35,45.21550226211548,0.01,100,4,0.45,200,16,1,0.09050000000000002
513,0.151,0.15,0.8319566249847412,0.1,25,1,0.65,50,4,1,0.0010000000000000009
514,0.21400000000000002,0.25,1.8873965740203857,0.01,25,2,0.95,50,8,16,0.035999999999999976
515,0.162,0.25,3.6307735443115234,1.0,25,4,0.35,50,1,1,0.088
516,0.0887,0.25,3.092369794845581,1.0,50,1,0.15,50,2,32,0.1613
517,0.22940000000000002,0.45,3.033493995666504,10.0,50,2,0.95,50,8,4,0.2206
518,0.2866,0.15,6.739309072494507,1.0,50,4,0.85,50,16,32,0.13660000000000003
519,0.43820000000000003,0.35,3.8010928630828857,0.1,100,1,0.45,50,4,1,0.08820000000000006
520,0.49760000000000004,0.25,7.592466592788696,0.01,100,2,0.25,50,4,1,0.24760000000000004
521,0.4227,0.35,14.25163745880127,10.0,100,4,0.45,50,1,16,0.07270000000000004
522,0.24150000000000002,0.05,1.5116901397705078,1.0,25,1,0.75,100,2,16,0.1915
523,0.36860000000000004,0.35,2.7168591022491455,0.01,25,2,0.45,100,2,32,0.01860000000000006
524,0.050100000000000006,0.05,7.389414548873901,0.01,25,4,0.55,100,1,4,0.00010000000000000286
525,0.0608,0.25,4.326547622680664,1.0,50,1,0.95,100,16,4,0.1892
526,0.47590000000000005,0.25,5.697692155838013,1.0,50,2,0.95,100,16,16,0.22590000000000005
527,0.115,0.05,10.94626498222351,0.01,50,4,0.55,100,1,32,0.065
528,0.21780000000000002,0.15,7.994845867156982,1.0,100,1,0.95,100,16,16,0.06780000000000003
529,0.2122,0.05,13.93138837814331,1.0,100,2,0.15,100,16,32,0.1622
530,0.4605,0.45,25.868213415145874,10.0,100,4,0.05,100,16,1,0.01050000000000001
531,0.2555,0.35,2.7980828285217285,0.1,25,1,0.95,200,4,16,0.09449999999999997
532,0.3698,0.45,6.66242790222168,0.1,25,2,0.45,200,4,32,0.0802
533,0.060700000000000004,0.05,12.317837953567505,10.0,25,4,0.05,200,2,1,0.010700000000000001
534,0.44620000000000004,0.45,6.3326575756073,0.01,50,1,0.55,200,1,16,0.00379999999999997
535,0.364,0.25,13.033707618713379,0.01,50,2,0.55,200,8,16,0.11399999999999999
536,0.046700000000000005,0.05,24.05417490005493,10.0,50,4,0.65,200,8,16,0.0032999999999999974
537,0.42860000000000004,0.25,11.828357458114624,10.0,100,1,0.75,200,4,32,0.17860000000000004
538,0.4173,0.25,24.109253644943237,1.0,100,2,0.05,200,16,4,0.1673
539,0.258,0.25,47.75239157676697,10.0,100,4,0.35,200,1,1,0.008000000000000007
