ensemble_size,calibration_batches,edge_per_t,evidences_per_t,T,real_epsilon_plus,real_epsilon_minus,mu_plus,mu_minus,rho,epsilon_plus_msm,epsilon_minus_msm,time_msm,abs_error_msm_plus,abs_error_msm_minus,rel_error_msm_plus,rel_error_msm_minus,epsilon_plus_pgabm,epsilon_minus_pgabm,time_pgabm,abs_error_pgabm_plus,abs_error_pgabm_minus,rel_error_pgabm_plus,rel_error_pgabm_minus,X0_r2
1,400,1,4,16,0.45133192053425397,0.751186982541886,0.1,0.1,16,0.42292,0.7715099999987644,9.325222492218018,0.028411920534253954,0.020323017456878367,0.06295127652531642,0.027054538921998907,,,2.876415967941284,,,,,
1,400,1,4,32,0.4622614607402338,0.5285831900281276,0.1,0.1,16,0.32485,0.5129999999999408,12.918526411056519,0.13741146074023375,0.015583190028186755,0.2972591756193399,0.029481054869258186,,,5.640949487686157,,,,,
1,400,1,4,64,0.16937366393487385,0.5917526310931982,0.1,0.1,16,0.36301000000000005,0.623279999999439,19.409173488616943,0.1936363360651262,0.03152736890624075,1.1432493787203046,0.05327795306629628,,,11.33942723274231,,,,,
1,400,1,4,128,0.04226373781378823,0.660613836850332,0.1,0.1,16,0.06541000000000001,0.6432999999993478,32.887649059295654,0.023146262186211783,0.0173138368509842,0.547662449738662,0.026208710573688457,,,24.518030881881714,,,,,
1,400,1,4,256,0.08372851243076695,0.8123822962900927,0.1,0.1,16,0.11656000000000001,0.7481699999988706,69.46151113510132,0.032831487569233056,0.06421229629122216,0.39211836704229763,0.07904196901441665,,,57.74409031867981,,,,,
1,400,1,4,512,0.02333240716081031,0.7500602201147677,0.1,0.1,16,0.025970000000000003,0.800359999998633,122.63133335113525,0.0026375928391896945,0.05029977988386536,0.1130441801829972,0.06706098861791247,,,957.8930079936981,,,,,
1,400,1,8,16,0.05776628609448525,0.6801151999825754,0.1,0.1,16,0.038930000000000006,0.710059999999044,9.380282402038574,0.018836286094485247,0.029944800016468598,0.32607749897017324,0.04402901158103184,,,2.8557262420654297,,,,,
1,400,1,8,32,0.04967394602764463,0.7650122764359475,0.1,0.1,16,0.015340000000000001,0.5663899999996979,12.908427476882935,0.034333946027644634,0.19862227643624963,0.691186200680273,0.25963279617105567,,,5.679568290710449,,,,,
1,400,1,8,64,0.3298686731810372,0.9456743989480894,0.1,0.1,16,0.41953,0.9136299999981176,19.766697883605957,0.08966132681896283,0.0320443989499718,0.2718091595492466,0.03388523469136527,,,11.644881963729858,,,,,
1,400,1,8,128,0.24130263011278136,0.6636391821790173,0.1,0.1,16,0.17999,0.6053199999995207,33.57257962226868,0.06131263011278135,0.05831918217949661,0.2540901857726321,0.08787784649485171,,,23.564512968063354,,,,,
1,400,1,8,256,0.03917848492566722,0.5027018146108568,0.1,0.1,16,0.0011,0.5268299999998779,61.014938831329346,0.038078484925667226,0.024128185389021062,0.9719233655388407,0.04799701271756652,,,51.894558906555176,,,,,
1,400,1,8,512,0.029205592333668207,0.9713814413378482,0.1,0.1,16,0.01118,0.9083399999981416,132.5195508003235,0.018025592333668204,0.06304144133970657,0.617196601518275,0.0648987500243796,,,896.8058390617371,,,,,
1,400,1,16,16,0.40578319454653466,0.7269015183095417,0.1,0.1,16,0.47768000000000005,0.6499499999993176,9.430722951889038,0.07189680545346538,0.07695151831022418,0.17718034265517213,0.10586237113547389,,,2.7863049507141113,,,,,
1,400,1,16,32,0.35785450257553864,0.9985984033160091,0.1,0.1,16,0.28628000000000003,0.7425399999988962,12.674804210662842,0.0715745025755386,0.25605840331711294,0.20001006571219573,0.2564177976520182,,,5.584531545639038,,,,,
1,400,1,16,64,0.2491081364162369,0.7056364816680418,0.1,0.1,16,0.14172,0.7209299999989945,21.25293517112732,0.1073881364162369,0.015293518330952716,0.43109044112794914,0.021673366851442593,,,13.244871854782104,,,,,
1,400,1,16,128,0.26944631422343845,0.52435931037772,0.1,0.1,16,0.33579000000000003,0.5050699999999769,37.95935821533203,0.06634368577656158,0.019289310377743063,0.24622227981766362,0.03678643631567844,,,27.31364369392395,,,,,
1,400,1,16,256,0.03512452691396939,0.6849059754324875,0.1,0.1,16,0.02108,0.6445599999993421,68.30508589744568,0.014044526913969388,0.04034597543314544,0.39984956803457283,0.05890731995390865,,,56.984463691711426,,,,,
1,400,1,16,512,0.11780681452923636,0.5493464288517581,0.1,0.1,16,0.13870000000000002,0.6081599999995078,124.50363516807556,0.02089318547076366,0.058813571147749655,0.17735124707559727,0.1070609874914115,,,1021.1573479175568,,,,,
1,400,4,4,16,0.44346922735684763,0.550789522452315,0.1,0.1,16,0.24415000000000003,0.5514999999997656,11.528945446014404,0.1993192273568476,0.000710477547450572,0.44945447183522574,0.001289925676667319,,,110.30729842185974,,,,,
1,400,4,4,32,0.07498715833030523,0.778047006680648,0.1,0.1,16,0.2513,0.8002499999986336,16.367460250854492,0.1763128416696948,0.022202993317985587,2.3512404736430708,0.028536827630388763,,,54.17293405532837,,,,,
1,400,4,4,64,0.05046937319572331,0.8098621927824297,0.1,0.1,16,0.05099000000000001,0.795749999998654,26.21938443183899,0.000520626804276697,0.014112192783775623,0.010315697844268334,0.017425424855666623,,,72.82123279571533,,,,,
1,400,4,4,128,0.3336442276068295,0.6174565412692916,0.1,0.1,16,0.27219000000000004,0.5546899999997511,45.58962965011597,0.06145422760682945,0.06276654126954051,0.184190891140631,0.1016533748926082,,,396.1057496070862,,,,,
1,400,4,4,256,0.2896980848998769,0.5802072437288908,0.1,0.1,16,0.1842,0.5199699999999091,75.29145073890686,0.10549808489987691,0.06023724372898165,0.3641656275923892,0.10382022006800086,,,166.95139360427856,,,,,
1,400,4,4,512,0.313712171513877,0.6553129012339545,0.1,0.1,16,0.21262000000000003,0.6808799999991768,143.74447774887085,0.10109217151387695,0.02556709876522234,0.3222449770630119,0.03901510059862927,,,1744.1784844398499,,,,,
1,400,4,8,16,0.2734645185391009,0.7988512333174358,0.1,0.1,16,0.18781,0.7587899999988222,8.026768207550049,0.08565451853910092,0.040061233318613554,0.3132198611969243,0.05014855288167854,,,2.205364227294922,,,,,
1,400,4,8,32,0.02215380197957012,0.9578688077804849,0.1,0.1,16,0.14801,0.8266299999985135,11.385244369506836,0.12585619802042988,0.1312388077819714,5.68102026625012,0.13701125531592362,,,11.303926229476929,,,,,
1,400,4,8,64,0.1768787433263796,0.788990910447751,0.1,0.1,16,0.46035000000000004,0.5473899999997843,18.268218517303467,0.28347125667362044,0.24160091044796672,1.6026304311228319,0.306215074532175,,,9.054854393005371,,,,,
1,400,4,8,128,0.4561338790880614,0.7649964335664086,0.1,0.1,16,0.49271000000000004,0.7038099999990725,31.773466110229492,0.036576120911938625,0.06118643356733611,0.0801872489389836,0.07998263898053137,,,20.946064710617065,,,,,
1,400,4,8,256,0.49370370628574084,0.8321312393271815,0.1,0.1,16,0.38661,0.8511699999984018,58.548001289367676,0.10709370628574083,0.019038760671220345,0.2169189838403972,0.022879516801477262,,,81.98178195953369,,,,,
1,400,4,8,512,0.2842408722089718,0.5459676716189192,0.1,0.1,16,0.20603000000000002,0.6784499999991879,112.66085529327393,0.0782108722089718,0.13248232838026863,0.275157022989543,0.24265599460757112,,,119.69753050804138,,,,,
1,400,4,16,16,0.4131385168743628,0.5326281835113187,0.1,0.1,16,0.11931000000000001,0.6701299999992257,9.985256910324097,0.2938285168743628,0.13750181648790705,0.7112106590722871,0.2581572300238315,,,7.089043378829956,,,,,
1,400,4,16,32,0.07153687956461496,0.802584897452451,0.1,0.1,16,0.20854000000000003,0.942089999997988,11.666818380355835,0.13700312043538507,0.13950510254553705,1.9151397330888382,0.17381974541054956,,,9.109402656555176,,,,,
1,400,4,16,64,0.1682899234682454,0.5872529235317989,0.1,0.1,16,0.30509000000000003,0.817729999998554,18.510998487472534,0.13680007653175463,0.23047707646675508,0.812883348643078,0.3924664607553462,,,10.872050523757935,,,,,
1,400,4,16,128,0.4374232875216041,0.747044384463043,0.1,0.1,16,0.42455000000000004,0.7473299999988744,31.82959222793579,0.012873287521604049,0.0002856155358313961,0.02942981749907004,0.0003823273981728535,,,20.662765979766846,,,,,
1,400,4,16,256,0.16211874804934295,0.5188757423176493,0.1,0.1,16,0.38397000000000003,0.5287299999998692,58.51731634140015,0.22185125195065708,0.009854257682219925,1.3684490820465365,0.018991555932455346,,,44.13554906845093,,,,,
1,400,4,16,512,0.3185089233238568,0.7828482062739883,0.1,0.1,16,0.31505000000000005,0.773999999998753,113.47397303581238,0.003458923323856722,0.008848206275235304,0.010859737578967991,0.011302582294144681,,,132.93537998199463,,,,,
1,400,16,4,16,0.3689879229054366,0.5762495919922426,0.1,0.1,16,0.30796,0.5096399999999561,8.095848321914673,0.06102792290543657,0.06660959199228644,0.16539273812784563,0.11559156469334755,,,2.3458454608917236,,,,,
1,400,16,4,32,0.07116863769322679,0.5977023011976554,0.1,0.1,16,0.36032000000000003,0.8183699999985511,11.43368935585022,0.28915136230677324,0.22066769880089565,4.062904274677329,0.36919332309534236,,,4.530709981918335,,,,,
1,400,16,4,64,0.49259519356007414,0.7671151541707596,0.1,0.1,16,0.4776,0.8149699999985666,18.14856457710266,0.014995193560074116,0.04785484582780697,0.030441209650669047,0.062382871160376656,,,9.288747072219849,,,,,
1,400,16,4,128,0.011906713553397896,0.698499624578113,0.1,0.1,16,0.13941,0.6493499999993203,32.16827368736267,0.1275032864466021,0.04914962457879268,10.708520522878933,0.07036456835388935,,,39.4719660282135,,,,,
1,400,16,4,256,0.1847279989559507,0.7821500481621996,0.1,0.1,16,0.23695000000000002,0.7557999999988358,59.20542573928833,0.05222200104404931,0.026350048163363726,0.2826967289160205,0.033689249556754286,,,47.1851966381073,,,,,
1,400,16,4,512,0.49188029588360593,0.5361621554314586,0.1,0.1,16,0.34639000000000003,0.633369999999393,113.04205918312073,0.1454902958836059,0.09720784456793441,0.2957839480482735,0.18130306957175976,,,275.91673731803894,,,,,
1,400,16,8,16,0.36596935323878876,0.8831742138472203,0.1,0.1,16,0.31314000000000003,0.8661299999983337,8.075196743011475,0.052829353238788734,0.017044213848886547,0.14435458262079798,0.019298812829509324,,,2.548616647720337,,,,,
1,400,16,8,32,0.26650088756085283,0.8458272769513671,0.1,0.1,16,0.18525000000000003,0.7332099999989387,11.566700458526611,0.0812508875608528,0.1126172769524284,0.30488036383105843,0.13314453201170953,,,4.46726131439209,,,,,
1,400,16,8,64,0.3374365993011668,0.8177823780456129,0.1,0.1,16,0.49797,0.7305599999989507,18.101901292800903,0.1605334006988332,0.08722237804666222,0.47574389094513997,0.10665719926016463,,,9.118807792663574,,,,,
1,400,16,8,128,0.24006858486390803,0.9057070188333733,0.1,0.1,16,0.49988000000000005,0.5485399999997791,31.63879370689392,0.259811415136092,0.35716701883359425,1.082238291542294,0.39435160753601683,,,19.167468309402466,,,,,
1,400,16,8,256,0.10475975229794054,0.7721755303597782,0.1,0.1,16,0.16911,0.7409999999989032,58.737462282180786,0.06435024770205947,0.031175530360874948,0.6142649852688179,0.040373631558033696,,,81.85667586326599,,,,,
1,400,16,8,512,0.03487957487819782,0.5684150847243624,0.1,0.1,16,0.13217,0.7195299999990009,112.47429251670837,0.0972904251218022,0.1511149152746385,2.789323707687032,0.2658531051263666,,,164.25351285934448,,,,,
1,400,16,16,16,0.3283662896142823,0.5248749371053942,0.1,0.1,16,0.0695,0.7615799999988095,8.074405193328857,0.2588662896142823,0.2367050628934153,0.788346117740531,0.450974215303188,,,5.390785217285156,,,,,
1,400,16,16,32,0.2233945729805603,0.5259470884789457,0.1,0.1,16,0.42065,0.8097899999985901,11.60932445526123,0.1972554270194397,0.28384291151964447,0.8829911326297295,0.5396795946537635,,,4.582846641540527,,,,,
1,400,16,16,64,0.47794312755397916,0.6140679738076997,0.1,0.1,16,0.38910000000000006,0.6504599999993153,18.166659593582153,0.0888431275539791,0.03639202619161552,0.18588640035198564,0.059263840069620655,,,9.330971002578735,,,,,
1,400,16,16,128,0.30233800989267245,0.6333352606752026,0.1,0.1,16,0.27335000000000004,0.5141199999999357,31.66230082511902,0.028988009892672417,0.11921526067526689,0.09587947576609017,0.18823404929037232,,,19.63563323020935,,,,,
1,400,16,16,256,0.44419479169457315,0.5477983163898632,0.1,0.1,16,0.30048,0.5384299999998251,58.641724586486816,0.14371479169457313,0.0093683163900381,0.32354001978796487,0.017101761925406782,,,52.862160444259644,,,,,
1,400,16,16,512,0.47680374349426663,0.5631438407661978,0.1,0.1,16,0.49601000000000006,0.5264599999998796,116.55208992958069,0.019206256505733432,0.036683840766318254,0.04028126198208924,0.06514115597252602,,,116.87861824035645,,,,,
1,400,64,4,16,0.21638807638400692,0.8312263486885949,0.1,0.1,16,0.13798000000000002,0.8459999999984253,8.17841100692749,0.0784080763840069,0.014773651309830438,0.36234933871708463,0.017773319304830098,,,5.8232035636901855,,,,,
1,400,64,4,32,0.2823863274026891,0.7201532652773563,0.1,0.1,16,0.35048,0.7235999999989824,11.545429468154907,0.06809367259731092,0.0034467347216260436,0.24113657776429043,0.004786112745456462,,,9.385843753814697,,,,,
1,400,64,4,64,0.28771320172468134,0.8617097233344448,0.1,0.1,16,0.15176,0.9486299999979583,18.42121648788452,0.13595320172468134,0.08692027666351343,0.472530286791559,0.10086955538481039,,,9.976417541503906,,,,,
1,400,64,4,128,0.015728895096158657,0.8649696548444056,0.1,0.1,16,0.11230000000000001,0.8469799999984209,31.781328201293945,0.09657110490384135,0.017989654845984693,6.139725919300342,0.02079801845675239,,,22.200539112091064,,,,,
1,400,64,4,256,0.01177553753353161,0.5059603752320112,0.1,0.1,16,0.23282000000000003,0.5036099999999836,59.10184049606323,0.22104446246646842,0.002350375232027635,18.771496573895664,0.004645374118378057,,,44.71246814727783,,,,,
1,400,64,4,512,0.4718637175486664,0.9085593271377739,0.1,0.1,16,0.49389000000000005,0.8933899999982097,114.18228316307068,0.022026282451333645,0.015169327139564204,0.04667933056129057,0.01669602268830589,,,119.73469543457031,,,,,
1,400,64,8,16,0.38800261845317147,0.9375126226320576,0.1,0.1,16,0.46059000000000005,0.851139999998402,8.092092275619507,0.07258738154682859,0.08637262263365564,0.1870796177515726,0.09212955703056598,,,2.2410531044006348,,,,,
1,400,64,8,32,0.31975739301863637,0.8170501933414005,0.1,0.1,16,0.005090000000000001,0.9365899999980131,11.46748948097229,0.3146673930186364,0.11953980665661257,0.9840816815775599,0.1463065643100135,,,4.532949209213257,,,,,
1,400,64,8,64,0.19897212512463425,0.963641755561861,0.1,0.1,16,0.28724000000000005,0.8149499999985667,18.28046417236328,0.0882678748753658,0.1486917555632944,0.443619300040524,0.15430190182719736,,,9.181423664093018,,,,,
1,400,64,8,128,0.24656440618575565,0.7640118161202765,0.1,0.1,16,0.15257,0.7732499999987564,32.2667191028595,0.09399440618575564,0.009238183878479966,0.3812164441729782,0.012091676703892263,,,40.1019926071167,,,,,
1,400,64,8,256,0.35142874646380573,0.9179606404176669,0.1,0.1,16,0.41731,0.7902099999986792,59.04263162612915,0.06588125353619428,0.12775064041898765,0.1874668882358476,0.1391678845411736,,,45.65363025665283,,,,,
1,400,64,8,512,0.4037893015410737,0.5016076757022989,0.1,0.1,16,0.44648000000000004,0.5596499999997285,113.57756519317627,0.04269069845892637,0.058042324297429615,0.10572518463464997,0.11571259194980377,,,220.7225444316864,,,,,
1,400,64,16,16,0.06191230735313369,0.5223058614580296,0.1,0.1,16,0.45673,0.6282699999994162,8.271693229675293,0.39481769264686634,0.10596413854138664,6.377046980254123,0.20287755960766965,,,2.317796468734741,,,,,
1,400,64,16,32,0.0010066432555921878,0.6624981252302484,0.1,0.1,16,0.46674000000000004,0.5251699999998855,11.471807479858398,0.46573335674440786,0.13732812523036297,462.659789510462,0.20728832278979684,,,4.580778121948242,,,,,
1,400,64,16,64,0.4990074529007308,0.7322231857613999,0.1,0.1,16,0.45302000000000003,0.8027099999986224,18.702033519744873,0.04598745290073075,0.07048681423722247,0.09215784781049992,0.09626411128176307,,,11.062084674835205,,,,,
1,400,64,16,128,0.26186440865241417,0.6374260735836297,0.1,0.1,16,0.10125,0.7073599999990563,32.27694749832153,0.16061440865241416,0.06993392641542662,0.6133495173282818,0.10971299937929406,,,19.69197106361389,,,,,
1,400,64,16,256,0.09525511259154884,0.7946413338460205,0.1,0.1,16,0.23963,0.7026999999990775,59.80919551849365,0.14437488740845117,0.09194133384694303,1.5156654953264976,0.1157016756250924,,,61.231236696243286,,,,,
1,400,64,16,512,0.4956680421712173,0.9693823958671834,0.1,0.1,16,0.49968000000000007,0.9872299999977826,113.30067682266235,0.004011957828782775,0.01784760413059916,0.00809404175263923,0.018411314468562402,,,194.3428509235382,,,,,
1,400,1,4,16,0.30717375293635374,0.7231683227647818,0.1,0.1,16,0.35490000000000005,0.721709999998991,7.705798387527466,0.04772624706364631,0.0014583227657908315,0.15537215210420394,0.00201657445422311,,,2.201068639755249,,,,,
1,400,1,4,32,0.1447166589050844,0.7705097401072105,0.1,0.1,16,0.16822,0.7499399999988625,10.306792259216309,0.023503341094915614,0.020569740108348,0.16240936788300783,0.026696275254724074,,,4.311876058578491,,,,,
1,400,1,4,64,0.02400805282195345,0.9770172667808934,0.1,0.1,16,0.13116,0.9986199999977308,15.70193338394165,0.10715194717804655,0.021602733216837366,4.463166920395336,0.022110902182941677,,,8.85344648361206,,,,,
1,400,1,4,128,0.42754417757364327,0.9492521449655953,0.1,0.1,16,0.49395000000000006,0.6440399999993445,26.673592567443848,0.06640582242635679,0.3052121449662508,0.15531920655127754,0.32152905483011884,,,18.27076482772827,,,,,
1,400,1,4,256,0.2753920830278225,0.9305952692628178,0.1,0.1,16,0.24205000000000002,0.9199399999980888,48.64795279502869,0.03334208302782246,0.010655269264728928,0.12107132006570413,0.011449949958556771,,,38.905344009399414,,,,,
1,400,1,4,512,0.13464601894731243,0.9805980247408921,0.1,0.1,16,0.10497000000000001,0.9018499999981712,93.1606240272522,0.02967601894731242,0.07874802474272091,0.22040027012551167,0.08030612213758932,,,102.20549416542053,,,,,
1,400,1,8,16,0.20997244580687513,0.6458303427467428,0.1,0.1,16,0.00462,0.5673999999996933,7.525574684143066,0.20535244580687512,0.07843034274704952,0.9779971129914383,0.12144109304849642,,,2.170091390609741,,,,,
1,400,1,8,32,0.12498656022998794,0.8269585476281756,0.1,0.1,16,0.15807000000000002,0.5410299999998133,10.194125413894653,0.033083439770012074,0.2859285476283623,0.26469597778461296,0.34575922632209616,,,4.27517032623291,,,,,
1,400,1,8,64,0.24586646955761432,0.9107751057430438,0.1,0.1,16,0.16898000000000002,0.5759199999996545,15.542279481887817,0.0768864695576143,0.3348551057433893,0.3127163687507107,0.3676594843577792,,,8.694324493408203,,,,,
1,400,1,8,128,0.21598715615978553,0.5872511919522143,0.1,0.1,16,0.15514,0.6068799999995136,26.35963797569275,0.06084715615978553,0.019628808047299273,0.2817165485283361,0.03342489264610382,,,18.1279776096344,,,,,
1,400,1,8,256,0.4146946490077677,0.7107426958928103,0.1,0.1,16,0.42191,0.6712599999992206,49.12545609474182,0.007215350992232306,0.03948269589358966,0.01739919000521551,0.05555132134561421,,,38.95042300224304,,,,,
1,400,1,8,512,0.4217163067713496,0.8031196101310587,0.1,0.1,16,0.37297,0.841669999998445,91.95595836639404,0.04874630677134956,0.03855038986738635,0.11559028187586619,0.04800080757721185,,,136.01373052597046,,,,,
1,400,1,16,16,0.10489954385596262,0.7665632936424225,0.1,0.1,16,0.20213,0.5065199999999703,7.654527187347412,0.09723045614403739,0.26004329364245216,0.9268911243078841,0.33923264497419847,,,2.2097880840301514,,,,,
1,400,1,16,32,0.47427119987228433,0.7805904912654291,0.1,0.1,16,0.43297,0.7790299999987301,10.32474160194397,0.04130119987228431,0.0015604912666989934,0.08708350809285118,0.001999116417840619,,,4.498012542724609,,,,,
1,400,1,16,64,0.05511744700820986,0.9809536770985412,0.1,0.1,16,0.06716000000000001,0.9370899999980108,15.713558435440063,0.012042552991790148,0.04386367710053041,0.21848894761029813,0.04471533990297088,,,8.736715316772461,,,,,
1,400,1,16,128,0.4324662407705365,0.6224156221306771,0.1,0.1,16,0.38196,0.6427399999993504,26.467243671417236,0.050506240770536504,0.02032437786867325,0.1167865512011948,0.03265402915032572,,,18.43960738182068,,,,,
1,400,1,16,256,0.4683040669035259,0.7292294056600002,0.1,0.1,16,0.48016000000000003,0.7483099999988699,48.333309173583984,0.011855933096474147,0.019080594338869772,0.025316741694913696,0.026165420909762396,,,38.975181341171265,,,,,
1,400,1,16,512,0.0643149771675795,0.9688191707294522,0.1,0.1,16,0.07416,0.5025399999999884,92.66555261611938,0.009845022832420502,0.4662791707294638,0.15307511976204624,0.4812860694926057,,,90.05348110198975,,,,,
1,400,4,4,16,0.45753865825696055,0.9012358182949907,0.1,0.1,16,0.4101,0.7041799999990708,8.06815505027771,0.04743865825696053,0.1970558182959199,0.10368229525715458,0.2186506731043173,,,2.2339508533477783,,,,,
1,400,4,4,32,0.14236202804719283,0.9669168952892702,0.1,0.1,16,0.08941,0.9935899999977537,11.390956163406372,0.05295202804719283,0.026673104708483497,0.37195331348917915,0.027585726176088555,,,4.32468581199646,,,,,
1,400,4,4,64,0.10992888680927998,0.7923897456398856,0.1,0.1,16,0.26701,0.8286999999985041,18.053247928619385,0.15708111319072005,0.036310254358618455,1.4289339021802918,0.045823730756758475,,,8.83453369140625,,,,,
1,400,4,4,128,0.3701925980168134,0.9548602962185923,0.1,0.1,16,0.25221000000000005,0.9137799999981169,31.359822034835815,0.11798259801681338,0.041080296220475376,0.3187059888524698,0.04302231057586149,,,28.730897903442383,,,,,
1,400,4,4,256,0.16842626304969355,0.7631628800706124,0.1,0.1,16,0.19483,0.8624299999983506,61.82180595397949,0.026403736950306456,0.09926711992773818,0.15676733825363168,0.13007330744198853,,,39.462207078933716,,,,,
1,400,4,4,512,0.24162640565608828,0.7237874878813908,0.1,0.1,16,0.39289,0.7123699999990335,113.71831798553467,0.15126359434391173,0.011417487882357302,0.6260226150912009,0.01577464113917968,,,152.84968757629395,,,,,
1,400,4,8,16,0.1922901928296173,0.5531272323718197,0.1,0.1,16,0.22308000000000003,0.696869999999104,8.041999101638794,0.030789807170382738,0.14374276762728433,0.1601215679140989,0.25987288134578496,,,2.237013816833496,,,,,
1,400,4,8,32,0.1433769312758149,0.7963281605261359,0.1,0.1,16,0.16760000000000003,0.808949999998594,11.392475366592407,0.024223068724185115,0.012621839472458096,0.16894676506632073,0.015850047879907722,,,4.333507299423218,,,,,
1,400,4,8,64,0.05804426993170997,0.5446424250203643,0.1,0.1,16,0.10549000000000001,0.5792199999996395,18.052687168121338,0.047445730068290046,0.03457757497927516,0.8174059235151157,0.06348674541463108,,,9.094271898269653,,,,,
1,400,4,8,128,0.11682180528305253,0.7528120333582152,0.1,0.1,16,0.30972000000000005,0.6164699999994699,31.42014980316162,0.19289819471694752,0.13634203335874528,1.6512173754682722,0.18111032677113015,,,18.40262794494629,,,,,
1,400,4,8,256,0.4008074051967046,0.6548937052846779,0.1,0.1,16,0.47894000000000003,0.5580699999997357,58.274147033691406,0.07813259480329543,0.09682370528494222,0.19493800211837461,0.14784644363447286,,,54.07126188278198,,,,,
1,400,4,8,512,0.34439991477560156,0.6917026163523357,0.1,0.1,16,0.27587,0.6560799999992897,111.76938438415527,0.06852991477560155,0.03562261635304598,0.19898354161978568,0.051499901129332615,,,185.34067249298096,,,,,
1,400,4,16,16,0.0703223540831186,0.5522532120186434,0.1,0.1,16,0.18533000000000002,0.5251099999998857,8.314148664474487,0.11500764591688142,0.02714321201875769,1.6354350962276711,0.04914993960748818,,,5.928203105926514,,,,,
1,400,4,16,32,0.06894086020728846,0.5279033557038908,0.1,0.1,16,0.15150000000000002,0.8865799999982407,11.5082368850708,0.08255913979271157,0.35867664429434987,1.1975356783259774,0.6794361892549461,,,5.226149559020996,,,,,
1,400,4,16,64,0.07106919395929556,0.5868507234123124,0.1,0.1,16,0.42397,0.8611999999983562,18.07705593109131,0.35290080604070445,0.2743492765860438,4.965594604081568,0.4674941439806153,,,11.717865467071533,,,,,
1,400,4,16,128,0.21212166924446624,0.9883836405717936,0.1,0.1,16,0.19893000000000002,0.9902499999977689,31.56369709968567,0.013191669244466214,0.0018663594259752392,0.062189163848522536,0.0018882945339883655,,,18.58239197731018,,,,,
1,400,4,16,256,0.20269453064155046,0.885482144339091,0.1,0.1,16,0.17043000000000003,0.8366499999984679,58.51563119888306,0.03226453064155044,0.04883214434062311,0.15917810184334846,0.05514752008587435,,,39.4406361579895,,,,,
1,400,4,16,512,0.33980275047444575,0.7339929471291654,0.1,0.1,16,0.33835000000000004,0.8128799999985761,113.05090880393982,0.0014527504744457076,0.07888705286941067,0.004275275795788354,0.10747658159108771,,,134.20016956329346,,,,,
1,400,16,4,16,0.49478058207194453,0.8025121039146543,0.1,0.1,16,0.48162000000000005,0.9622799999978962,8.070719480514526,0.013160582071944482,0.15976789608324182,0.026598824911101385,0.1990847182290385,,,2.6860952377319336,,,,,
1,400,16,4,32,0.24385579291453185,0.7149432691827253,0.1,0.1,16,0.39263000000000003,0.9604399999979045,11.362492084503174,0.14877420708546818,0.2454967308151792,0.6100909283611381,0.3433793160900926,,,5.113713979721069,,,,,
1,400,16,4,64,0.21959555762344324,0.7079874017355822,0.1,0.1,16,0.10519,0.761919999998808,18.28908085823059,0.11440555762344323,0.05393259826322583,0.5209830237987916,0.07617734175920898,,,19.94401216506958,,,,,
1,400,16,4,128,0.3569145250091262,0.6557592779041739,0.1,0.1,16,0.32482000000000005,0.7801399999987251,32.05340600013733,0.03209452500912613,0.1243807220945512,0.08992215995778116,0.18967436113458536,,,23.052409648895264,,,,,
1,400,16,4,256,0.20390909317608835,0.9136226595590612,0.1,0.1,16,0.24268,0.7812099999987202,58.3824417591095,0.038770906823911655,0.13241265956034098,0.19013819452588382,0.14493145301830285,,,45.59728479385376,,,,,
1,400,16,4,512,0.08788319503069109,0.796764516618417,0.1,0.1,16,0.30605000000000004,0.7654999999987917,112.4557454586029,0.21816680496930896,0.03126451661962526,2.4824632842845493,0.03923934357960161,,,121.12973976135254,,,,,
1,400,16,8,16,0.0253270727827134,0.548965067674337,0.1,0.1,16,0.35228000000000004,0.8575299999983729,8.12520432472229,0.32695292721728664,0.3085649323240359,12.909226819154691,0.5620848219564422,,,2.2802326679229736,,,,,
1,400,16,8,32,0.4919299235921611,0.6007330047956883,0.1,0.1,16,0.29716000000000004,0.6592199999992754,11.811416387557983,0.19476992359216105,0.05848699520358713,0.3959302214630814,0.09735938384720313,,,6.628028631210327,,,,,
1,400,16,8,64,0.4860252034207717,0.9286919108033589,0.1,0.1,16,0.47892,0.9617599999978985,19.136034965515137,0.0071052034207717,0.03306808919453963,0.01461900199982106,0.03560716832984396,,,9.07805323600769,,,,,
1,400,16,8,128,0.13190976491225265,0.5441031166092044,0.1,0.1,16,0.16683,0.5255199999998839,31.45837688446045,0.03492023508774736,0.01858311660932055,0.2647282034880174,0.03415366690992078,,,19.531663179397583,,,,,
1,400,16,8,256,0.20694276946067336,0.8814005133980714,0.1,0.1,16,0.18460000000000001,0.8660499999983341,60.187681436538696,0.022342769460673345,0.015350513399737253,0.1079659343445642,0.017416047717689977,,,45.68056082725525,,,,,
1,400,16,8,512,0.46464202418708433,0.7463749440358161,0.1,0.1,16,0.46808000000000005,0.7856999999986998,112.3104772567749,0.0034379758129157167,0.039325055962883715,0.0073991925696575474,0.05268807089134631,,,243.17096996307373,,,,,
1,400,16,16,16,0.05653910359530501,0.6404706413444838,0.1,0.1,16,0.31499000000000005,0.5669199999996954,8.146503925323486,0.25845089640469504,0.07355064134478839,4.571188433665877,0.1148384275513238,,,2.720717668533325,,,,,
1,400,16,16,32,0.4281349506720814,0.577965838417601,0.1,0.1,16,0.34512000000000004,0.8889599999982298,11.548898935317993,0.08301495067208137,0.31099416158062887,0.19389902772890985,0.5380839850882752,,,7.285311937332153,,,,,
1,400,16,16,64,0.4886087395399794,0.7972804351989862,0.1,0.1,16,0.44657,0.6660699999992442,18.319528818130493,0.042038739539979386,0.13121043519974196,0.08603763325960659,0.16457250097576306,,,13.214169025421143,,,,,
1,400,16,16,128,0.12074641114261614,0.7741024031493011,0.1,0.1,16,0.06085000000000001,0.7603299999988152,31.50645422935486,0.05989641114261613,0.01377240315048589,0.49605127453329617,0.017791448643558347,,,21.915799856185913,,,,,
1,400,16,16,256,0.14767447869305517,0.5472728939689109,0.1,0.1,16,0.13852,0.5585799999997334,58.48724985122681,0.009154478693055162,0.011307106030822522,0.06199093285497868,0.020660818680094995,,,63.435436725616455,,,,,
1,400,16,16,512,0.19134612478575375,0.544311753682619,0.1,0.1,16,0.13275,0.5642699999997075,113.1207365989685,0.05859612478575374,0.019958246317088535,0.3062310504138121,0.03666693982273608,,,115.33551859855652,,,,,
1,400,64,4,16,0.027044408266782782,0.8857966282128025,0.1,0.1,16,0.34446000000000004,0.6678499999992361,8.10187554359436,0.31741559173321726,0.21794662821356636,11.736828870575884,0.24604589955744016,,,2.271346092224121,,,,,
1,400,64,4,32,0.4718089533278519,0.6266815638576221,0.1,0.1,16,0.39025000000000004,0.8693099999983193,11.479180097579956,0.08155895332785185,0.24262843614069718,0.1728643612050701,0.3871638326922615,,,7.630805492401123,,,,,
1,400,64,4,64,0.45860559997596106,0.7816696176277707,0.1,0.1,16,0.043820000000000005,0.802999999998621,18.62407112121582,0.41478559997596104,0.021330382370850387,0.9044494877465583,0.027288232636678823,,,20.127416372299194,,,,,
1,400,64,4,128,0.2972972027668966,0.7991243403914021,0.1,0.1,16,0.36964,0.8018399999986263,32.25431251525879,0.07234279723310344,0.0027156596072241967,0.24333494079265067,0.0033982941952363723,,,24.062512159347534,,,,,
1,400,64,4,256,0.010295481294737008,0.8553742994819331,0.1,0.1,16,0.21329,0.8163599999985602,58.92435646057129,0.202994518705263,0.03901429948337287,19.71685566647891,0.04561079226603174,,,49.47101593017578,,,,,
1,400,64,4,512,0.08535708187920227,0.8016520590658234,0.1,0.1,16,0.14627,0.763019999998803,114.04568123817444,0.06091291812079774,0.038632059067020386,0.7136246551516602,0.048190556776014366,,,98.52993869781494,,,,,
1,400,64,8,16,0.44081699452043305,0.5401906388202434,0.1,0.1,16,0.05509000000000001,0.6510599999993125,8.134256839752197,0.385726994520433,0.11086936117906909,0.8750275041915462,0.20524117452535592,,,2.3359901905059814,,,,,
1,400,64,8,32,0.08634722123296129,0.5268857551051382,0.1,0.1,16,0.48491000000000006,0.5216499999999015,11.510630369186401,0.3985627787670388,0.005235755105236772,4.61581476596372,0.009937173390068204,,,4.5967490673065186,,,,,
1,400,64,8,64,0.07559308148555738,0.7336878084180123,0.1,0.1,16,0.25815000000000005,0.7942899999986607,18.292254209518433,0.18255691851444267,0.06060219158064839,2.414995062072202,0.08259942564851891,,,9.432951927185059,,,,,
1,400,64,8,128,0.4702136446969932,0.8066422987737518,0.1,0.1,16,0.46030000000000004,0.7462799999988792,32.27928972244263,0.009913644696993185,0.06036229877487265,0.021083277375716223,0.07483155652342396,,,30.33398175239563,,,,,
1,400,64,8,256,0.3668428918154273,0.8207559278748242,0.1,0.1,16,0.33037000000000005,0.5541199999997537,60.733598947525024,0.03647289181542723,0.2666359278750705,0.09942373868805435,0.32486628340957396,,,41.92935490608215,,,,,
1,400,64,8,512,0.04095418178824717,0.7193137943603358,0.1,0.1,16,0.18741000000000002,0.6581599999992802,116.01089191436768,0.14645581821175285,0.06115379436105561,3.576089469178018,0.08501685195045905,,,855.0215635299683,,,,,
1,400,64,16,16,0.21067556149176153,0.7118363205790326,0.1,0.1,16,0.24444000000000002,0.7763999999987421,10.320404529571533,0.03376443850823849,0.06456367941970953,0.16026746656877355,0.09070017580332397,,,57.56683707237244,,,,,
1,400,64,16,32,0.2968581348755482,0.8359303883981238,0.1,0.1,16,0.31506,0.8718199999983078,15.417425394058228,0.01820186512445182,0.035889611600184,0.0613150289180473,0.042933732399606295,,,45.84802460670471,,,,,
1,400,64,16,64,0.072098817032413,0.5185211335693669,0.1,0.1,16,0.19344000000000003,0.7574999999988281,24.24981451034546,0.12134118296758703,0.2389788664294612,1.682984381186677,0.46088548943876556,,,40.29693675041199,,,,,
1,400,64,16,128,0.46595848498917625,0.6190524212760878,0.1,0.1,16,0.40298000000000006,0.7467899999988769,40.755149364471436,0.06297848498917619,0.127737578722789,0.1351590045423019,0.2063437187750212,,,113.22246217727661,,,,,
1,400,64,16,256,0.4428323564483888,0.9947590889415201,0.1,0.1,16,0.05267,0.5247699999998873,74.4035632610321,0.3901623564483888,0.4699890889416328,0.8810610850064688,0.47246523722816924,,,145.0485818386078,,,,,
1,400,64,16,512,0.3438722010182827,0.8981630379778727,0.1,0.1,16,0.42079000000000005,0.7853299999987015,148.28829669952393,0.07691779898171736,0.11283303797917121,0.22368135241507311,0.125626454449967,,,716.6859931945801,,,,,
1,400,1,4,16,0.3112038861917928,0.6897286830757898,0.1,0.1,16,0.042140000000000004,0.5100299999999544,9.576306581497192,0.2690638861917928,0.17969868307583547,0.864590379909236,0.2605353198803964,,,2.8106331825256348,,,,,
1,400,1,4,32,0.19739466398445205,0.9324863649492586,0.1,0.1,16,0.19588000000000003,0.9111299999981289,13.84926438331604,0.0015146639844520193,0.02135636495112969,0.0076732772501455415,0.022902602926844727,,,6.697620868682861,,,,,
1,400,1,4,64,0.2951337163510516,0.530578899390497,0.1,0.1,16,0.32913000000000003,0.5484899999997793,21.16274118423462,0.03399628364894841,0.01791110060928236,0.11518942691221011,0.033757657211505684,,,12.830243349075317,,,,,
1,400,1,4,128,0.16643839206896244,0.988253760036286,0.1,0.1,16,0.18526,0.9882599999977779,35.59067702293396,0.01882160793103757,6.2399614919605995e-06,0.11308453354463426,6.314128763579392e-06,,,27.081855058670044,,,,,
1,400,1,4,256,0.08842924199081231,0.7057919131847951,0.1,0.1,16,0.10182000000000001,0.6974299999991015,64.38549947738647,0.013390758009187695,0.00836191318569357,0.15142907151210205,0.011847561624730885,,,51.367061138153076,,,,,
1,400,1,4,512,0.44359769500604096,0.7770785521224441,0.1,0.1,16,0.39184,0.7991999999986383,116.2366316318512,0.05175769500604094,0.02212144787619419,0.11667710537886383,0.028467453921837898,,,608.7364785671234,,,,,
1,400,1,8,16,0.1323520931379219,0.8115300775757369,0.1,0.1,16,0.00014000000000000001,0.5477599999997826,9.767978429794312,0.1322120931379219,0.2637700775759543,0.998942215444571,0.3250280979897971,,,3.290178060531616,,,,,
1,400,1,8,32,0.0027829942054033996,0.5201422606108824,0.1,0.1,16,0.04326000000000001,0.5109099999999503,14.182332277297974,0.04047700579459661,0.009232260610932075,14.54440893768566,0.01774949145660501,,,6.582023620605469,,,,,
1,400,1,8,64,0.22871728003364483,0.7575210825184087,0.1,0.1,16,0.33539,0.928919999998048,20.470234394073486,0.10667271996635519,0.1713989174796393,0.46639554278829914,0.22626290071005928,,,13.003509044647217,,,,,
1,400,1,8,128,0.08685012210615028,0.5333229557982904,0.1,0.1,16,0.06626,0.5030099999999863,34.14353632926941,0.020590122106150285,0.030312955798304064,0.23707649001327308,0.056837898066718164,,,24.220545768737793,,,,,
1,400,1,8,256,0.3768292161609612,0.6244826984514791,0.1,0.1,16,0.46533,0.7009599999990854,61.86179542541504,0.08850078383903881,0.07647730154760635,0.23485648151346106,0.1224650446477477,,,49.17694020271301,,,,,
1,400,1,8,512,0.26214450858936594,0.6440361312016303,0.1,0.1,16,0.25602,0.6775099999991921,116.14831471443176,0.006124508589365918,0.03347386879756187,0.023363100842061134,0.05197514110754464,,,751.7917354106903,,,,,
1,400,1,16,16,0.17842370942327668,0.790405231180075,0.1,0.1,16,0.08106000000000001,0.8052699999986107,9.370923280715942,0.09736370942327667,0.014864768818535712,0.5456881808924822,0.018806516242741222,,,2.7872543334960938,,,,,
1,400,1,16,32,0.05213065792852878,0.8474993386241043,0.1,0.1,16,0.17981000000000003,0.505939999999973,13.169736385345459,0.12767934207147125,0.34155933862413135,2.4492179294287797,0.4030201830937651,,,6.337912321090698,,,,,
1,400,1,16,64,0.047256749642762164,0.7371993829294156,0.1,0.1,16,0.13997,0.9527599999979395,20.05593466758728,0.09271325035723785,0.21556061706852392,1.9619049354452966,0.29240477143639054,,,11.291533708572388,,,,,
1,400,1,16,128,0.10544077883831554,0.7824681264411462,0.1,0.1,16,0.12013000000000001,0.790709999998677,33.87425899505615,0.014689221161684474,0.00824187355753081,0.1393125252252655,0.010533174808048527,,,25.315425872802734,,,,,
1,400,1,16,256,0.22975329314882154,0.7053635030424537,0.1,0.1,16,0.23464000000000002,0.75708999999883,60.88282489776611,0.0048867068511784795,0.05172649695637632,0.02126936586720931,0.07333310659434993,,,50.559611797332764,,,,,
1,400,1,16,512,0.4346908369004879,0.9937686330824637,0.1,0.1,16,0.39684,0.9625799999978948,122.27248072624207,0.03785083690048785,0.031188633084568873,0.08707530430219972,0.031384199547361664,,,634.2123680114746,,,,,
1,400,4,4,16,0.15251097095401422,0.5283666805322995,0.1,0.1,16,0.09917000000000001,0.7569099999988308,10.585362434387207,0.053340970954014216,0.22854331946653128,0.3497516973391889,0.43254680487476393,,,8.922170400619507,,,,,
1,400,4,4,32,0.36126245715587807,0.6435260352218348,0.1,0.1,16,0.45816,0.9909599999977656,14.457631587982178,0.09689754284412194,0.3474339647759308,0.2682192431701046,0.5398910778429721,,,14.6414053440094,,,,,
1,400,4,4,64,0.002002145663604904,0.6114270740947795,0.1,0.1,16,0.030760000000000003,0.5256099999998834,22.69788432121277,0.0287578543363951,0.08581707409489603,14.363517529796507,0.1403553714430271,,,19.6142737865448,,,,,
1,400,4,4,128,0.46410256177222364,0.9736157635435576,0.1,0.1,16,0.38769000000000003,0.9985499999977311,42.07741141319275,0.07641256177222361,0.024934236454173475,0.16464585215913125,0.02560993503579194,,,149.5944309234619,,,,,
1,400,4,4,256,0.43965928222755635,0.5394988347647203,0.1,0.1,16,0.47392000000000006,0.6350499999993854,78.18347454071045,0.034260717772443716,0.09555116523466511,0.07792561002888425,0.17711097610866156,,,193.3449387550354,,,,,
1,400,4,4,512,0.39624198798761756,0.7053687051775139,0.1,0.1,16,0.41372000000000003,0.783229999998711,141.91582703590393,0.01747801201238247,0.07786129482119708,0.04410943954008391,0.11038382373598842,,,1164.2456696033478,,,,,
1,400,4,8,16,0.28847233718612153,0.6582991194903293,0.1,0.1,16,0.00063,0.7898599999986808,10.48493242263794,0.2878423371861215,0.13156088050835157,0.9978160817562429,0.1998496984322402,,,62.03633379936218,,,,,
1,400,4,8,32,0.21527015981210923,0.8337536389098843,0.1,0.1,16,0.23841,0.9977699999977346,14.416860342025757,0.02313984018789078,0.16401636108785034,0.10749209369328082,0.19672041408094884,,,16.0153386592865,,,,,
1,400,4,8,64,0.22820750070858126,0.8489287693769794,0.1,0.1,16,0.1968,0.960109999997906,23.10948610305786,0.031407500708581254,0.11118123062092666,0.1376269430718157,0.13096650111471836,,,73.22787117958069,,,,,
1,400,4,8,128,0.25006632962289127,0.9886662056449538,0.1,0.1,16,0.10401,0.9973199999977367,39.6914541721344,0.14605632962289128,0.008653794352782906,0.58407035382632,0.008752999043936803,,,39.326605796813965,,,,,
1,400,4,8,256,0.13146941602778162,0.8881661979106152,0.1,0.1,16,0.19888000000000003,0.9425599999979859,76.52689456939697,0.06741058397221841,0.05439380208737066,0.5127472685964731,0.06124281943551834,,,298.02636766433716,,,,,
1,400,4,8,512,0.16284145385602083,0.8610415909434369,0.1,0.1,16,0.14207,0.9318299999980347,147.42334461212158,0.020771453856020833,0.07078840905459782,0.127556303165816,0.08221253165835518,,,1129.332525253296,,,,,
1,400,4,16,16,0.3866291242860862,0.9115029329635305,0.1,0.1,16,0.1218,0.9229999999980749,10.664596557617188,0.2648291242860862,0.01149706703454445,0.684969412935705,0.012613307778576782,,,47.08842897415161,,,,,
1,400,4,16,32,0.20784504267055892,0.6573703898090233,0.1,0.1,16,0.16531,0.6916899999991276,16.065201997756958,0.04253504267055891,0.03431961019010432,0.2046478574809134,0.052207417191508614,,,102.54028606414795,,,,,
1,400,4,16,64,0.057076836866082004,0.6495213919767889,0.1,0.1,16,0.04156000000000001,0.6633899999992564,23.945768356323242,0.015516836866081997,0.013868608022467477,0.2718587384666879,0.02135204197087181,,,35.3094539642334,,,,,
1,400,4,16,128,0.0966619259556874,0.6280706698360765,0.1,0.1,16,0.04623000000000001,0.5672699999996939,39.341492891311646,0.05043192595568739,0.06080066983638266,0.521735165703266,0.09680545957073804,,,36.641926527023315,,,,,
1,400,4,16,256,0.20017552521329196,0.886998312889387,0.1,0.1,16,0.24168,0.8668999999983302,72.40493583679199,0.041504474786708045,0.02009831289105679,0.20734040658808814,0.02265879494808368,,,155.67011833190918,,,,,
1,400,4,16,512,0.44877417605837994,0.6453213412574412,0.1,0.1,16,0.41090000000000004,0.7423199999988972,144.48191165924072,0.037874176058379894,0.09699865874145597,0.0843947314237906,0.15031063214560544,,,878.783584356308,,,,,
1,400,16,4,16,0.2754572267742971,0.7437619311966805,0.1,0.1,16,0.26184,0.5861899999996077,10.17817997932434,0.013617226774297109,0.1575719311970728,0.04943499553001283,0.21185802148215147,,,11.928556442260742,,,,,
1,400,16,4,32,0.1550240324290098,0.9986604569567802,0.1,0.1,16,0.35458,0.5033799999999846,14.164077281951904,0.1995559675709902,0.49528045695679557,1.2872582685679583,0.49594479635857874,,,16.89000153541565,,,,,
1,400,16,4,64,0.19522276843347203,0.9628352423370421,0.1,0.1,16,0.24803000000000003,0.7736199999987547,22.747010707855225,0.052807231566528,0.18921524233828735,0.270497299010098,0.19651881653086836,,,21.374228477478027,,,,,
1,400,16,4,128,0.040657048240951565,0.963528455175028,0.1,0.1,16,0.18594000000000002,0.7592299999988202,39.402766942977905,0.14528295175904846,0.20429845517620782,3.573376770936191,0.2120315742404269,,,37.89544200897217,,,,,
1,400,16,4,256,0.10197516169147802,0.679809919197496,0.1,0.1,16,0.15826,0.7632199999988021,76.88065361976624,0.05628483830852199,0.08341008080130607,0.5519465463443896,0.12269618086739636,,,267.8291518688202,,,,,
1,400,16,4,512,0.2634964509409041,0.5134945429942395,0.1,0.1,16,0.42760000000000004,0.5430899999998039,142.21385216712952,0.1641035490590959,0.02959545700556443,0.6227922557328879,0.057635387579759424,,,1025.1051533222198,,,,,
1,400,16,8,16,0.25152222645226086,0.834525150344996,0.1,0.1,16,0.06631000000000001,0.645469999999338,8.07084035873413,0.18521222645226085,0.189055150345658,0.7363652471779241,0.22654218421997452,,,2.3503549098968506,,,,,
1,400,16,8,32,0.4313896319565021,0.7392849646094342,0.1,0.1,16,0.49513,0.6981199999990984,11.387832403182983,0.06374036804349792,0.04116496461033581,0.14775591094856214,0.055682134198527015,,,5.48222017288208,,,,,
1,400,16,8,64,0.13187702137034518,0.5230785527172335,0.1,0.1,16,0.26518,0.512959999999941,18.14031672477722,0.13330297862965484,0.01011855271729245,1.0108127803046536,0.019344231692791945,,,13.275908708572388,,,,,
1,400,16,8,128,0.18899632070161243,0.9097866278115838,0.1,0.1,16,0.21314000000000002,0.955709999997926,31.695662260055542,0.024143679298387594,0.04592337218634224,0.1277468217834021,0.05047707977067886,,,21.064250946044922,,,,,
1,400,16,8,256,0.33429113283129624,0.7111806211666926,0.1,0.1,16,0.13302,0.7834099999987102,58.85650825500488,0.20127113283129625,0.07222937883201763,0.6020833730366099,0.10156263638557145,,,66.24143552780151,,,,,
1,400,16,8,512,0.32133969397308204,0.5742827548267879,0.1,0.1,16,0.27513000000000004,0.6773699999991928,113.2859559059143,0.046209693973082,0.10308724517240486,0.1438032550592797,0.17950607833156593,,,117.29118180274963,,,,,
1,400,16,16,16,0.2947850707284656,0.7769880499827586,0.1,0.1,16,0.17320000000000002,0.9470699999979654,8.091048955917358,0.12158507072846558,0.17008195001520676,0.41245328478815957,0.21889905516433733,,,2.2591540813446045,,,,,
1,400,16,16,32,0.31361721780425633,0.8711390759494654,0.1,0.1,16,0.47367000000000004,0.5916999999995827,11.59559941291809,0.1600527821957437,0.2794390759498827,0.5103443724050902,0.3207743558573797,,,11.348552942276001,,,,,
1,400,16,16,64,0.33735866108512236,0.8118799680573795,0.1,0.1,16,0.19511,0.8278799999985078,18.40612530708313,0.14224866108512235,0.016000031941128312,0.42165409545904664,0.019707386030735904,,,20.075345754623413,,,,,
1,400,16,16,128,0.33022564316683917,0.9593774671804606,0.1,0.1,16,0.34347000000000005,0.9121199999981244,31.79068922996521,0.013244356833160886,0.047257467182336144,0.04010699080225417,0.04925847103874802,,,22.372138261795044,,,,,
1,400,16,16,256,0.45963427074431845,0.8719358405214473,0.1,0.1,16,0.4661,0.938589999998004,58.53749346733093,0.006465729255681563,0.06665415947655662,0.014067117417531003,0.07644388082120258,,,44.52701187133789,,,,,
1,400,16,16,512,0.44269174404304096,0.9764376469236784,0.1,0.1,16,0.45493000000000006,0.9920399999977607,112.9876036643982,0.012238255956959099,0.015602353074082309,0.027645096439316535,0.015978852436956317,,,117.24763679504395,,,,,
1,400,64,4,16,0.34879245473082593,0.895307049285269,0.1,0.1,16,0.28388,0.6214199999994474,8.142104625701904,0.06491245473082591,0.27388704928582164,0.1861062469970025,0.30591409897248983,,,3.3859505653381348,,,,,
1,400,64,4,32,0.10100775302596599,0.5387445634112906,0.1,0.1,16,0.17439000000000002,0.5091299999999584,12.591032266616821,0.07338224697403403,0.029614563411332173,0.7265011325929577,0.054969581918033576,,,6.491431713104248,,,,,
1,400,64,4,64,0.029279669272686937,0.7410137218121634,0.1,0.1,16,0.04309,0.7158199999990178,18.285645246505737,0.013810330727313067,0.02519372181314561,0.47166962846113186,0.03399899498694015,,,9.50796103477478,,,,,
1,400,64,4,128,0.22998314156491484,0.6352680321098074,0.1,0.1,16,0.03733,0.5057599999999738,31.823806047439575,0.19265314156491484,0.12950803210983364,0.8376837547918126,0.20386360648389734,,,25.515637159347534,,,,,
1,400,64,4,256,0.1790048691507073,0.5054076426553581,0.1,0.1,16,0.32114000000000004,0.5178699999999187,59.946897745132446,0.14213513084929275,0.012462357344560582,0.7940294111755515,0.024658031048135083,,,47.471068143844604,,,,,
1,400,64,4,512,0.4176366150015169,0.8535013460679393,0.1,0.1,16,0.43681000000000003,0.8188599999985489,112.8995840549469,0.019173384998483145,0.0346413460693904,0.045909252948076656,0.040587336187555265,,,247.92647099494934,,,,,
1,400,64,8,16,0.12336581904329325,0.6839472381237505,0.1,0.1,16,0.006520000000000001,0.6058599999995182,8.183288812637329,0.11684581904329325,0.07808723812423224,0.9471490559495097,0.11417143570671671,,,2.3082754611968994,,,,,
1,400,64,8,32,0.44750443479609364,0.5241212041520533,0.1,0.1,16,0.17192000000000002,0.902769999998167,11.509990930557251,0.2755844347960936,0.37864879584611366,0.615825036285203,0.7224451001914883,,,4.5878520011901855,,,,,
1,400,64,8,64,0.40482974410508216,0.7185885875797439,0.1,0.1,16,0.45609000000000005,0.7446499999988866,18.238282918930054,0.051260255894917894,0.026061412419142727,0.12662176295428582,0.036267501139865536,,,11.6705322265625,,,,,
1,400,64,8,128,0.2568943957374279,0.5108825025577319,0.1,0.1,16,0.18949000000000002,0.5073299999999666,31.6977276802063,0.06740439573742787,0.0035525025577652913,0.2623817290522834,0.0069536586983889575,,,23.103819131851196,,,,,
1,400,64,8,256,0.171488688232649,0.6314651884120148,0.1,0.1,16,0.20961000000000002,0.6405799999993602,58.8939471244812,0.03812131176735101,0.009114811587345395,0.2222963634524627,0.014434384910856265,,,69.57509469985962,,,,,
1,400,64,8,512,0.09315465721804739,0.9859749963235739,0.1,0.1,16,0.12525,0.9639399999978886,113.75933337211609,0.03209534278195261,0.022034996325685285,0.34453825219738554,0.022348433183242627,,,140.22588086128235,,,,,
1,400,64,16,16,0.14099342707841728,0.6335183821370152,0.1,0.1,16,0.18511000000000002,0.7754799999987463,8.237074136734009,0.04411657292158275,0.14196161786173112,0.3128980821002821,0.22408444942490738,,,7.358240365982056,,,,,
1,400,64,16,32,0.17117359526024734,0.6261569150116065,0.1,0.1,16,0.08447,0.777089999998739,11.775276899337769,0.08670359526024733,0.15093308498713243,0.5065243569162973,0.24104674302660176,,,11.821706295013428,,,,,
1,400,64,16,64,0.10352697907627423,0.8538712261874244,0.1,0.1,16,0.31628,0.7254999999989737,18.572991847991943,0.21275302092372578,0.12837122618845065,2.0550490589219117,0.150340264727779,,,10.884167909622192,,,,,
1,400,64,16,128,0.3529299497299245,0.940018153068764,0.1,0.1,16,0.37114,0.9418599999979891,31.801722288131714,0.01821005027007555,0.001841846929225066,0.0515967836790575,0.0019593737878488946,,,19.822617053985596,,,,,
1,400,64,16,256,0.44568029700406026,0.7550021121442879,0.1,0.1,16,0.46746000000000004,0.7684099999987785,59.066428899765015,0.021779702995939787,0.013407887854490541,0.04886844480751495,0.017758742179423425,,,44.55440139770508,,,,,
1,400,64,16,512,0.23376626403104012,0.8681092223607492,0.1,0.1,16,0.24879,0.8221899999985337,113.84490871429443,0.015023735968959895,0.04591922236221546,0.06426819554666366,0.052895673930685866,,,97.41205358505249,,,,,
1,400,1,4,16,0.2158491112931799,0.7887389811236788,0.1,0.1,16,0.31394000000000005,0.8958699999981984,7.56658411026001,0.09809088870682015,0.10713101887451959,0.4544419391821674,0.1358256932120879,,,2.1676385402679443,,,,,
1,400,1,4,32,0.114093498693014,0.851414559623898,0.1,0.1,16,0.15124,0.684349999999161,10.255366563796997,0.03714650130698602,0.16706455962473699,0.32557947413756116,0.1962199938165677,,,4.283091068267822,,,,,
1,400,1,4,64,0.15384569374416407,0.6203822466834978,0.1,0.1,16,0.10929000000000001,0.5038299999999826,15.707513093948364,0.04455569374416406,0.11655224668351527,0.2896128754715581,0.1878716667128888,,,8.788662433624268,,,,,
1,400,1,4,128,0.38986589183895526,0.8694933924419228,0.1,0.1,16,0.49510000000000004,0.8799299999982709,29.92134118080139,0.10523410816104478,0.010436607556348121,0.2699238644977812,0.012003090129342446,,,21.5343656539917,,,,,
1,400,1,4,256,0.2920343238384264,0.9178980835062123,0.1,0.1,16,0.48356000000000005,0.6130299999994856,48.36383390426636,0.19152567616157362,0.3048680835067267,0.6558327584381446,0.3321371827492909,,,38.6116247177124,,,,,
1,400,1,4,512,0.25603236520098105,0.6511656645810335,0.1,0.1,16,0.28899,0.6523699999993066,92.76641535758972,0.032957634799018976,0.0012043354182730281,0.1287244867388066,0.0018495069439017635,,,140.3510937690735,,,,,
1,400,1,8,16,0.3820439299633601,0.6404337533759895,0.1,0.1,16,0.19981000000000002,0.5456099999997924,7.49281907081604,0.1822339299633601,0.09482375337619708,0.476997318033131,0.14806176731994858,,,2.1742539405822754,,,,,
1,400,1,8,32,0.23150881779313487,0.7053686297343469,0.1,0.1,16,0.08565,0.5416899999998103,10.170994281768799,0.14585881779313487,0.16367862973453662,0.6300356901457952,0.23204693664386608,,,4.254867792129517,,,,,
1,400,1,8,64,0.051399733777559464,0.9159152550648588,0.1,0.1,16,0.025210000000000003,0.9285899999980495,15.581013202667236,0.02618973377755946,0.012674744933190651,0.5095305335801875,0.01383833805922701,,,8.771356344223022,,,,,
1,400,1,8,128,0.18461794277175608,0.583422190696929,0.1,0.1,16,0.18089000000000002,0.617779999999464,26.57680583000183,0.00372794277175606,0.03435780930253496,0.020192743542619424,0.05889013110984469,,,18.09464716911316,,,,,
1,400,1,8,256,0.09169728643176678,0.6162846930199204,0.1,0.1,16,0.07559,0.6970199999991034,52.010175466537476,0.016107286431766774,0.08073530697918296,0.17565717654853863,0.1310032650390253,,,40.01665139198303,,,,,
1,400,1,8,512,0.36629139196638183,0.513257331088239,0.1,0.1,16,0.33998,0.5031799999999855,91.9595730304718,0.026311391966381825,0.010077331088253483,0.07183185994389046,0.019634071406027305,,,99.12146830558777,,,,,
1,400,1,16,16,0.456674532403963,0.9180914022083697,0.1,0.1,16,0.49458,0.8953099999982009,7.814915180206299,0.037905467596037024,0.022781402210168777,0.08300324389998343,0.024813871642159566,,,2.1767780780792236,,,,,
1,400,1,16,32,0.10355197140318179,0.9617288139927886,0.1,0.1,16,0.03459,0.9106399999981312,10.203298330307007,0.06896197140318178,0.05108881399465748,0.6659648335875411,0.053121850204896286,,,4.337661981582642,,,,,
1,400,1,16,64,0.07017827546020838,0.8202999345723948,0.1,0.1,16,0.00527,0.8457499999984265,15.687349557876587,0.06490827546020839,0.025450065426031676,0.9249055357168455,0.03102531690350343,,,8.814342260360718,,,,,
1,400,1,16,128,0.38212863264683666,0.6858358825692241,0.1,0.1,16,0.44878,0.7528499999988493,26.490276098251343,0.06665136735316335,0.06701411742962515,0.17442128555376418,0.09771159417699489,,,18.201459646224976,,,,,
1,400,1,16,256,0.37247384797050914,0.765504353739777,0.1,0.1,16,0.46530000000000005,0.948689999997958,48.493361711502075,0.0928261520294909,0.183185646258181,0.2492152201698748,0.2393005936063592,,,39.04629373550415,,,,,
1,400,1,16,512,0.4959556923847722,0.8396030096724622,0.1,0.1,16,0.49176000000000003,0.8698399999983168,92.39464020729065,0.004195692384772187,0.030236990325854696,0.00845981294134857,0.03601343727632713,,,130.21218991279602,,,,,
1,400,4,4,16,0.0477168336001601,0.5851022948129168,0.1,0.1,16,0.05367,0.7943999999986602,8.069956064224243,0.0059531663998399,0.20929770518574342,0.12476029842474555,0.35771130457224615,,,2.3898420333862305,,,,,
1,400,4,4,32,0.41459615105602,0.7190565160317012,0.1,0.1,16,0.38802000000000003,0.8145899999985683,11.42565131187439,0.02657615105601996,0.09553348396686712,0.06410129710159564,0.13285949273374684,,,5.790608644485474,,,,,
1,400,4,4,64,0.1523617178010941,0.5930829266172288,0.1,0.1,16,0.22609,0.6521599999993075,19.851386785507202,0.07372828219890593,0.05907707338207868,0.48390293351219027,0.09961014005079694,,,9.00652813911438,,,,,
1,400,4,4,128,0.3784868472539845,0.575299542061432,0.1,0.1,16,0.33378,0.6436699999993462,31.4366238117218,0.044706847253984494,0.06837045793791419,0.11811994942055108,0.1188432337229523,,,18.87078309059143,,,,,
1,400,4,4,256,0.3197119012907565,0.917458093026047,0.1,0.1,16,0.38769000000000003,0.9985499999977311,59.2883677482605,0.06797809870924354,0.08109190697168411,0.21262298473969546,0.08838758695148584,,,46.555340051651,,,,,
1,400,4,4,512,0.3273932965373621,0.9064414701950196,0.1,0.1,16,0.27059,0.9721799999978511,112.48176312446594,0.0568032965373621,0.06573852980283146,0.17350170922293062,0.07252374473631254,,,240.34582543373108,,,,,
1,400,4,8,16,0.10856163921893319,0.7399802079709255,0.1,0.1,16,0.0437,0.8749399999982936,8.168091535568237,0.06486163921893319,0.1349597920273682,0.5974637052792521,0.18238297534664724,,,2.3313469886779785,,,,,
1,400,4,8,32,0.18644080169948607,0.5708048728719788,0.1,0.1,16,0.39901000000000003,0.509899999999955,11.394386768341064,0.21256919830051396,0.06090487287202384,1.1401431251252763,0.10669998762551507,,,4.387959957122803,,,,,
1,400,4,8,64,0.32832130038199797,0.6329294613980847,0.1,0.1,16,0.42931,0.5730099999996677,18.118870496749878,0.10098869961800205,0.05991946139841697,0.30759106856759794,0.0946700462734982,,,9.037622928619385,,,,,
1,400,4,8,128,0.42713069048486124,0.8804852176864378,0.1,0.1,16,0.38672,0.8148399999985672,31.54949116706848,0.040410690484861234,0.06564521768787068,0.09460966253440761,0.07455572946512379,,,19.100553512573242,,,,,
1,400,4,8,256,0.18795047945003407,0.5304022946176035,0.1,0.1,16,0.3471,0.5320099999998543,58.32610368728638,0.15914952054996595,0.001607705382250857,0.8467630463920963,0.0030311056316412455,,,44.86783790588379,,,,,
1,400,4,8,512,0.05463678845739356,0.911792228524904,0.1,0.1,16,0.04324,0.8924199999982141,112.59045147895813,0.011396788457393559,0.01937222852668996,0.20859184405175854,0.021246318975574423,,,107.23442387580872,,,,,
1,400,4,16,16,0.15060589618290793,0.7417750095878856,0.1,0.1,16,0.24651,0.9510799999979471,8.058194160461426,0.09590410381709208,0.20930499041006156,0.6367885072747644,0.28216775667105176,,,2.6387975215911865,,,,,
1,400,4,16,32,0.40473851030121893,0.9950928256737266,0.1,0.1,16,0.31945,0.5240799999998904,11.41776180267334,0.08528851030121892,0.4710128256738362,0.21072496965446794,0.47333556581009156,,,5.026041746139526,,,,,
1,400,4,16,64,0.0718693413688527,0.5061785737810587,0.1,0.1,16,0.13383,0.5978699999995546,19.21769118309021,0.0619606586311473,0.09169142621849591,0.8621292118589012,0.18114442405884196,,,19.920204401016235,,,,,
1,400,4,16,128,0.16791609187432377,0.853039655961979,0.1,0.1,16,0.29111000000000004,0.6981699999990981,32.156269550323486,0.12319390812567627,0.15486965596288083,0.7336635027087239,0.18155035921305815,,,24.049601793289185,,,,,
1,400,4,16,256,0.22160776618880373,0.8090579937154219,0.1,0.1,16,0.17234000000000002,0.7470299999988758,59.40809988975525,0.04926776618880371,0.062027993716546104,0.22231967334045924,0.07666693141698794,,,41.76068592071533,,,,,
1,400,4,16,512,0.23011562113596368,0.5021510311751479,0.1,0.1,16,0.14097,0.5226799999998968,113.07729887962341,0.08914562113596367,0.02052896882474886,0.3873949134608816,0.04088206047632003,,,171.3365297317505,,,,,
1,400,16,4,16,0.4734997314740213,0.8574361223162665,0.1,0.1,16,0.0863,0.8658799999983349,8.103947162628174,0.3871997314740213,0.008443877682068335,0.8177401289514039,0.009847821268898908,,,2.244354486465454,,,,,
1,400,16,4,32,0.11365429287153589,0.669409644154759,0.1,0.1,16,0.17797000000000002,0.7477499999988725,11.45345425605774,0.06431570712846413,0.07834035584411347,0.5658889383189472,0.11702902180776198,,,4.527211904525757,,,,,
1,400,16,4,64,0.002586133004179092,0.5680570045869748,0.1,0.1,16,0.35165,0.7718999999987626,19.404954433441162,0.3490638669958209,0.20384299541178774,134.97521837884867,0.3588424995480845,,,10.711772918701172,,,,,
1,400,16,4,128,0.1090098961650362,0.8266847201640266,0.1,0.1,16,0.49552,0.6855799999991554,31.617290258407593,0.3865101038349638,0.1411047201648712,3.5456423447079013,0.1706874661199422,,,19.064523696899414,,,,,
1,400,16,4,256,0.006379948669982316,0.9642316606918568,0.1,0.1,16,0.20989000000000002,0.923639999998072,59.35931396484375,0.2035100513300177,0.04059166069378484,31.898383804799764,0.04209741532927829,,,52.90371084213257,,,,,
1,400,16,4,512,0.20075238825047642,0.962975921897297,0.1,0.1,16,0.18586000000000003,0.924309999998069,112.60487365722656,0.014892388250476396,0.03866592189922802,0.07418286965480747,0.040152532394628036,,,213.46022582054138,,,,,
1,400,16,8,16,0.28908423764559477,0.5332851443474094,0.1,0.1,16,0.07383,0.7901699999986794,8.255969285964966,0.21525423764559476,0.25688485565127006,0.7446073137667488,0.4817026282733315,,,3.9652647972106934,,,,,
1,400,16,8,32,0.4576472416455993,0.7949557944351815,0.1,0.1,16,0.49819,0.8755899999982907,11.436156988143921,0.04054275835440074,0.08063420556310918,0.08858953942040132,0.1014323137557605,,,4.5009071826934814,,,,,
1,400,16,8,64,0.14763761618155924,0.886601830212741,0.1,0.1,16,0.42596000000000006,0.844309999998433,18.173032999038696,0.2783223838184408,0.042291830214307935,1.8851725665644068,0.04770104095562262,,,9.108922243118286,,,,,
1,400,16,8,128,0.2418287743684202,0.8888132299113115,0.1,0.1,16,0.30225,0.8788299999982759,31.648967742919922,0.06042122563157981,0.009983229913035574,0.2498512668286924,0.011232089686639487,,,19.014793395996094,,,,,
1,400,16,8,256,0.00852202452920453,0.7474446238243624,0.1,0.1,16,0.06055000000000001,0.769609999998773,58.74872899055481,0.052027975470795476,0.02216537617441061,6.1051191876411925,0.029654874044045734,,,52.37326121330261,,,,,
1,400,16,8,512,0.09172319582820887,0.6138972321012806,0.1,0.1,16,0.27177,0.6556199999992918,112.99044036865234,0.18004680417179114,0.041722767898011215,1.9629364474936766,0.06796376610984264,,,96.68633103370667,,,,,
1,400,16,16,16,0.42765455036217564,0.7921069762030275,0.1,0.1,16,0.3543,0.7222299999989886,8.109479665756226,0.07335455036217564,0.06987697620403888,0.17152758061396173,0.08821658980835498,,,4.621408224105835,,,,,
1,400,16,16,32,0.12766259688791526,0.5974391521691238,0.1,0.1,16,0.30139000000000005,0.5727799999996688,11.586284399032593,0.1737274031120848,0.024659152169455023,1.3608324391568922,0.04127475087617706,,,8.967240571975708,,,,,
1,400,16,16,64,0.07610073116186306,0.9649580862162914,0.1,0.1,16,0.062200000000000005,0.7729899999987576,18.23855972290039,0.01390073116186305,0.1919680862175338,0.18266225500904557,0.19893930001691798,,,15.70716118812561,,,,,
1,400,16,16,128,0.33509541507762597,0.6509525935394846,0.1,0.1,16,0.28608,0.5976399999995556,31.76086974143982,0.04901541507762597,0.05331259353992901,0.14627301022985165,0.08189934884512484,,,19.439355850219727,,,,,
1,400,16,16,256,0.3874844210301138,0.6882327596679263,0.1,0.1,16,0.35739000000000004,0.6958299999991088,58.51968860626221,0.030094421030113783,0.0075972403311824754,0.0776661444868127,0.011038765918158501,,,41.33810329437256,,,,,
1,400,16,16,512,0.09764434922968718,0.8948753155643845,0.1,0.1,16,0.10871000000000001,0.7583299999988243,113.0533516407013,0.011065650770312838,0.13654531556556015,0.11332607424402298,0.15258585547132122,,,118.41739177703857,,,,,
1,400,64,4,16,0.4658947546446998,0.7009508044526289,0.1,0.1,16,0.17545000000000002,0.868489999998323,8.333767652511597,0.29044475464469977,0.16753919554569408,0.6234128024605009,0.2390170529535594,,,2.3057358264923096,,,,,
1,400,64,4,32,0.0874943399093085,0.6689754472932932,0.1,0.1,16,0.26284,0.693149999999121,11.503948211669922,0.17534566009069152,0.0241745527058278,2.0040800384624258,0.036136681553320386,,,4.579461097717285,,,,,
1,400,64,4,64,0.4356637438948387,0.7000736982835973,0.1,0.1,16,0.45471000000000006,0.7277899999989633,18.223928928375244,0.019046256105161363,0.027716301715365987,0.04371779008941075,0.03959054851413403,,,9.235093355178833,,,,,
1,400,64,4,128,0.038359499417012,0.7786371219056821,0.1,0.1,16,0.34609,0.5843299999996162,32.170188188552856,0.307730500582988,0.19430712190606592,8.022276235609922,0.24954772440146095,,,39.91703915596008,,,,,
1,400,64,4,256,0.4182327905674963,0.9480625837169226,0.1,0.1,16,0.48004,0.9685999999978674,59.32082962989807,0.06180720943250373,0.020537416280944742,0.1477818354429792,0.02166251113974656,,,44.22291660308838,,,,,
1,400,64,4,512,0.2349042876023955,0.688378240866927,0.1,0.1,16,0.22099000000000002,0.6146299999994783,112.73408555984497,0.013914287602395492,0.07374824086744869,0.05923385964732641,0.1071333120212689,,,257.8480851650238,,,,,
1,400,64,8,16,0.32472821306221394,0.6571221032964976,0.1,0.1,16,0.46490000000000004,0.7875999999986911,8.167100429534912,0.1401717869377861,0.13047789670219356,0.43165878817844167,0.19855959196569764,,,3.3874831199645996,,,,,
1,400,64,8,32,0.1803728132868458,0.5407797982147601,0.1,0.1,16,0.08075,0.5007099999999968,11.888702630996704,0.09962281328684579,0.04006979821476331,0.55231612498285,0.07409632968362174,,,4.635909557342529,,,,,
1,400,64,8,64,0.22012939514394814,0.5289032724588492,0.1,0.1,16,0.25867,0.8021499999986249,18.297858953475952,0.038540604856051874,0.27324672753977575,0.17508159158321043,0.5166289220890299,,,9.425952672958374,,,,,
1,400,64,8,128,0.4024600168732824,0.8945308479175026,0.1,0.1,16,0.34961000000000003,0.934179999998024,32.01620578765869,0.05285001687328239,0.039649152080521444,0.13131743442211954,0.04432396286033733,,,19.07996654510498,,,,,
1,400,64,8,256,0.08521478733676313,0.7795568443320282,0.1,0.1,16,0.21189000000000002,0.7442899999988882,59.354575872421265,0.1266752126632369,0.03526684433313998,1.486540266334585,0.045239605795981123,,,79.78919124603271,,,,,
1,400,64,8,512,0.04138332577932441,0.8425548272864339,0.1,0.1,16,0.09829,0.8401599999984519,113.52691507339478,0.05690667422067559,0.0023948272879820154,1.375111186668009,0.0028423400002287004,,,141.99333834648132,,,,,
1,400,64,16,16,0.0517418439284964,0.7585039162902629,0.1,0.1,16,0.24414000000000002,0.9526999999979398,8.276675462722778,0.19239815607150362,0.19419608370767683,3.718424807924982,0.25602515628061995,,,7.338089227676392,,,,,
1,400,64,16,32,0.19129111960319473,0.7590767981510362,0.1,0.1,16,0.44505000000000006,0.7994499999986372,14.271066665649414,0.25375888039680533,0.04037320184760096,1.3265586030506318,0.05318724264256561,,,12.127292156219482,,,,,
1,400,64,16,64,0.28446940386943803,0.714808085113672,0.1,0.1,16,0.20419,0.8565999999983771,19.00157618522644,0.08027940386943802,0.1417919148847051,0.2822075160894406,0.1983636137273919,,,10.39426326751709,,,,,
1,400,64,16,128,0.43022652901250064,0.8165325580196446,0.1,0.1,16,0.48109,0.8730899999983021,32.400582790374756,0.05086347098749938,0.05655744197865742,0.11822485959721349,0.06926538497843551,,,21.653258800506592,,,,,
1,400,64,16,256,0.33472349246395927,0.6097788290574484,0.1,0.1,16,0.34533,0.7417299999988999,59.054699659347534,0.010606507536040755,0.13195117094145148,0.03168737114316167,0.21639185333051325,,,45.54885792732239,,,,,
1,400,64,16,512,0.27751298356127657,0.9569513167595769,0.1,0.1,16,0.28304,0.9349899999980203,114.24326300621033,0.005527016438723442,0.02196131676155655,0.01991624452231455,0.022949251834379448,,,124.23820495605469,,,,,
1,400,1,4,16,0.3559590251185657,0.699397365078797,0.1,0.1,16,0.14929,0.814429999998569,7.515815734863281,0.2066690251185657,0.115032634919772,0.5805977950684821,0.16447393236434618,,,2.166889190673828,,,,,
1,400,1,4,32,0.2657676865413127,0.8650667892112349,0.1,0.1,16,0.2639,0.5584899999997338,10.20799207687378,0.0018676865413126964,0.3065767892115011,0.007027515517851982,0.35439666975429357,,,4.276928901672363,,,,,
1,400,1,4,64,0.11952960245013006,0.5305486407469442,0.1,0.1,16,0.035480000000000005,0.5669999999996951,15.662103176116943,0.08404960245013005,0.03645135925275089,0.703169764872238,0.0687050280657247,,,8.746007680892944,,,,,
1,400,1,4,128,0.4948324186942977,0.9799412660183346,0.1,0.1,16,0.48824000000000006,0.9679199999978705,32.709177017211914,0.006592418694297664,0.01202126602046416,0.013322527880636679,0.012267333193660244,,,19.053518056869507,,,,,
1,400,1,4,256,0.28017519634842664,0.9639609549773542,0.1,0.1,16,0.2762,0.9945999999977491,48.497925996780396,0.003975196348426635,0.03063904502039483,0.014188252208746808,0.031784529095490816,,,38.71514391899109,,,,,
1,400,1,4,512,0.17378903030311965,0.9664893253584181,0.1,0.1,16,0.22314,0.929359999998046,91.7724437713623,0.049350969696880354,0.03712932536037217,0.2839705682850252,0.03841669471786761,,,196.7365324497223,,,,,
1,400,1,8,16,0.4135930749213518,0.7187734207167987,0.1,0.1,16,0.4787,0.6686499999992325,7.448299884796143,0.06510692507864824,0.05012342071756626,0.1574178317444722,0.06973466084427626,,,2.1717817783355713,,,,,
1,400,1,8,32,0.30817493659503614,0.8751860802500503,0.1,0.1,16,0.49955000000000005,0.819709999998545,10.166145324707031,0.1913750634049639,0.0554760802515053,0.6209948982854644,0.06338775433408993,,,4.290621280670166,,,,,
1,400,1,8,64,0.060039325632770923,0.778092042407027,0.1,0.1,16,0.03645,0.8084199999985964,15.766407012939453,0.02358932563277092,0.030327957591569366,0.39289791122995715,0.03897733936174165,,,8.750617504119873,,,,,
1,400,1,8,128,0.0687486392928745,0.5852148549425763,0.1,0.1,16,0.07308,0.5625599999997153,26.668282747268677,0.004331360707125503,0.022654854942861014,0.0630028572445423,0.03871202986650775,,,18.49666452407837,,,,,
1,400,1,8,256,0.39520365610365693,0.744500251441753,0.1,0.1,16,0.37877000000000005,0.7406199999989049,48.44167113304138,0.01643365610365688,0.0038802514428480928,0.04158275322064971,0.005211887350385495,,,38.72211790084839,,,,,
1,400,1,8,512,0.4187724156260231,0.5182804310567908,0.1,0.1,16,0.34948,0.6027299999995325,92.55432605743408,0.06929241562602306,0.08444956894274169,0.16546556802801302,0.16294184360877037,,,111.30877232551575,,,,,
1,400,1,16,16,0.04903713425894862,0.50330874362674,0.1,0.1,16,0.28466,0.648759999999323,7.470635890960693,0.2356228657410514,0.14545125637258294,4.804988490901737,0.2889901242813524,,,2.159950017929077,,,,,
1,400,1,16,32,0.3980137165219638,0.8608209951540469,0.1,0.1,16,0.39023,0.995939999997743,10.187611103057861,0.007783716521963802,0.1351190048436961,0.019556402703860755,0.1569652757127701,,,4.268259525299072,,,,,
1,400,1,16,64,0.4045840366977576,0.8100853947778055,0.1,0.1,16,0.38873,0.7958299999986537,15.627874851226807,0.01585403669775759,0.014255394779151831,0.03918601640133732,0.017597397596659393,,,8.749534130096436,,,,,
1,400,1,16,128,0.22276672560560595,0.6407338608357296,0.1,0.1,16,0.14223000000000002,0.5939399999995725,26.96004819869995,0.08053672560560593,0.04679386083615711,0.36152942225398144,0.07303166524572681,,,18.69254732131958,,,,,
1,400,1,16,256,0.05378460595122142,0.5370099654253198,0.1,0.1,16,0.06935000000000001,0.6425599999993512,48.807127952575684,0.015565394048778589,0.10555003457403145,0.28940240006397416,0.19655135168755067,,,38.781182289123535,,,,,
1,400,1,16,512,0.1215424105858598,0.9034283839070134,0.1,0.1,16,0.20916,0.9766799999978306,92.49376082420349,0.08761758941414022,0.0732516160908172,0.7208807937229905,0.08108181832192327,,,148.6352367401123,,,,,
1,400,4,4,16,0.0899801812247692,0.9486144945497571,0.1,0.1,16,0.0014000000000000002,0.9899699999977701,8.079187154769897,0.0885801812247692,0.04135550544801303,0.9844410182226371,0.04359569212321775,,,2.176302671432495,,,,,
1,400,4,4,32,0.10048525748774689,0.9895560026527451,0.1,0.1,16,0.16629000000000002,0.9788399999978208,11.449111700057983,0.06580474251225313,0.01071600265492434,0.6548696212504338,0.010829101765031482,,,4.392793893814087,,,,,
1,400,4,4,64,0.02426750994770388,0.9239952375181306,0.1,0.1,16,0.0015600000000000002,0.9052899999981555,18.163800477981567,0.02270750994770388,0.018705237519975104,0.9357165196032977,0.020243867890723917,,,8.86387586593628,,,,,
1,400,4,4,128,0.013802820106390168,0.8036704447073753,0.1,0.1,16,0.01437,0.7939299999986623,31.700523614883423,0.000567179893609833,0.009740444708712936,0.04109159499566692,0.012119948883101622,,,18.211875438690186,,,,,
1,400,4,4,256,0.21303121649593593,0.6540972854713043,0.1,0.1,16,0.14449,0.7271799999989661,61.75981378555298,0.06854121649593592,0.0730827145276618,0.32174259539678074,0.1117306494782388,,,54.999794244766235,,,,,
1,400,4,4,512,0.40767790025892375,0.7978380921796753,0.1,0.1,16,0.48132,0.9326299999980311,112.10827040672302,0.07364209974107627,0.13479190781835582,0.18063794896486862,0.1689464430685522,,,181.634015083313,,,,,
1,400,4,8,16,0.15618554636229193,0.512906055543869,0.1,0.1,16,0.012730000000000002,0.5820999999996264,8.147653818130493,0.14345554636229194,0.06919394445575733,0.9184943786637518,0.1349056882987788,,,2.2917888164520264,,,,,
1,400,4,8,32,0.10147315901317211,0.7398439231810069,0.1,0.1,16,0.07555,0.5457999999997916,11.474042177200317,0.025923159013172103,0.19404392318121533,0.2554681382276376,0.2622768358316858,,,4.339247465133667,,,,,
1,400,4,8,64,0.47788320428529146,0.8398388760957937,0.1,0.1,16,0.42059,0.6943299999991156,18.21761393547058,0.057293204285291444,0.14550887609667806,0.11988955412437549,0.17325808585226893,,,9.080980062484741,,,,,
1,400,4,8,128,0.038654598994198264,0.5546286613493181,0.1,0.1,16,0.19785000000000003,0.6151799999994758,31.518282413482666,0.15919540100580176,0.060551338650157716,4.118407774187379,0.10917455744686275,,,18.358959674835205,,,,,
1,400,4,8,256,0.3126122809864631,0.8709367203171327,0.1,0.1,16,0.33953000000000005,0.9398699999979981,58.341599464416504,0.026917719013536956,0.06893327968086549,0.0861057631152455,0.07914843647396672,,,44.19596242904663,,,,,
1,400,4,8,512,0.16014360050309612,0.5689650020483599,0.1,0.1,16,0.19665000000000002,0.6980699999990986,117.34535098075867,0.0365063994969039,0.1291049979507387,0.2279604016783556,0.22691202004682404,,,121.79363417625427,,,,,
1,400,4,16,16,0.043658334779069496,0.916322091150751,0.1,0.1,16,0.056720000000000007,0.9920699999977606,8.065900325775146,0.01306166522093051,0.07574790884700955,0.2991791896559573,0.08266515625731835,,,2.272292137145996,,,,,
1,400,4,16,32,0.07390471427477385,0.7953035274804315,0.1,0.1,16,0.06929,0.9178599999980983,11.456952095031738,0.0046147142747738484,0.12255647251766677,0.06244140607345538,0.1541002501346032,,,9.41094446182251,,,,,
1,400,4,16,64,0.23634777888488234,0.999629127231556,0.1,0.1,16,0.30343000000000003,0.5161499999999265,18.548359632492065,0.06708222111511769,0.48347912723162945,0.2838284388862032,0.48365850299961843,,,19.877874851226807,,,,,
1,400,4,16,128,0.03405552241893739,0.90812607923046,0.1,0.1,16,0.08154,0.9512299999979464,31.865581274032593,0.04748447758106261,0.04310392076748648,1.394325331349424,0.047464687727074704,,,19.649840831756592,,,,,
1,400,4,16,256,0.12337503553238927,0.9465486196778548,0.1,0.1,16,0.03883,0.8537399999983901,58.69892358779907,0.08454503553238926,0.09280861967946463,0.6852685810185151,0.09804950083921818,,,44.352874755859375,,,,,
1,400,4,16,512,0.062172178817823165,0.7867599696396759,0.1,0.1,16,0.045970000000000004,0.810249999998588,113.20629668235779,0.01620217881782316,0.023490030358912173,0.2606017534836404,0.029856666919226012,,,114.2654459476471,,,,,
1,400,16,4,16,0.1748127181389162,0.6821017191045723,0.1,0.1,16,0.21963000000000002,0.7044599999990695,8.070311307907104,0.04481728186108383,0.022358280894497207,0.2563731194058172,0.03277851421317043,,,2.2586522102355957,,,,,
1,400,16,4,32,0.40616893696229417,0.828126825998869,0.1,0.1,16,0.48663000000000006,0.9118999999981254,12.333076238632202,0.0804610630377059,0.08377317399925643,0.19809752966208571,0.10115983611352164,,,6.300708770751953,,,,,
1,400,16,4,64,0.09709878126627797,0.7533670214999582,0.1,0.1,16,0.22712000000000002,0.5008999999999959,18.75885510444641,0.13002121873372205,0.25246702149996225,1.3390612841695668,0.33511822829369264,,,9.216334581375122,,,,,
1,400,16,4,128,0.42041851308481903,0.9777296292790543,0.1,0.1,16,0.44250000000000006,0.9856699999977897,31.470396995544434,0.022081486915181026,0.007940370718735434,0.05252263215803274,0.008121233601757986,,,18.616230726242065,,,,,
1,400,16,4,256,0.31119155809459975,0.7316569694306394,0.1,0.1,16,0.29221,0.7083299999990519,59.370176553726196,0.018981558094599726,0.02332696943158752,0.06099637859979956,0.03188238533385405,,,47.22757172584534,,,,,
1,400,16,4,512,0.39818530544600705,0.6413418003830456,0.1,0.1,16,0.38042000000000004,0.7383899999989151,112.60663437843323,0.017765305446007018,0.09704819961586952,0.04461567316279568,0.15132055880016998,,,242.65435242652893,,,,,
1,400,16,8,16,0.24930447749272616,0.9016953413928465,0.1,0.1,16,0.39376000000000005,0.8220499999985343,8.340047836303711,0.1444555225072739,0.07964534139431212,0.5794341279389521,0.08832843837396805,,,5.132040739059448,,,,,
1,400,16,8,32,0.13175569688209332,0.5223724545124888,0.1,0.1,16,0.25117,0.7119199999990355,11.606115102767944,0.11941430311790668,0.18954754548654673,0.9063312323016225,0.36285899811360567,,,7.866896629333496,,,,,
1,400,16,8,64,0.34676489258301485,0.6613114563677187,0.1,0.1,16,0.29401000000000005,0.835539999998473,18.25487446784973,0.0527548925830148,0.17422854363075424,0.1521344683714929,0.26345913404814114,,,11.655969381332397,,,,,
1,400,16,8,128,0.3327697609848928,0.7718297240112872,0.1,0.1,16,0.49713,0.6503599999993157,31.579225540161133,0.1643602390151072,0.12146972401197154,0.493915788888549,0.1573789143292895,,,21.251996278762817,,,,,
1,400,16,8,256,0.04280764719807756,0.6191450399640335,0.1,0.1,16,0.49660000000000004,0.5725899999996696,58.46512460708618,0.4537923528019225,0.04655503996436383,10.600731002620993,0.07519246212013302,,,56.49902939796448,,,,,
1,400,16,8,512,0.27311579252293683,0.5377053544155395,0.1,0.1,16,0.44982000000000005,0.520879999999905,115.24718737602234,0.17670420747706322,0.016825354415634486,0.6469937378748365,0.03129103007338072,,,133.94524598121643,,,,,
1,400,16,16,16,0.1735601773699501,0.9530339491850897,0.1,0.1,16,0.33966,0.6096599999995009,8.145520687103271,0.1660998226300499,0.3433739491855887,0.9570157460487139,0.36029561116809883,,,6.973615646362305,,,,,
1,400,16,16,32,0.2521439223654637,0.5287448919883614,0.1,0.1,16,0.31526000000000004,0.5254599999998841,11.723301410675049,0.06311607763453636,0.0032848919884772565,0.2503176639849932,0.006212621697628736,,,11.602692365646362,,,,,
1,400,16,16,64,0.4614492031987831,0.9591513440564459,0.1,0.1,16,0.49602,0.9116299999981267,18.69669270515442,0.03457079680121694,0.047521344058319204,0.07491788166838492,0.049545198839363334,,,19.96928334236145,,,,,
1,400,16,16,128,0.4970976330878649,0.5984268618823002,0.1,0.1,16,0.38428,0.6916499999991278,31.705390453338623,0.11281763308786491,0.09322313811682759,0.22695266599252492,0.15578033683782547,,,23.003403902053833,,,,,
1,400,16,16,256,0.1345729389942416,0.9499277926706259,0.1,0.1,16,0.15704,0.9894099999977727,58.40675711631775,0.022467061005758404,0.0394822073271468,0.1669508087857082,0.04156337737644939,,,43.33475589752197,,,,,
1,400,16,16,512,0.37276771241164336,0.9575396918911705,0.1,0.1,16,0.37963,0.9418599999979891,115.15389633178711,0.006862287588356664,0.015679691893181413,0.018409018162975212,0.016374978526700588,,,113.93185830116272,,,,,
1,400,64,4,16,0.06095815800713411,0.6375930418815414,0.1,0.1,16,0.39519000000000004,0.5564999999997429,8.121919631958008,0.33423184199286593,0.08109304188179856,5.482971482730004,0.12718620900016794,,,3.4730629920959473,,,,,
1,400,64,4,32,0.1032611026451023,0.908824337231001,0.1,0.1,16,0.25698000000000004,0.8248399999985216,12.566907167434692,0.15371889735489774,0.08398433723247933,1.4886428037013477,0.09240986821321508,,,6.5217108726501465,,,,,
1,400,64,4,64,0.34314641256185374,0.8690751149493617,0.1,0.1,16,0.49522000000000005,0.7525099999988508,18.329132795333862,0.1520735874381463,0.11656511495051092,0.44317405594538845,0.13412547770085764,,,9.145291805267334,,,,,
1,400,64,4,128,0.35968403725117637,0.9852853261748407,0.1,0.1,16,0.45493000000000006,0.9920399999977607,31.879765033721924,0.09524596274882369,0.006754673822920054,0.264804530878614,0.0068555510200721545,,,22.864160537719727,,,,,
1,400,64,4,256,0.20885687211294424,0.6795280128396511,0.1,0.1,16,0.11475,0.7430899999988937,59.76210904121399,0.09410687211294423,0.06356198715924255,0.4505806831295153,0.09353843544083786,,,44.46584963798523,,,,,
1,400,64,4,512,0.23609836213619512,0.5743298903902271,0.1,0.1,16,0.2923,0.5052399999999762,113.03616976737976,0.05620163786380489,0.06908989039025093,0.23804331955248614,0.1202965256488879,,,186.70364832878113,,,,,
1,400,64,8,16,0.3844985732405988,0.629439048887923,0.1,0.1,16,0.23978000000000002,0.531649999999856,8.113041162490845,0.14471857324059875,0.09778904888806705,0.3763826014252634,0.1553590439945508,,,2.3384222984313965,,,,,
1,400,64,8,32,0.1111966257235984,0.8325663843540803,0.1,0.1,16,0.17492000000000002,0.8800499999982704,11.523431062698364,0.06372337427640162,0.047483615644190125,0.5730693162830219,0.05703282829636312,,,4.583323955535889,,,,,
1,400,64,8,64,0.16370481602728854,0.5352999468873347,0.1,0.1,16,0.40417000000000003,0.7543099999988426,18.2861487865448,0.2404651839727115,0.2190100531115079,1.468894989214169,0.40913520426259864,,,9.524315595626831,,,,,
1,400,64,8,128,0.1446268534903682,0.9691834831816757,0.1,0.1,16,0.10136,0.9872899999977823,31.855193376541138,0.043266853490368185,0.018106516816106644,0.29916196367536724,0.018682238327737303,,,19.04524302482605,,,,,
1,400,64,8,256,0.08805810082732013,0.9624250897038561,0.1,0.1,16,0.15089000000000002,0.8944399999982049,59.24196267127991,0.0628318991726799,0.0679850897056512,0.7135277570418169,0.07063935721643605,,,53.75371265411377,,,,,
1,400,64,8,512,0.22322628330449112,0.6128196490951068,0.1,0.1,16,0.35907000000000006,0.5960499999995629,113.38615393638611,0.13584371669550893,0.016769649095543904,0.6085471418713347,0.027364737929513307,,,192.74792194366455,,,,,
1,400,64,16,16,0.26558899310267475,0.8097464981748087,0.1,0.1,16,0.032900000000000006,0.9533899999979366,8.130955219268799,0.23268899310267474,0.1436435018231279,0.8761243844646788,0.17739317446497685,,,2.304755687713623,,,,,
1,400,64,16,32,0.2644128645980031,0.5609738207220989,0.1,0.1,16,0.09386000000000001,0.5165399999999247,11.540414094924927,0.17055286459800312,0.04443382072217417,0.6450248359031285,0.07920836780757058,,,5.626434564590454,,,,,
1,400,64,16,64,0.04788928043741125,0.8002955704662488,0.1,0.1,16,0.007200000000000001,0.6950899999991121,18.34748125076294,0.040689280437411254,0.10520557046713663,0.849653201421349,0.13145839406038987,,,13.405075073242188,,,,,
1,400,64,16,128,0.41017421825450195,0.5099812658259262,0.1,0.1,16,0.29636,0.513839999999937,31.862279415130615,0.11381421825450194,0.003858734174010836,0.2774777477210508,0.007566423381771738,,,21.5690438747406,,,,,
1,400,64,16,256,0.15205013514435933,0.6739964245175241,0.1,0.1,16,0.23957000000000003,0.6142899999994799,59.48627948760986,0.0875198648556407,0.0597064245180442,0.5755987311194932,0.08858566951714121,,,66.99452781677246,,,,,
1,400,64,16,512,0.0018384151143980842,0.9253673343641005,0.1,0.1,16,0.20583,0.7814099999987193,114.13436627388,0.20399158488560193,0.14395733436538116,110.96056776730256,0.155567771866841,,,114.48169231414795,,,,,
1,400,1,4,16,0.1555018122022298,0.6570438065386517,0.1,0.1,16,0.059140000000000005,0.7933199999986651,7.509000539779663,0.09636181220222981,0.1362761934600134,0.6196828888200445,0.20740807858447827,,,2.149170160293579,,,,,
1,400,1,4,32,0.3944499544787339,0.7064897691986944,0.1,0.1,16,0.45524000000000003,0.7556899999988363,10.450735092163086,0.060790045521266156,0.04920023080014191,0.15411345553734512,0.06964040095859442,,,4.4386513233184814,,,,,
1,400,1,4,64,0.2029601315720284,0.7663621351893601,0.1,0.1,16,0.21939000000000003,0.8846499999982494,15.984696865081787,0.016429868427971617,0.11828786480888931,0.0809512109630301,0.15434982937885053,,,9.013131618499756,,,,,
1,400,1,4,128,0.0727489424874897,0.8545316150042936,0.1,0.1,16,0.09616000000000001,0.8437499999984356,26.76006007194519,0.02341105751251031,0.010781615005858058,0.32180615569135185,0.012616987852232812,,,18.050098180770874,,,,,
1,400,1,4,256,0.3672448097624809,0.7001960087594241,0.1,0.1,16,0.4761,0.643919999999345,48.5924289226532,0.1088551902375191,0.0562760087600791,0.29641042526352446,0.08037179312088112,,,38.93824052810669,,,,,
1,400,1,4,512,0.17950903704362708,0.742114391851509,0.1,0.1,16,0.18750000000000003,0.7468399999988766,92.5234649181366,0.007990962956372943,0.004725608147367666,0.04451565830878395,0.006367762435623566,,,162.0168800354004,,,,,
1,400,1,8,16,0.17324017792326224,0.8252496151169256,0.1,0.1,16,0.41172000000000003,0.9937699999977528,7.587847709655762,0.2384798220767378,0.1685203848808272,1.37658495237966,0.20420534804726975,,,2.4648005962371826,,,,,
1,400,1,8,32,0.15054516300277426,0.7737331458693972,0.1,0.1,16,0.18624000000000002,0.6169699999994677,10.372082710266113,0.035694836997225754,0.15676314586992957,0.23710384502069964,0.2026062172815206,,,4.2455127239227295,,,,,
1,400,1,8,64,0.42401869555565236,0.6715891133836686,0.1,0.1,16,0.40900000000000003,0.7013999999990834,15.612770795822144,0.015018695555652328,0.029810886615414867,0.035419890002659396,0.04438857929846216,,,8.750910758972168,,,,,
1,400,1,8,128,0.08209201984621517,0.8478403331784499,0.1,0.1,16,0.015090000000000001,0.8517099999983994,28.355968952178955,0.06700201984621516,0.003869666819949491,0.816181889198628,0.0045641457105992855,,,17.916871786117554,,,,,
1,400,1,8,256,0.3979357574023403,0.5927956574814444,0.1,0.1,16,0.46342000000000005,0.5947399999995688,48.5546178817749,0.06548424259765978,0.0019443425181244756,0.1645598350475721,0.003279954050920721,,,43.71682167053223,,,,,
1,400,1,8,512,0.026200884944356073,0.9393083061480592,0.1,0.1,16,0.009800000000000001,0.9888099999977754,92.59140658378601,0.01640088494435607,0.049501693849716255,0.6259668320053816,0.052700155556714,,,100.09927201271057,,,,,
1,400,1,16,16,0.3679847875179271,0.6557862288699012,0.1,0.1,16,0.44272000000000006,0.7298199999989541,7.478840351104736,0.07473521248207293,0.07403377112905285,0.2030932120486966,0.11289314698881868,,,2.1632864475250244,,,,,
1,400,1,16,32,0.2238620533464466,0.5756080554367526,0.1,0.1,16,0.15971000000000002,0.6046399999995238,10.20391845703125,0.06415205334644658,0.02903194456277114,0.28656957437608027,0.05043700186013319,,,4.422709941864014,,,,,
1,400,1,16,64,0.12209352921145389,0.5546421138212259,0.1,0.1,16,0.18139000000000002,0.5044999999999795,15.963998794555664,0.059296470788546135,0.05014211382124634,0.4856643195713552,0.09040444742969575,,,9.035470485687256,,,,,
1,400,1,16,128,0.3054928651684662,0.9794591439096604,0.1,0.1,16,0.3577,0.875949999998289,27.038795471191406,0.05220713483153383,0.10350914391137134,0.1708947762257683,0.10567989951903335,,,18.15808367729187,,,,,
1,400,1,16,256,0.3774284220797233,0.8497530277501366,0.1,0.1,16,0.41511000000000003,0.8702799999983148,48.5866584777832,0.03768157792027671,0.020526972248178232,0.0998376797185595,0.024156397891899047,,,38.671358585357666,,,,,
1,400,1,16,512,0.47418545184821376,0.9487565646350092,0.1,0.1,16,0.49487000000000003,0.9826199999978036,92.63513708114624,0.020684548151786275,0.03386343536279435,0.04362122049751829,0.03569243852960507,,,185.77203631401062,,,,,
1,400,4,4,16,0.21281562079863392,0.8054940735017099,0.1,0.1,16,0.38043000000000005,0.9768299999978299,8.105790376663208,0.16761437920136613,0.17133592649612006,0.7876037415503574,0.2127091087725506,,,2.2230751514434814,,,,,
1,400,4,4,32,0.45771583107707764,0.8468715359827081,0.1,0.1,16,0.46482,0.8871799999982379,11.531084060668945,0.0071041689229223715,0.04030846401552979,0.01552091590584739,0.04759690496476059,,,4.428041696548462,,,,,
1,400,4,4,64,0.4793025997149016,0.8495090555765663,0.1,0.1,16,0.40939000000000003,0.8112099999985837,18.18339967727661,0.06991259971490155,0.03829905557798263,0.14586317653291866,0.04508375199366046,,,9.097547054290771,,,,,
1,400,4,4,128,0.44647262489887796,0.6154125997098572,0.1,0.1,16,0.30653,0.7318299999989449,31.716016054153442,0.13994262489887793,0.11641740028908776,0.3134405495310573,0.18916967306807494,,,19.008927822113037,,,,,
1,400,4,4,256,0.020027299334896775,0.7462537481708587,0.1,0.1,16,0.03535,0.9293399999980461,58.8101224899292,0.015322700665103224,0.1830862518271874,0.7650907098793908,0.2453404787258353,,,72.05860447883606,,,,,
1,400,4,4,512,0.2348274411343138,0.8566072854660143,0.1,0.1,16,0.26838,0.8125099999985778,112.68089127540588,0.0335525588656862,0.04409728546743652,0.1428817633220949,0.05147899885470455,,,172.64522671699524,,,,,
1,400,4,8,16,0.026664943957453335,0.665455075841441,0.1,0.1,16,0.03232,0.6631899999992573,8.269472599029541,0.005655056042546666,0.002265075842183717,0.2120783021921925,0.0034037997821560234,,,4.425601005554199,,,,,
1,400,4,8,32,0.4720523588129622,0.5936694298112677,0.1,0.1,16,0.39262,0.748069999998871,11.67825961112976,0.07943235881296218,0.15440057018760334,0.16827022962602137,0.2600783574736003,,,11.081897735595703,,,,,
1,400,4,8,64,0.34040821476113153,0.9510585402869418,0.1,0.1,16,0.49975,0.953739999997935,18.297329664230347,0.1593417852388685,0.002681459710993206,0.4680903054900732,0.0028194475917162664,,,11.246660709381104,,,,,
1,400,4,8,128,0.21262224472020452,0.6389478931376532,0.1,0.1,16,0.45094000000000006,0.5127799999999418,31.697182655334473,0.23831775527979554,0.12616789313771137,1.120850528096928,0.19746194406893539,,,21.263941287994385,,,,,
1,400,4,8,256,0.019636821016717265,0.6246297008037162,0.1,0.1,16,0.047450000000000006,0.503729999999983,58.48639941215515,0.02781317898328274,0.12089970080373313,1.4163789016361028,0.1935541980283206,,,40.37183213233948,,,,,
1,400,4,8,512,0.35050055572222155,0.6885951974002484,0.1,0.1,16,0.19308000000000003,0.6672699999992387,112.61888790130615,0.15742055572222152,0.021325197401009688,0.4491306879609639,0.030969134669428054,,,93.86222195625305,,,,,
1,400,4,16,16,0.2612336051647776,0.7035857549202899,0.1,0.1,16,0.25257,0.6283899999994157,8.052676916122437,0.008663605164777599,0.07519575492087416,0.033164206264017525,0.10687503889187351,,,2.2127888202667236,,,,,
1,400,4,16,32,0.47008164766568455,0.7194772720255862,0.1,0.1,16,0.46465000000000006,0.5068599999999688,11.412696599960327,0.005431647665684491,0.21261727202561742,0.011554689898354429,0.29551631481981866,,,4.402859687805176,,,,,
1,400,4,16,64,0.42287809569147267,0.616441415470653,0.1,0.1,16,0.34377,0.8281899999985064,18.097212076187134,0.07910809569147265,0.2117485845278534,0.1870706865583056,0.34350155459003895,,,13.471437692642212,,,,,
1,400,4,16,128,0.4208254618951506,0.6178037731375952,0.1,0.1,16,0.44164000000000003,0.6812299999991752,31.824854850769043,0.020814538104849456,0.06342622686158006,0.049461213708678675,0.10266403285214962,,,27.476177215576172,,,,,
1,400,4,16,256,0.0723618088833996,0.9322300390607154,0.1,0.1,16,0.2396,0.9643799999978866,58.35487174987793,0.1672381911166004,0.03214996093717115,2.3111388962937633,0.03448715401786924,,,42.004756689071655,,,,,
1,400,4,16,512,0.3574990983265177,0.6817923207947786,0.1,0.1,16,0.46490000000000004,0.5595199999997291,112.03317737579346,0.10740090167348232,0.12227232079504946,0.3004228602987662,0.17933953942531097,,,98.56093120574951,,,,,
1,400,16,4,16,0.05946152967388829,0.5794250237683284,0.1,0.1,16,0.45457000000000003,0.9328999999980299,8.100215196609497,0.39510847032611174,0.3534749762297015,6.644774739113686,0.6100443745609293,,,2.310514211654663,,,,,
1,400,16,4,32,0.4456165656314042,0.5344890406236863,0.1,0.1,16,0.48841000000000007,0.5059999999999727,11.4865083694458,0.04279343436859584,0.028489040623713602,0.09603196485292428,0.05330144953107031,,,4.68465781211853,,,,,
1,400,16,4,64,0.4149739697603327,0.8976806574532255,0.1,0.1,16,0.28384000000000004,0.9566599999979217,18.123786449432373,0.13113396976033265,0.05897934254469628,0.3160052902500578,0.06570191978072053,,,9.054545402526855,,,,,
1,400,16,4,128,0.3320872475282221,0.5853593655477312,0.1,0.1,16,0.28018000000000004,0.8426599999984405,31.615837574005127,0.05190724752822207,0.2573006344507094,0.15630605485328303,0.43956012254104554,,,30.2813081741333,,,,,
1,400,16,4,256,0.38917969309749745,0.7588873823467934,0.1,0.1,16,0.40057000000000004,0.8908699999982211,62.192954540252686,0.01139030690250259,0.1319826176514277,0.029267474908175863,0.17391594684745307,,,43.13070464134216,,,,,
1,400,16,4,512,0.3240840420317476,0.7105185429310705,0.1,0.1,16,0.46838,0.588779999999596,112.43989682197571,0.1442959579682524,0.12173854293147457,0.44524240398765763,0.17133760144988192,,,253.47278428077698,,,,,
1,400,16,8,16,0.47373133282614327,0.745520082315374,0.1,0.1,16,0.13821,0.9189599999980933,8.111825942993164,0.33552133282614327,0.17343991768271927,0.7082523565087423,0.23264285134219867,,,2.280214786529541,,,,,
1,400,16,8,32,0.35481835191822225,0.8410001137903309,0.1,0.1,16,0.20160000000000003,0.5084799999999614,11.753899097442627,0.15321835191822222,0.3325201137903695,0.4318219480190124,0.39538652651510797,,,7.6766557693481445,,,,,
1,400,16,8,64,0.4084220490133588,0.9089905438370589,0.1,0.1,16,0.3366,0.9673099999978733,18.381953954696655,0.07182204901335881,0.058319456160814354,0.175852526049615,0.06415848498779148,,,9.09101915359497,,,,,
1,400,16,8,128,0.18141138261510292,0.9978051938075341,0.1,0.1,16,0.13148,0.9706399999978581,33.24318981170654,0.04993138261510291,0.02716519380967597,0.2752384216212131,0.02722494729258329,,,18.764636516571045,,,,,
1,400,16,8,256,0.3792959859396957,0.6696714226134401,0.1,0.1,16,0.04549,0.8358599999984715,58.83581018447876,0.3338059859396957,0.16618857738503134,0.8800672780986601,0.24816435609043708,,,82.52310824394226,,,,,
1,400,16,8,512,0.35074581851567155,0.6699722511437305,0.1,0.1,16,0.34305,0.6649399999992494,112.55061650276184,0.007695818515671526,0.005032251144481137,0.021941297969679637,0.007511133686343613,,,200.7870090007782,,,,,
1,400,16,16,16,0.27730623857068065,0.7688636729555127,0.1,0.1,16,0.055920000000000004,0.5592699999997303,8.217256307601929,0.22138623857068065,0.20959367295578246,0.7983456835005646,0.2726018673116707,,,7.029489278793335,,,,,
1,400,16,16,32,0.17324946509861994,0.8485224792459716,0.1,0.1,16,0.24551000000000003,0.710279999999043,11.557982921600342,0.0722605349013801,0.13824247924692856,0.4170895122836123,0.16292141060278797,,,6.75767707824707,,,,,
1,400,16,16,64,0.009933016210635859,0.6987948333705374,0.1,0.1,16,0.13218000000000002,0.5281599999998718,18.16624426841736,0.12224698378936416,0.17063483337066554,12.307136241101388,0.24418445189073984,,,13.073619604110718,,,,,
1,400,16,16,128,0.014909394875753268,0.7209521679602828,0.1,0.1,16,0.44102,0.6903199999991338,31.6164333820343,0.42611060512424676,0.03063216796114898,28.580006678689458,0.042488488588380946,,,19.130515575408936,,,,,
1,400,16,16,256,0.02417249047447495,0.7861875117410204,0.1,0.1,16,0.20255,0.7658299999987902,60.19025778770447,0.17837750952552506,0.020357511742230217,7.379360009010391,0.0258939647834755,,,44.24764013290405,,,,,
1,400,16,16,512,0.28496052944568084,0.6052310485883805,0.1,0.1,16,0.34863000000000005,0.7392999999989109,113.2979621887207,0.06366947055431921,0.13406895141053043,0.223432594956825,0.22151697558019887,,,121.72721648216248,,,,,
1,400,64,4,16,0.43001318552626105,0.7569817309492444,0.1,0.1,16,0.38689,0.6961599999991073,8.072539329528809,0.04312318552626104,0.0608217309501371,0.10028340287632295,0.08034768669234264,,,2.2988147735595703,,,,,
1,400,64,4,32,0.20439978071872555,0.7119641217202997,0.1,0.1,16,0.15775,0.9301299999980425,11.43630576133728,0.04664978071872555,0.2181658782777428,0.2282281348575432,0.3064281915647582,,,4.548827886581421,,,,,
1,400,64,4,64,0.2027301866101247,0.7989715508598734,0.1,0.1,16,0.34176,0.7066699999990594,18.314456462860107,0.1390298133898753,0.09230155086081393,0.685787428673594,0.11552545364284457,,,19.98261260986328,,,,,
1,400,64,4,128,0.3204849746973021,0.8961113664208966,0.1,0.1,16,0.44205000000000005,0.7447199999988863,34.736204385757446,0.12156502530269797,0.15139136642201034,0.3793158335036333,0.16894258023606296,,,23.210816144943237,,,,,
1,400,64,4,256,0.4272494492605125,0.7984244908828725,0.1,0.1,16,0.49941,0.7229799999989852,59.07578730583191,0.07216055073948752,0.07544449088388727,0.1688955968565523,0.09449170428184529,,,44.111445903778076,,,,,
1,400,64,4,512,0.42464017855859515,0.9683435941298157,0.1,0.1,16,0.45457000000000003,0.9328999999980299,114.10569977760315,0.02992982144140488,0.03544359413178588,0.0704827827244212,0.03660229111510426,,,152.88242053985596,,,,,
1,400,64,8,16,0.11254796373873016,0.5998481677095016,0.1,0.1,16,0.04152,0.513619999999938,8.094966411590576,0.07102796373873016,0.08622816770956354,0.6310906157628503,0.14374998933283845,,,2.3067939281463623,,,,,
1,400,64,8,32,0.07080067828265252,0.9504895874481905,0.1,0.1,16,0.32827,0.8440399999984343,11.633916854858398,0.2574693217173475,0.10644958744975619,3.6365375016531765,0.11199448037673382,,,6.442437648773193,,,,,
1,400,64,8,64,0.20354571318829295,0.7385820797956266,0.1,0.1,16,0.10136,0.724999999998976,19.696555852890015,0.10218571318829295,0.013582079796650603,0.5020283237002616,0.01838939796699225,,,9.365362405776978,,,,,
1,400,64,8,128,0.05193840234845942,0.8796787640657768,0.1,0.1,16,0.18996000000000002,0.8716399999983087,31.755293130874634,0.1380215976515406,0.008038764067468174,2.6574093813194573,0.009138295018415479,,,19.482444763183594,,,,,
1,400,64,8,256,0.051136355846301274,0.5390798783990912,0.1,0.1,16,0.15502000000000002,0.5209599999999046,59.99226212501526,0.10388364415369875,0.018119878399186606,2.0315026840383017,0.033612603855661095,,,48.42542862892151,,,,,
1,400,64,8,512,0.2385905597084268,0.9508208870604862,0.1,0.1,16,0.27787,0.8951499999982017,113.85353922843933,0.03927944029157321,0.05567088706228451,0.16463115866602285,0.058550340889538144,,,242.13241624832153,,,,,
1,400,64,16,16,0.3005747952694299,0.908938729314479,0.1,0.1,16,0.40747000000000005,0.7732099999987566,8.170669078826904,0.10689520473057018,0.13572872931572244,0.35563595621765703,0.14932659918462154,,,2.258246898651123,,,,,
1,400,64,16,32,0.31583911233361545,0.9469812309846162,0.1,0.1,16,0.44565000000000005,0.7572499999988292,11.477604389190674,0.1298108876663846,0.18973123098578693,0.41100320573744387,0.20035373962851977,,,4.467347860336304,,,,,
1,400,64,16,64,0.35394614091321297,0.8163951941466536,0.1,0.1,16,0.43487000000000003,0.7647399999987952,18.24124264717102,0.08092385908678706,0.05165519414785846,0.22863325724641667,0.0632722908197073,,,9.195730447769165,,,,,
1,400,64,16,128,0.1535255362680089,0.6488655093800428,0.1,0.1,16,0.11140000000000001,0.5595799999997288,31.887294054031372,0.0421255362680089,0.08928550938031399,0.2743878138583442,0.13760248940588882,,,19.90048861503601,,,,,
1,400,64,16,256,0.0029738775533167394,0.9670671374306832,0.1,0.1,16,0.09614,0.9622899999978961,59.09478139877319,0.09316612244668326,0.004777137432787071,31.328163576464643,0.004939819840718642,,,52.60300016403198,,,,,
1,400,64,16,512,0.4953727279743024,0.9521837331043915,0.1,0.1,16,0.48297000000000007,0.9247099999980671,113.62755107879639,0.012402727974302308,0.027473733106324394,0.025037163480961154,0.028853394729557245,,,132.97929215431213,,,,,
