ensemble_size,calibration_batches,edge_per_t,T,real_epsilon,mu,rho,epsilon_msm,time_msm,abs_error_msm,rel_error_msm,epsilon_pgabm,time_pgabm,abs_error_pgabm,rel_error_pgabm
1,400,1,16,0.41401535401279854,0.023702339307098863,16,0.0551,4.939951419830322,0.35891535401279856,0.8669131483507816,0.34877973791246425,0.42087268829345703,0.06523561610033429,0.15756810820672523
1,400,1,32,0.28907755727915824,0.19902441861809755,16,0.1394,7.788032293319702,0.14967755727915824,0.5177764703975849,0.26988147129610024,0.799583911895752,0.019196085983057998,0.06640462221880684
1,400,1,64,0.030137473674363147,0.3298511968089203,16,0.0333,14.0187087059021,0.0031625263256368566,0.10493667650474309,0.013612298257732549,1.4727282524108887,0.016525175416630598,0.5483264986038947
1,400,1,128,0.3401487818802442,0.18405955723594997,16,0.3045,25.609756231307983,0.03564878188024423,0.10480349711437466,0.33591963431994953,2.762355327606201,0.004229147560294688,0.01243322859166857
1,400,1,256,0.08054520247366104,0.37748610072487726,16,0.0371,50.068724632263184,0.043445202473661036,0.5393890776780651,0.08478034920505917,5.307870388031006,0.004235146731398132,0.052580993049003266
1,400,1,512,0.34269262397833716,0.02747106357402279,16,0.24830000000000002,101.70362615585327,0.09439262397833714,0.2754439908350757,0.3412667380824364,17.639554738998413,0.001425885895900758,0.0041608304239162544
1,400,4,16,0.21995923386090094,0.23849604400847219,16,0.281,5.365039825439453,0.06104076613909909,0.2775094505816491,0.15119170938295406,0.4271836280822754,0.06876752447794687,0.31263758866079006
1,400,4,32,0.30262626586818864,0.408916290684734,16,0.24810000000000001,8.938212394714355,0.05452626586818862,0.18017691131918465,0.2863412176474786,0.7613205909729004,0.01628504822071003,0.0538124084305462
1,400,4,64,0.25149903602941553,0.01195804425301622,16,0.34090000000000004,15.844395399093628,0.0894009639705845,0.3554723921889231,0.26808915208234463,1.4527063369750977,0.016590116052929094,0.06596492899077633
1,400,4,128,0.23462235178866125,0.46387813361476843,16,0.2214,30.031888246536255,0.01322235178866124,0.05635589144793598,0.2637931099766156,2.71207594871521,0.029170758187954338,0.12433068701924116
1,400,4,256,0.49642832824879185,0.1667255868651134,16,0.4963,60.85084867477417,0.00012832824879183136,0.00025850307383650737,0.49994638193606483,5.265195846557617,0.0035180536872729817,0.0070867303235561145
1,400,4,512,0.19739359107897747,0.0797399299876887,16,0.11860000000000001,131.61315298080444,0.07879359107897746,0.3991699560673782,0.19763572322609912,17.610561847686768,0.0002421321471216542,0.001226646446817905
1,400,16,16,0.4123174554188112,0.17436139033465503,16,0.374,5.6186418533325195,0.03831745541881121,0.09293192639610728,0.3847266731678345,0.437636137008667,0.02759078225097672,0.06691635750165222
1,400,16,32,0.38201386360867456,0.0059688347037070155,16,0.16010000000000002,9.168976545333862,0.22191386360867454,0.5809052622131995,0.3771377097738865,0.810511589050293,0.004876153834788066,0.012764337369135577
1,400,16,64,0.16912162171263379,0.3665625300942872,16,0.16570000000000001,16.662842988967896,0.003421621712633771,0.020231722460938108,0.16928935489212307,1.4330639839172363,0.0001677331794892878,0.0009917902737137585
1,400,16,128,0.055651730867558646,0.47143214289891394,16,0.0262,33.83809781074524,0.029451730867558645,0.5292150020930813,0.05668124690807896,2.687307357788086,0.0010295160405203105,0.01849926362524785
1,400,16,256,0.41955247184781724,0.24777408433597686,16,0.47250000000000003,75.34077382087708,0.05294752815218279,0.12620001478954046,0.4301961272034122,5.234359264373779,0.010643655355594972,0.025369068399758367
1,400,16,512,0.31807313461810527,0.4030446895470705,16,0.3057,185.2716932296753,0.012373134618105242,0.03890028195232852,0.3150928733613957,17.49541163444519,0.002980261256709582,0.009369735863696363
1,400,64,16,0.26202418415312,0.15373754776224174,16,0.21630000000000002,5.916104555130005,0.04572418415311999,0.1745036791199395,0.2586070649662467,0.4432849884033203,0.0034171191868733186,0.013041235861177015
1,400,64,32,0.2084538203372686,0.22711552301588683,16,0.2114,10.132134199142456,0.0029461796627313908,0.014133488453052137,0.21127379165129023,0.8413078784942627,0.0028199713140216187,0.01352803853370994
1,400,64,64,0.0858097799782771,0.3219872718235748,16,0.07200000000000001,20.122775554656982,0.013809779978277092,0.16093480232408314,0.08313098537326369,1.465528964996338,0.0026787946050134126,0.03121782395539942
1,400,64,128,0.4731922868968564,0.4898230786174815,16,0.46530000000000005,47.077555894851685,0.007892286896856338,0.016678815600763692,0.478083486761496,2.7398548126220703,0.004891199864639595,0.010336600997272277
1,400,64,256,0.05090722655618013,0.3482078412486483,16,0.07300000000000001,713.7265298366547,0.02209277344381988,0.4339810855623566,0.05238457797601964,5.268055200576782,0.0014773514198395121,0.029020465654500713
1,400,64,512,0.3915350857194229,0.2982635715568795,16,0.3659,1961.133271932602,0.025635085719422912,0.06547327852450295,0.38611473685257847,17.438151121139526,0.005420348866844449,0.01384383945281653
1,400,1,16,0.3186806683936562,0.30741511445607506,16,0.3346,4.970025539398193,0.01591933160634379,0.0499538666295225,0.37227022025827455,0.4166531562805176,0.053589551864618334,0.16816066106156413
1,400,1,32,0.10887001025926979,0.47889727239748847,16,0.06280000000000001,8.013018608093262,0.04607001025926978,0.42316529730782426,0.07469379228738199,0.7765827178955078,0.0341762179718878,0.3139176517986766
1,400,1,64,0.11392937151782684,0.11125793227990105,16,0.0514,14.054968357086182,0.06252937151782684,0.5488432937422348,0.11236770030005291,1.4414710998535156,0.0015616712177739245,0.01370736270172056
1,400,1,128,0.06767036088356582,0.41516700643629467,16,0.0461,25.91184639930725,0.021570360883565814,0.3187564038660878,0.06593930755150233,2.7553818225860596,0.001731053332063484,0.025580672386865923
1,400,1,256,0.03453927827605302,0.10843908535185509,16,0.0038,50.1635959148407,0.03073927827605302,0.8899803299412125,0.028214679201372,5.282236099243164,0.006324599074681022,0.18311323775013652
1,400,1,512,0.23295067264589553,0.39867966834658497,16,0.1651,102.47445774078369,0.06785067264589553,0.29126626626673974,0.22125391392541605,17.868207454681396,0.011696758720479483,0.050211311208615966
1,400,4,16,0.08494100510172181,0.006394770893462298,16,0.0346,5.532160997390747,0.05034100510172181,0.5926584579666266,0.07285583401041149,0.45342254638671875,0.012085171091310326,0.1422772320251877
1,400,4,32,0.192989729352518,0.3525689483531455,16,0.049300000000000004,9.15750789642334,0.143689729352518,0.7445459913053307,0.2157092682066471,0.7770059108734131,0.022719538854129084,0.11772408267711089
1,400,4,64,0.4685005958555785,0.07446274209551224,16,0.3375,16.047380685806274,0.1310005958555785,0.27961671130074967,0.47262372677795855,1.4424424171447754,0.004123130922380036,0.008800695151412454
1,400,4,128,0.15040854571950324,0.13480017627894453,16,0.049800000000000004,30.722131967544556,0.10060854571950323,0.6689017917048943,0.141848445325325,2.6840593814849854,0.008560100394178233,0.05691232737627792
1,400,4,256,0.1821171416137795,0.08405237923062636,16,0.09240000000000001,61.11635112762451,0.0897171416137795,0.49263425078373424,0.1702395084594794,5.27221941947937,0.011877633154300099,0.06521974290311068
1,400,4,512,0.18912892084478272,0.16071038984366282,16,0.1129,132.50597953796387,0.07622892084478272,0.4030526928631051,0.1949324889604944,17.31123399734497,0.005803568115711671,0.030685778197162318
1,400,16,16,0.1438859096271735,0.15274895635395758,16,0.0514,5.52738094329834,0.09248590962717351,0.6427725262801349,0.12443759367873881,0.42200398445129395,0.0194483159484347,0.13516483996819237
1,400,16,32,0.3192206981518905,0.09881733211444471,16,0.22590000000000002,9.347294569015503,0.09332069815189051,0.29233912052747585,0.3268498897010305,0.7980122566223145,0.007629191549139991,0.023899426300702766
1,400,16,64,0.3964232380557259,0.17071272460333992,16,0.4617,16.913801908493042,0.06527676194427412,0.16466431752191596,0.3944830452027641,1.5032479763031006,0.001940192852961764,0.004894246014632038
1,400,16,128,0.30934138816894097,0.10249223255053597,16,0.3593,34.55463480949402,0.04995861183105904,0.16149992772313768,0.3113965087184476,2.775540590286255,0.0020551205495066283,0.006643535679694639
1,400,16,256,0.47772849148250546,0.40144985142831496,16,0.4436,76.34523630142212,0.03412849148250546,0.07143909582741573,0.4732387922199362,5.370953798294067,0.004489699262569258,0.009398014442548005
1,400,16,512,0.494833740499958,0.19895545338675524,16,0.4485,186.69267964363098,0.046333740499957976,0.09363496606586372,0.5120600017085424,17.178231954574585,0.017226261208584392,0.034812220345321936
1,400,64,16,0.35564104879601843,0.05342982796792983,16,0.40690000000000004,5.854104518890381,0.051258951203981606,0.1441311439652786,0.34104316586693295,0.4231269359588623,0.014597882929085482,0.04104667607551188
1,400,64,32,0.10443413769723081,0.40654345949947623,16,0.0687,10.153042554855347,0.035734137697230814,0.34216912673544625,0.10058149770826835,0.781719446182251,0.0038526399889624585,0.03689061904385903
1,400,64,64,0.4346345618333069,0.14152866187157376,16,0.44110000000000005,20.358270406723022,0.006465438166693149,0.014875573031794017,0.43286084539414943,1.5151643753051758,0.001773716439157469,0.004080937401010767
1,400,64,128,0.08846976921236205,0.16791632255496347,16,0.0558,48.079625368118286,0.032669769212362046,0.3692760759208247,0.08637511071594603,2.7630879878997803,0.0020946584964160186,0.02367654527715585
1,400,64,256,0.3384873319636737,0.4955177104471421,16,0.3568,789.5002644062042,0.018312668036326307,0.05410148713716593,0.34097061805956813,5.3640296459198,0.0024832860958944325,0.007336422552324462
1,400,64,512,0.26072717022767544,0.12325324310113345,16,0.2715,1973.6315772533417,0.010772829772324577,0.04131840100484116,0.2608896875110697,17.18467879295349,0.00016251728339428118,0.0006233231590415598
1,400,1,16,0.4312052598246779,0.3332894728151057,16,0.4893,4.861687183380127,0.058094740175322124,0.13472641822352224,0.4706902642091495,0.425539493560791,0.03948500438447161,0.09156893030601174
1,400,1,32,0.4140900233115864,0.15809995394930826,16,0.2141,8.00046992301941,0.19999002331158638,0.48296267007887267,0.42393697329530766,0.8058984279632568,0.009846949983721265,0.023779732496264038
1,400,1,64,0.4829465089325241,0.4911921915653224,16,0.3593,13.985998630523682,0.1236465089325241,0.25602526707528106,0.42441192334152966,1.4280481338500977,0.05853458559099445,0.12120304114088282
1,400,1,128,0.13182399780841808,0.08872147400681685,16,0.1376,25.898699045181274,0.005776002191581919,0.04381601444052907,0.15727707433277446,2.7491233348846436,0.025453076524356383,0.19308378555889152
1,400,1,256,0.23915374093098024,0.3993389494365891,16,0.10260000000000001,50.17763948440552,0.13655374093098022,0.570987267016616,0.2395640121645984,5.252394437789917,0.0004102712336181702,0.0017155125068128224
1,400,1,512,0.06025180554893067,0.2760415193514094,16,0.0478,101.8706636428833,0.012451805548930668,0.20666277857546558,0.06154927479640073,17.565674781799316,0.0012974692474700608,0.02153411396802677
1,400,4,16,0.15988608025095485,0.3782471113872271,16,0.0154,5.539875507354736,0.14448608025095486,0.9036814213230546,0.16060073432103295,0.4300956726074219,0.0007146540700780912,0.004469770407507525
1,400,4,32,0.18287470687913904,0.4920736764886791,16,0.1292,8.714207410812378,0.05367470687913903,0.29350536110284714,0.18321475094851178,0.7743160724639893,0.00034004406937274134,0.0018594373993855516
1,400,4,64,0.0459463805970165,0.17294085719622176,16,0.0247,15.903172969818115,0.0212463805970165,0.4624168502708159,0.06547495122512556,1.456160068511963,0.01952857062810906,0.42502957522136436
1,400,4,128,0.3005018880891268,0.23143634318688933,16,0.21480000000000002,30.483906745910645,0.0857018880891268,0.285195838981578,0.3000978260076608,2.716982841491699,0.00040406208146603895,0.0013446241021493912
1,400,4,256,0.49886054685692294,0.21883500834796277,16,0.48310000000000003,61.93065905570984,0.015760546856922908,0.031593091408455586,0.5134542436607827,5.279446840286255,0.014593696803859801,0.02925406087093391
1,400,4,512,0.29735844752311397,0.2541337880547204,16,0.3003,132.29345440864563,0.0029415524768860446,0.009892278162561347,0.30164308740729046,18.683106184005737,0.004284639884176489,0.014409006772351539
1,400,16,16,0.08482304376266542,0.23139157195364563,16,0.033800000000000004,5.553592205047607,0.051023043762665414,0.6015233773669773,0.09172274080725205,0.42164111137390137,0.006899697044586636,0.0813422477963885
1,400,16,32,0.3975236263961009,0.12738790679666595,16,0.3961,9.074257373809814,0.0014236263961008855,0.003581237193389744,0.3897275050122975,0.8088083267211914,0.007796121383803367,0.019611718313404466
1,400,16,64,0.23716094620734768,0.314806849966408,16,0.1247,16.977160453796387,0.11246094620734767,0.47419673435197074,0.2545987747289985,1.4594526290893555,0.017437828521650822,0.07352740322770127
1,400,16,128,0.04063690687174959,0.43870575426583547,16,0.057100000000000005,34.04522371292114,0.016463093128250415,0.405126629844345,0.0442469237157018,2.7693960666656494,0.0036100168439522073,0.088835915965392
1,400,16,256,0.4960753132787309,0.33269621429413976,16,0.4909,75.8012261390686,0.005175313278730886,0.010432515265727449,0.4833747802911252,5.392537355422974,0.012700532987605706,0.02560202583689068
1,400,16,512,0.19847302220506025,0.1171678875133475,16,0.1898,187.1985685825348,0.008673022205060249,0.043698746100109126,0.19780110404555395,16.926960468292236,0.0006719181595062906,0.003385438242644745
1,400,64,16,0.4040428437571209,0.4312560747491793,16,0.36920000000000003,5.923478126525879,0.03484284375712088,0.08623551758304543,0.39282028686537446,0.5085704326629639,0.011222556891746449,0.027775660589332393
1,400,64,32,0.003611884086974937,0.08313326634198631,16,0.0815,10.01343297958374,0.07788811591302507,21.5644007497092,0.024522900024177344,0.78304123878479,0.020911015937202408,5.789503603565534
1,400,64,64,0.2229477468480029,0.05419443464647655,16,0.2117,20.490358114242554,0.011247746848002893,0.05045014810430522,0.21858120237844947,1.494354009628296,0.004366544469553424,0.019585506161362395
1,400,64,128,0.20006783986045334,0.2616980584908204,16,0.1699,47.75860786437988,0.03016783986045335,0.1507880521002042,0.1982870905787161,2.8543498516082764,0.0017807492817372428,0.00890072728820039
1,400,64,256,0.3032481207713731,0.20690670401389488,16,0.31170000000000003,810.4242389202118,0.008451879228626946,0.02787116769966415,0.29730850733637465,5.381116151809692,0.005939613434998436,0.019586645483209673
1,400,64,512,0.2720061005584614,0.48490885640428355,16,0.2707,1974.2609136104584,0.0013061005584614205,0.0048017325926875834,0.27158444949305366,17.45273995399475,0.00042165106540775765,0.001550152972826922
1,400,1,16,0.16268430156727665,0.11037457673803514,16,0.009000000000000001,5.076571464538574,0.15368430156727664,0.9446781286621061,0.2172003209145327,0.43708229064941406,0.054516019347256056,0.335103134242559
1,400,1,32,0.42445871133336777,0.05384362749081534,16,0.2632,8.078424453735352,0.16125871133336778,0.3799161308924485,0.3600516718589529,0.7772202491760254,0.06440703947441484,0.15173923341587367
1,400,1,64,0.2523480842584984,0.33970526756705527,16,0.1615,14.10960340499878,0.09084808425849841,0.36001099245689594,0.19292060459025367,1.4401218891143799,0.05942747966824474,0.23549804169453836
1,400,1,128,0.17866522819241187,0.3416228361832162,16,0.0805,25.875510215759277,0.09816522819241187,0.549436670949166,0.11989842045554709,2.7431986331939697,0.05876680773686478,0.3289213482187838
1,400,1,256,0.24044815866419916,0.31934709472390094,16,0.17550000000000002,51.31847310066223,0.06494815866419915,0.27011293837730443,0.25591444331358487,5.388184547424316,0.015466284649385709,0.06432274106530106
1,400,1,512,0.06716867766470397,0.0430885682257548,16,0.031,102.5134072303772,0.03616867766470397,0.5384753567020125,0.06101451090876423,16.76388430595398,0.006154166755939737,0.09162256828488452
1,400,4,16,0.2573876195522583,0.19002944939206684,16,0.013000000000000001,5.596142530441284,0.2443876195522583,0.949492520181762,0.27689677274411717,0.4343526363372803,0.019509153191858863,0.07579678162374803
1,400,4,32,0.26377522767078715,0.09612664126989828,16,0.029400000000000003,9.115705251693726,0.23437522767078714,0.8885414666888523,0.23381087815457133,0.7910053730010986,0.02996434951621582,0.11359804247278958
1,400,4,64,0.2909186172574695,0.21517578762958722,16,0.14,15.89806079864502,0.15091861725746947,0.5187657588922991,0.2976216024470102,1.4532783031463623,0.006702985189540711,0.02304075707746273
1,400,4,128,0.2104057721594491,0.14596160740066516,16,0.07740000000000001,30.55746817588806,0.1330057721594491,0.632139369535238,0.20939491971676083,2.7710795402526855,0.0010108524426882814,0.004804299959614416
1,400,4,256,0.07821332061290576,0.06089786893183685,16,0.025400000000000002,62.342041015625,0.05281332061290575,0.6752471343633398,0.08463021259987781,5.292129278182983,0.006416891986972054,0.08204346697835024
1,400,4,512,0.2609374265619896,0.3082674641573049,16,0.26280000000000003,133.31585478782654,0.0018625734380104397,0.007138007998894545,0.24890415102835145,16.288907051086426,0.012033275533638144,0.046115559933980796
1,400,16,16,0.045983450537464166,0.09556545678709194,16,0.16,5.547399997711182,0.11401654946253584,2.4795126970657186,0.05564383407383019,0.4267563819885254,0.009660383536366023,0.21008391983318878
1,400,16,32,0.38998905837734194,0.21226104395919848,16,0.496,9.244172096252441,0.10601094162265806,0.27183055356410796,0.39368756213599665,0.7969045639038086,0.0036985037586547143,0.009483609037759595
1,400,16,64,0.22864417292550082,0.48640508956836886,16,0.24630000000000002,16.867525339126587,0.017655827074499197,0.0772196677859444,0.22547865878549953,1.4543488025665283,0.0031655141400012965,0.013844718190271645
1,400,16,128,0.2460505658463315,0.14414532145328174,16,0.2584,34.89264225959778,0.012349434153668515,0.050190635047680544,0.24490225296545298,2.819058656692505,0.0011483128808785215,0.004666979232210704
1,400,16,256,0.11313041296196369,0.3899399149816796,16,0.0877,75.70657968521118,0.02543041296196369,0.22478847461216123,0.1081058930126254,5.406051874160767,0.005024519949338294,0.044413520801233355
1,400,16,512,0.23974337401474216,0.23324817943557263,16,0.24910000000000002,184.22265911102295,0.009356625985257855,0.039027672917802944,0.23861618600571094,29.700826168060303,0.0011271880090312214,0.004701644054454281
1,400,64,16,0.22100917108569584,0.28041173483688603,16,0.17550000000000002,4.633803844451904,0.045509171085695826,0.2059153059673245,0.22946840422385262,0.3425450325012207,0.008459233138156774,0.038275484662474595
1,400,64,32,0.1205212518787877,0.44442191067408765,16,0.1358,7.665377140045166,0.015278748121212299,0.12677223214191843,0.11732101798107938,0.6046319007873535,0.003200233897708321,0.026553274611907488
1,400,64,64,0.34597702419998305,0.30350768000286427,16,0.3373,15.445305347442627,0.008677024199983063,0.025079770022438063,0.3297616823881943,1.2760794162750244,0.01621534181178874,0.046868261987292784
1,400,64,128,0.2888932816730584,0.4095957984878715,16,0.3023,35.52573037147522,0.013406718326941625,0.046407165474045386,0.28620121835737233,2.281904697418213,0.002692063315686055,0.009318539012384072
1,400,64,256,0.256581681493757,0.08252669851760486,16,0.2505,302.49083638191223,0.006081681493756985,0.023702711192595257,0.2564034661952631,4.601762294769287,0.00017821529849387785,0.0006945753003735542
1,400,64,512,0.43597428982071795,0.10228492825079621,16,0.4062,904.6796436309814,0.029774289820717947,0.0682936827145513,0.45060483335281337,23.14358115196228,0.01463054353209542,0.03355827137905727
1,400,1,16,0.2499118203349201,0.10431630591002844,16,0.0805,3.8939712047576904,0.16941182033492008,0.6778863845170761,0.15592316746380308,0.343001127243042,0.09398865287111702,0.3760872644805589
1,400,1,32,0.03005683871789544,0.1933577693731518,16,0.0719,6.078954219818115,0.041843161282104566,1.3921344714536366,0.04851699226442345,0.6056416034698486,0.01846015354652801,0.614174821237507
1,400,1,64,0.08681016115796092,0.31348656805767444,16,0.012,10.747514724731445,0.07481016115796092,0.8617673341469251,0.052142462313957284,1.1305904388427734,0.034667698844003635,0.39935070251651567
1,400,1,128,0.07279777409573385,0.23274336949940772,16,0.014,20.152859210968018,0.05879777409573385,0.8076864275878947,0.0451109791221892,2.177124500274658,0.02768679497354465,0.38032474642884956
1,400,1,256,0.2820271354054587,0.46080662986466336,16,0.2015,39.71249961853027,0.0805271354054587,0.28552974269546144,0.2800416474088287,4.2883830070495605,0.0019854879966300087,0.0070400601480263775
1,400,1,512,0.4093850421051443,0.37112087754850254,16,0.3491,79.05667018890381,0.06028504210514429,0.14725755927755904,0.3867513429319149,22.74764633178711,0.022633699173229438,0.05528706925109471
1,400,4,16,0.007038108284151967,0.30547582450180294,16,0.082,4.294498682022095,0.07496189171584804,10.650857970549158,0.02933056294759389,0.3407740592956543,0.022292454663441923,3.1673929646179033
1,400,4,32,0.3446060791428971,0.45741989203279104,16,0.060700000000000004,7.002967119216919,0.2839060791428971,0.8238568508397391,0.35882651843687335,0.6671054363250732,0.014220439293976261,0.041265781872871436
1,400,4,64,0.27115703645829115,0.4257014474023506,16,0.2989,12.482646703720093,0.027742963541708854,0.10231327168961822,0.28327298007234275,1.1309635639190674,0.012115943614051605,0.044682386901345475
1,400,4,128,0.47861095661735653,0.20755540309565013,16,0.499,23.880937099456787,0.020389043382643468,0.0426004526238714,0.4808279162191295,2.17460560798645,0.002216959601772983,0.004632070309132966
1,400,4,256,0.3912766234979799,0.2088834574109027,16,0.4294,48.348143339157104,0.03812337650202008,0.09743330986962706,0.4011958913788368,4.4051666259765625,0.009919267880856897,0.025351036287778916
1,400,4,512,0.44317607900535105,0.3570057809497282,16,0.44270000000000004,103.38480114936829,0.00047607900535101555,0.0010742434619203968,0.4277565511848874,24.263410091400146,0.01541952782046363,0.0347932312932383
1,400,16,16,0.08248403337337601,0.43202431988494266,16,0.0351,4.662446975708008,0.04738403337337601,0.5744630983172861,0.06778466480062674,0.3775455951690674,0.014699368572749269,0.17820865410655215
1,400,16,32,0.08086972378552432,0.11343690336829165,16,0.0572,7.76137375831604,0.023669723785524316,0.2926895589293604,0.07960629990849379,0.6662764549255371,0.0012634238770305312,0.015622952792336407
1,400,16,64,0.16542145626714733,0.05530820742002979,16,0.2114,14.463719367980957,0.04597854373285268,0.27794788397098646,0.15689518707674213,1.2407071590423584,0.008526269190405195,0.05154270421024283
1,400,16,128,0.2782416668393024,0.3363761180070491,16,0.3175,29.633704900741577,0.0392583331606976,0.14109437169010033,0.27351582887672027,2.505758285522461,0.004725837962582136,0.016984652285423264
1,400,16,256,0.057437050938906775,0.049677466952390836,16,0.1078,58.171523094177246,0.05036294906109323,0.8768373068920626,0.05842249739952755,4.287139415740967,0.0009854464606207716,0.017156982200721742
1,400,16,512,0.2746665705174503,0.09523625362245053,16,0.2672,139.33670020103455,0.0074665705174503105,0.02718412547760682,0.26848500231632094,24.277636766433716,0.0061815682011293616,0.022505717348433672
1,400,64,16,0.06522406063774006,0.06500372487389916,16,0.1905,4.458703279495239,0.12527593936225995,1.9207013199937535,0.06843299559251523,0.3444488048553467,0.003208934954775172,0.0491986381007136
1,400,64,32,0.47613051089887304,0.09775212551299478,16,0.4781,7.732372283935547,0.0019694891011269866,0.004136448003319184,0.4741500909805533,0.7219192981719971,0.0019804199183197646,0.0041594056104091864
1,400,64,64,0.04709082333961234,0.36776263841832807,16,0.0935,15.623394250869751,0.04640917666038766,0.9855248511093394,0.045474613527556065,1.1304357051849365,0.0016162098120562768,0.0343211202828288
1,400,64,128,0.46568955153740993,0.16812819062685885,16,0.4751,35.95836520195007,0.009410448462590093,0.020207557656217096,0.48068810264632644,2.2808470726013184,0.014998551108916514,0.03220718837131059
1,400,64,256,0.4112189539185554,0.06411935213006376,16,0.4063,311.6103355884552,0.004918953918555402,0.011961885199313144,0.4107659146273069,4.485072374343872,0.0004530392912485137,0.0011016984672798937
1,400,64,512,0.0020513839225444475,0.1784379867389827,16,0.007500000000000001,927.2154438495636,0.005448616077455553,2.6560684314505725,0.01663206674341049,22.4784574508667,0.014580682820866043,7.107729889381602
1,400,1,16,0.48175213178433185,0.2094258727244549,16,0.26480000000000004,4.219290256500244,0.21695213178433181,0.4503397441766916,0.41091300641517037,0.37529683113098145,0.07083912536916148,0.14704475744982143
1,400,1,32,0.10732396632787938,0.44267305703560617,16,0.1734,6.187021970748901,0.06607603367212062,0.6156689501229898,0.16186030633582885,0.6028487682342529,0.05453634000794946,0.5081468927577516
1,400,1,64,0.03455819290310802,0.3153103925745505,16,0.0383,10.674472570419312,0.0037418070968919803,0.10827554286137045,0.01648430651329363,1.1262552738189697,0.01807388638981439,0.5229985966132187
1,400,1,128,0.19955460272508113,0.36079399578716465,16,0.1073,20.017373085021973,0.09225460272508113,0.4623025551165904,0.1681942460234438,2.1698920726776123,0.03136035670163734,0.15715175833273723
1,400,1,256,0.3703698912587486,0.4054975756774947,16,0.2877,39.344157695770264,0.08266989125874857,0.22320899514208503,0.3483642664134808,4.285522937774658,0.0220056248452678,0.05941526394189042
1,400,1,512,0.29173018850331983,0.4469750725677568,16,0.2227,78.24156379699707,0.06903018850331982,0.23662339800165821,0.29024486998714677,23.854506492614746,0.001485318516173062,0.0050914117726152276
1,400,4,16,0.019815879051218066,0.16580196156183086,16,0.027200000000000002,4.612177848815918,0.007384120948781936,0.3726365572627998,0.03403618613770639,0.37336230278015137,0.014220307086488325,0.7176218147947474
1,400,4,32,0.06996850742389032,0.351297037678113,16,0.0142,7.487724542617798,0.05576850742389032,0.7970515518650109,0.04498983230242115,0.6622889041900635,0.024978675121469174,0.35699882763170615
1,400,4,64,0.1717554120242123,0.0830180626484126,16,0.2325,13.528996467590332,0.06074458797578772,0.35366913484638596,0.18343998886955834,1.23828125,0.011684576845346045,0.0680303270076804
1,400,4,128,0.04573717998170318,0.05203059738197818,16,0.061200000000000004,26.06453824043274,0.015462820018296825,0.3380798734089555,0.03338165928648296,2.3908205032348633,0.012355520695220217,0.2701417249634313
1,400,4,256,0.1445044764497177,0.2579747609120882,16,0.0328,50.70902442932129,0.1117044764497177,0.773017412291631,0.1435986975117632,4.2931599617004395,0.0009057789379544878,0.00626817217160512
1,400,4,512,0.2859068111321698,0.209670543509289,16,0.2615,101.38427495956421,0.024406811132169803,0.08536631581290643,0.2775228322536425,23.20393180847168,0.00838397887852732,0.029324166309040993
1,400,16,16,0.1635326890224823,0.09192430800737639,16,0.005,4.414975166320801,0.1585326890224823,0.9694250731771884,0.17666119439146563,0.34082484245300293,0.013128505368983329,0.08028061818991086
1,400,16,32,0.25967515700261995,0.4192229679349959,16,0.23370000000000002,6.9601664543151855,0.02597515700261993,0.10002942638967138,0.24615589768270132,0.6036860942840576,0.013519259319918625,0.052062197539298014
1,400,16,64,0.08831284359057923,0.10505154565981784,16,0.13040000000000002,12.906394243240356,0.04208715640942079,0.4765689190638907,0.08477479513953268,1.1265130043029785,0.0035380484510465493,0.04006267160243463
1,400,16,128,0.4454258492836353,0.3892577311195855,16,0.4501,26.37775683403015,0.004674150716364678,0.010493667405881294,0.4529936207512052,2.2752676010131836,0.007567771467569873,0.016989969216516927
1,400,16,256,0.09916434972475657,0.34700795773650245,16,0.0158,57.32920002937317,0.08336434972475656,0.840668546268342,0.09180136052217343,4.384692668914795,0.007362989202583145,0.07425036540873883
1,400,16,512,0.4004304020660842,0.38823695273217734,16,0.3392,137.90011763572693,0.06123040206608421,0.15291147163191465,0.3720926029428886,23.462046146392822,0.028337799123195617,0.07076835069710553
1,400,64,16,0.3864656549672617,0.1218366034567368,16,0.47300000000000003,4.858433723449707,0.08653434503273832,0.22391212238528369,0.37832510873613745,0.377108097076416,0.008140546231124257,0.021064087135540827
1,400,64,32,0.15742820713074496,0.35164431537985363,16,0.1448,8.512662172317505,0.012628207130744945,0.08021565741555547,0.15558184366855352,0.6643648147583008,0.0018463634621914415,0.01172828869643435
1,400,64,64,0.12741038157143597,0.44561301834367567,16,0.0653,17.323440551757812,0.062110381571435974,0.4874828942931323,0.12927377527473696,1.3168342113494873,0.0018633937033009917,0.014625132428916172
1,400,64,128,0.4481642119809823,0.46258216966249005,16,0.48300000000000004,35.95585584640503,0.034835788019017766,0.07772996390103548,0.44473004658916787,2.2903428077697754,0.0034341653918144033,0.007662739013975821
1,400,64,256,0.20550554945029448,0.012909929549469179,16,0.1708,308.6247115135193,0.03470554945029447,0.16887889180184248,0.20570812640513567,4.442110776901245,0.0002025769548411882,0.0009857493161769112
1,400,64,512,0.26422182980173947,0.16115031035282268,16,0.2947,914.0692362785339,0.030478170198260546,0.11535068930954734,0.2618001807241954,21.175491094589233,0.0024216490775440525,0.009165211971172678
1,400,1,16,0.08019896027964979,0.23028851371709647,16,0.0047,4.141886472702026,0.0754989602796498,0.9413957489771522,0.1871706239122333,0.34449124336242676,0.10697166363258351,1.333828559118206
1,400,1,32,0.3558286397382737,0.07294719722573972,16,0.2642,6.131712436676025,0.09162863973827373,0.2575077706102305,0.3983364356811733,0.6066417694091797,0.04250779594289955,0.11946142383076794
1,400,1,64,0.2578888191634646,0.06942159491201966,16,0.1177,10.843315839767456,0.14018881916346462,0.5436017723381988,0.2776187379157203,1.1306421756744385,0.01972991875225566,0.07650552209380475
1,400,1,128,0.14811943501406538,0.4285362571810842,16,0.1236,20.359203815460205,0.02451943501406538,0.165538269922087,0.18111675085597362,2.1747920513153076,0.03299731584190824,0.2227750587812789
1,400,1,256,0.3608595575147076,0.18425138679191932,16,0.2278,40.05975580215454,0.1330595575147076,0.36872948143900686,0.3446029809769919,4.293048143386841,0.016256576537715728,0.04504959394640159
1,400,1,512,0.22133157709353607,0.07476034485073335,16,0.1514,80.29404354095459,0.06993157709353606,0.31595842767605886,0.22472441012025837,22.818889617919922,0.003392833026722303,0.015329186514080053
1,400,4,16,0.038419804202048935,0.07238874842446097,16,0.1448,4.705150604248047,0.10638019579795108,2.768889587216527,0.06675753982533059,0.35433053970336914,0.02833773562328165,0.7375814690323277
1,400,4,32,0.4702947346303317,0.4121730462711516,16,0.37060000000000004,6.94127345085144,0.09969473463033168,0.21198352286188207,0.47886239688163135,0.6070797443389893,0.008567662251299624,0.01821764442681696
1,400,4,64,0.1822691107343395,0.05125408464013764,16,0.06280000000000001,12.501049995422363,0.11946911073433948,0.6554545103830998,0.1669793931051762,1.1314935684204102,0.015289717629163285,0.08388540201662763
1,400,4,128,0.1640820303738159,0.44986997516626764,16,0.13870000000000002,24.120635509490967,0.025382030373815895,0.1546911036875269,0.16052993920667905,2.177260398864746,0.003552091167136867,0.021648264340978725
1,400,4,256,0.2834086139634241,0.026180611592676595,16,0.20750000000000002,48.79309105873108,0.07590861396342408,0.2678415906342939,0.2745548589871078,4.288658618927002,0.008853754976316297,0.031240246556016597
1,400,4,512,0.01658985476139746,0.4002825086758603,16,0.027600000000000003,104.16359972953796,0.011010145238602543,0.6636673676144405,0.02647383022568031,23.87506604194641,0.009883975464282851,0.5957843276169987
1,400,16,16,0.4516562679565956,0.015639915252406933,16,0.4297,4.779821157455444,0.021956267956595554,0.04861278258338167,0.4534187854228434,0.34522080421447754,0.0017625174662478371,0.003902342536331669
1,400,16,32,0.18782516699441487,0.13082974218297333,16,0.040600000000000004,7.1071457862854,0.14722516699441487,0.7838415338600111,0.16964942363178453,0.6077737808227539,0.018175743362630337,0.09676947798572066
1,400,16,64,0.3564055704248942,0.3341011283337956,16,0.4036,13.243027210235596,0.047194429575105834,0.13241776641942576,0.362153603702578,1.2497155666351318,0.005748033277683806,0.016127787427203236
1,400,16,128,0.04115365293793122,0.19714181891076654,16,0.047,27.168856859207153,0.005846347062068782,0.14206143670615007,0.04827170488713642,2.176893711090088,0.007118051949205201,0.17296282203528304
1,400,16,256,0.170635873556941,0.37611272052778205,16,0.187,58.71111273765564,0.016364126443059013,0.0959008566132392,0.16841179948739024,4.434789419174194,0.0022240740695507466,0.013034035711186932
1,400,16,512,0.2989976851627031,0.1333701619125059,16,0.2904,141.10366892814636,0.008597685162703095,0.028755022494654312,0.29824608399824903,23.24665403366089,0.0007516011644540521,0.002513735730245067
1,400,64,16,0.3818774865991238,0.29731657101584485,16,0.4199,4.737781286239624,0.0380225134008762,0.09956730819481475,0.3698388612072515,0.4291553497314453,0.012038625391872282,0.03152483666707967
1,400,64,32,0.021770362636232943,0.12071043180079344,16,0.0432,7.779056549072266,0.02142963736376706,0.9843491227886666,0.02895700958775101,0.6080625057220459,0.007186646951518067,0.3301114947693685
1,400,64,64,0.1935443446181906,0.20728295209257414,16,0.1978,15.707934141159058,0.0042556553818094145,0.021988012050699,0.19699688768092374,1.3230376243591309,0.0034525430627331544,0.017838511735096502
1,400,64,128,0.41774947530095685,0.010526085303050936,16,0.3587,35.81832456588745,0.05904947530095683,0.14135140506978772,0.4107609131326138,2.265493869781494,0.006988562168343038,0.01672907467641535
1,400,64,256,0.11724880173478713,0.001853688797647246,16,0.0983,307.36337423324585,0.018948801734787135,0.16161190096977443,0.11642392926586617,4.469010591506958,0.0008248724689209619,0.007035231547924864
1,400,64,512,0.10051194612282505,0.17461676125171982,16,0.12190000000000001,932.7561361789703,0.021388053877174962,0.21279116266477296,0.10024405912798075,20.397866249084473,0.0002678869948442991,0.0026652254301885933
1,400,1,16,0.16336664703666687,0.3996013050594629,16,0.024900000000000002,4.2629714012146,0.13846664703666686,0.8475821077823106,0.13822462902722726,0.36856532096862793,0.025142018009439604,0.15389933297582215
1,400,1,32,0.18169023374910565,0.49942732285765573,16,0.1267,6.092229127883911,0.05499023374910564,0.30265927130151166,0.20699349508212708,0.6048939228057861,0.025303261333021437,0.13926594077677545
1,400,1,64,0.14023953511574133,0.36005543893169584,16,0.0791,10.730224609375,0.06113953511574133,0.4359650441316862,0.1689453611845946,1.1275978088378906,0.028705826068853274,0.2046913949419614
1,400,1,128,0.13595830425977673,0.4990603522070398,16,0.0937,20.16495633125305,0.042258304259776724,0.31081811802413634,0.14931149156685922,2.1727731227874756,0.013353187307082487,0.09821531225903225
1,400,1,256,0.4919209936002854,0.14598310395289937,16,0.45,39.67202138900757,0.041920993600285394,0.08521895618536796,0.48810545337518796,4.2818498611450195,0.003815540225097447,0.007756408599625241
1,400,1,512,0.2536980284358598,0.3660615409021218,16,0.19970000000000002,79.31634593009949,0.053998028435859796,0.21284370544295195,0.25009543047835503,22.778874397277832,0.003602597957504783,0.014200338803246141
1,400,4,16,0.12847839395033117,0.02073379640559886,16,0.1232,4.367154836654663,0.005278393950331167,0.04108390358904826,0.11720783184751422,0.3456099033355713,0.011270562102816947,0.0877234043505717
1,400,4,32,0.11296947479622771,0.4106251852644515,16,0.0175,6.94861102104187,0.09546947479622771,0.8450908970625367,0.11105507848034007,0.6093838214874268,0.0019143963158876343,0.016946138054910742
1,400,4,64,0.4319363580141085,0.16098841053471108,16,0.45790000000000003,12.556404829025269,0.025963641985891517,0.06010987846742796,0.4322860548802537,1.1379835605621338,0.00034969686614516604,0.0008096027566490333
1,400,4,128,0.03849530529470907,0.40446160110328644,16,0.0606,24.20349383354187,0.02210469470529093,0.5742179347861693,0.04528295152933069,2.1896474361419678,0.006787646234621622,0.1763240006192272
1,400,4,256,0.2633388648961608,0.04875008535484737,16,0.1847,48.925214529037476,0.07863886489616081,0.29862232803034794,0.2544361880243298,4.3165364265441895,0.008902676871830995,0.03380692354446609
1,400,4,512,0.2784621279733594,0.31975745248393794,16,0.2948,115.5799651145935,0.01633787202664061,0.05867179190774432,0.27919652707638826,23.34642457962036,0.0007343991030288599,0.002637339261801232
1,400,16,16,0.0959640335809282,0.042593013413586345,16,0.1834,4.662328720092773,0.08743596641907181,0.911132672902244,0.09310791811030503,0.3457319736480713,0.0028561154706231717,0.029762353290564408
1,400,16,32,0.31766081602906676,0.23618121345131854,16,0.2892,7.0804057121276855,0.02846081602906675,0.08959498494287854,0.30713121238348934,0.6081840991973877,0.010529603645577423,0.033147316616519484
1,400,16,64,0.32219879022522874,0.0402392305425619,16,0.2655,13.181824207305908,0.056698790225228723,0.17597455963628603,0.32958677717476836,1.1327922344207764,0.007387986949539627,0.022929902822959557
1,400,16,128,0.04984470421223641,0.4856555059569809,16,0.0201,26.944119453430176,0.029744704212236413,0.5967475318056831,0.04989494883597454,2.184279441833496,5.024462373812849e-05,0.0010080233102435364
1,400,16,256,0.3314232362537784,0.36989260674273133,16,0.3425,58.993767738342285,0.01107676374622163,0.03342180793183703,0.31546203411955864,4.489879369735718,0.015961202134219754,0.04815957479214853
1,400,16,512,0.008535878611354908,0.2602981311506446,16,0.0095,139.0661129951477,0.0009641213886450919,0.1129492853099578,0.023705227336165903,23.317181825637817,0.015169348724810995,1.7771279812522018
1,400,64,16,0.25824796568041947,0.12171158103641294,16,0.16340000000000002,4.8886871337890625,0.09484796568041945,0.36727478348384485,0.2658202024103079,0.377424955368042,0.0075722367298884374,0.02932157358892438
1,400,64,32,0.34874666871257015,0.17019310926585307,16,0.3517,7.961195945739746,0.002953331287429861,0.008468414331618853,0.34790047540389646,0.7427725791931152,0.0008461933086736928,0.002426383918726713
1,400,64,64,0.24228787103768273,0.22351617050188333,16,0.2376,15.594882488250732,0.004687871037682728,0.019348352097054124,0.22987041489382296,1.218994379043579,0.012417456143859779,0.05125083682760375
1,400,64,128,0.46268881563631936,0.38493661410878616,16,0.46390000000000003,35.775129318237305,0.001211184363680673,0.0026177083230658482,0.44995388349729387,2.356444835662842,0.01273493213902549,0.02752375183634295
1,400,64,256,0.3657409819725617,0.19280662754864708,16,0.38020000000000004,300.62420558929443,0.01445901802743832,0.039533491569514766,0.35873168788411536,4.475903034210205,0.007009294088446361,0.019164639550763293
1,400,64,512,0.14019583196365676,0.2021492631441974,16,0.1454,943.5092313289642,0.005204168036343243,0.03712070439934569,0.14075575989528524,22.270911931991577,0.0005599279316284844,0.003993898561646509
1,400,1,16,0.40815201693831343,0.4635037256501954,16,0.2501,4.3009352684021,0.15805201693831344,0.387238113200849,0.3933334135168376,0.3758397102355957,0.01481860342147584,0.03630657893751256
1,400,1,32,0.45911103759236854,0.20424472840122515,16,0.34,6.283410549163818,0.11911103759236852,0.25943840996940654,0.49063632740836355,0.6043827533721924,0.031525289815995006,0.06866593750678981
1,400,1,64,0.21350129894032555,0.017117145638577413,16,0.0568,10.753484010696411,0.15670129894032553,0.7339594640317583,0.19302973756218125,1.12925124168396,0.020471561378144293,0.09588495002021592
1,400,1,128,0.4468913527045945,0.33318676230621647,16,0.3049,20.18836522102356,0.1419913527045945,0.317731260283423,0.42498228557275897,2.1730899810791016,0.021909067131835547,0.04902548907970915
1,400,1,256,0.061953486722502615,0.4410678598116811,16,0.043000000000000003,39.647480487823486,0.018953486722502612,0.30593091245045884,0.08892427508418897,4.286451816558838,0.026970788361686357,0.4353393132252891
1,400,1,512,0.1516889930475792,0.34285548703192265,16,0.1012,79.60273098945618,0.050488993047579214,0.33284546250328584,0.14103206898731782,21.336607933044434,0.010656924060261391,0.07025509132965706
1,400,4,16,0.28440976930684564,0.03451878762347749,16,0.1013,4.539330005645752,0.18310976930684564,0.6438237679145653,0.26100551700318214,0.3422691822052002,0.023404252303663498,0.08229060612335361
1,400,4,32,0.43526442769692486,0.05713858763363694,16,0.4622,6.8541905879974365,0.02693557230307514,0.0618832383009034,0.4105906210940399,0.6049392223358154,0.024673806602884985,0.056686935648381044
1,400,4,64,0.3006259785210764,0.3108508795753068,16,0.2136,12.410876512527466,0.08702597852107641,0.2894825621830788,0.3015034194391987,1.1292319297790527,0.0008774409181223075,0.002918712888483094
1,400,4,128,0.08861337468433522,0.006251787500327455,16,0.1428,23.86535096168518,0.05418662531566479,0.611494884476437,0.08642044106123546,2.175117254257202,0.0021929336230997604,0.024747208092588534
1,400,4,256,0.14329047308291776,0.47313060156720677,16,0.0961,48.15847063064575,0.04719047308291775,0.32933433791938205,0.1389262787298334,4.290480136871338,0.004364194353084355,0.030456974976689002
1,400,4,512,0.04444287306651551,0.3888738254891592,16,0.0913,106.86805629730225,0.0468571269334845,1.0543226326379864,0.04303323288103285,22.41468071937561,0.0014096401854826607,0.03171802559598071
1,400,16,16,0.2934032448575985,0.3159063155883069,16,0.225,4.338306665420532,0.0684032448575985,0.2331373154744679,0.30979470658682756,0.3432281017303467,0.016391461729229062,0.05586666819988497
1,400,16,32,0.10867934497428028,0.13996349614193326,16,0.0626,7.029155015945435,0.046079344974280276,0.4239935839251265,0.09824835237748707,0.6056966781616211,0.010430992596793212,0.09597953133837693
1,400,16,64,0.40231481312405964,0.4501235665578068,16,0.47350000000000003,13.060772895812988,0.07118518687594039,0.17693901530289763,0.42165240275144095,1.3224308490753174,0.019337589627381302,0.048065815616434374
1,400,16,128,0.09784244568197065,0.2816019086256059,16,0.026600000000000002,26.951913833618164,0.07124244568197065,0.7281343509496763,0.10399205403925547,2.173577070236206,0.006149608357284828,0.062852152911975
1,400,16,256,0.44874021136623476,0.1080198902781439,16,0.49660000000000004,57.861685276031494,0.04785978863376528,0.10665366602215418,0.44330395668888184,4.390423774719238,0.005436254677352925,0.01211448080572432
1,400,16,512,0.2415376609765137,0.12489740228043206,16,0.2515,138.60910058021545,0.00996233902348631,0.04124548935023021,0.24059165248421338,26.686999082565308,0.0009460084923003098,0.003916608650078368
1,400,64,16,0.34315796444234153,0.08760722920433639,16,0.4176,4.491531848907471,0.07444203555765849,0.2169322681425524,0.334394772086862,0.34380483627319336,0.00876319235547951,0.025536905051061196
1,400,64,32,0.2672297357199962,0.18661013277679234,16,0.28500000000000003,7.67704176902771,0.017770264280003834,0.06649807975944544,0.2635721041103041,0.7285220623016357,0.0036576316096921246,0.013687217853347719
1,400,64,64,0.18515719995015145,0.11418653029685544,16,0.2195,15.514809131622314,0.03434280004984855,0.185479149928247,0.18445764459936645,1.2376487255096436,0.0006995553507850027,0.003778169852284108
1,400,64,128,0.3905595902471227,0.40446661810322115,16,0.4605,35.6664080619812,0.0699404097528773,0.1790774352989852,0.3908770888250729,2.2712345123291016,0.00031749857795015934,0.000812932484257435
1,400,64,256,0.22951250193022554,0.1991613403470311,16,0.2449,301.717969417572,0.015387498069774463,0.06704426966010087,0.2225915879780754,4.383251667022705,0.006920913952150137,0.030154845134554697
1,400,64,512,0.030006014561688443,0.41474961626741413,16,0.0329,911.6166548728943,0.0028939854383115554,0.09644684509373612,0.032939395757934135,21.13639545440674,0.002933381196245692,0.09775977380185041
1,400,1,16,0.2483303991677655,0.48294519226770777,16,0.1267,3.9734714031219482,0.1216303991677655,0.489792629397721,0.23640851067305127,0.3415341377258301,0.011921888494714233,0.04800817191398351
1,400,1,32,0.13127798648005445,0.49627235316083435,16,0.0047,6.055697917938232,0.12657798648005444,0.9641981102390377,0.06735514135843673,0.6038498878479004,0.06392284512161772,0.48692737324494045
1,400,1,64,0.2634688154233902,0.18510036608218522,16,0.1521,10.643422603607178,0.11136881542339017,0.4227020766932977,0.2673843104436031,1.1280407905578613,0.0039154950202129335,0.014861322445014206
1,400,1,128,0.48436296129008927,0.13694789819042552,16,0.3342,20.026164054870605,0.15016296129008927,0.31002156087685523,0.5021152794825264,2.1705121994018555,0.017752318192437166,0.03665085816048834
1,400,1,256,0.46979212025783124,0.2748321019181873,16,0.36410000000000003,39.2499303817749,0.1056921202578312,0.2249763580534839,0.4522933704994169,4.285943984985352,0.01749874975841431,0.03724785709221911
1,400,1,512,0.23737856804906005,0.2063305262839748,16,0.1274,78.96997046470642,0.10997856804906003,0.4633045390446971,0.23116286160260832,23.888949871063232,0.006215706446451724,0.026184783645535756
1,400,4,16,0.20855005637850127,0.0394523373883382,16,0.1038,4.661363363265991,0.10475005637850127,0.5022777658155532,0.14064094960056925,0.3786618709564209,0.06790910677793202,0.3256249744410644
1,400,4,32,0.3500683466154244,0.21169306917136033,16,0.3312,6.954302549362183,0.018868346615424414,0.05389903656771536,0.37773157018992215,0.606623649597168,0.02766322357449774,0.07902235046942936
1,400,4,64,0.17909963463846762,0.12282249995266337,16,0.1481,12.489735841751099,0.03099963463846761,0.17308597363162573,0.1888594280018241,1.130307912826538,0.009759793363356473,0.05449365311692395
1,400,4,128,0.14823845993442308,0.38936960790037156,16,0.0665,24.02055859565735,0.08173845993442308,0.5513984695374068,0.12655975605204736,2.1761879920959473,0.02167870388237572,0.14624210135457308
1,400,4,256,0.4133760736954502,0.10308686805835876,16,0.36860000000000004,48.42803144454956,0.04477607369545017,0.10831801002696251,0.41408247848030993,4.860066652297974,0.0007064047848597266,0.001708867130467163
1,400,4,512,0.22134400343973032,0.06442979509760405,16,0.22160000000000002,103.0470232963562,0.0002559965602697001,0.0011565552094995213,0.21500368102210363,24.049360752105713,0.006340322417626693,0.0286446541089743
1,400,16,16,0.1877058294551342,0.47698026671871113,16,0.0022,4.71552300453186,0.1855058294551342,0.9882795328925794,0.18078346956112368,0.34424638748168945,0.006922359894010521,0.03687876883794446
1,400,16,32,0.38919586012923274,0.3986971583180312,16,0.3755,7.059411287307739,0.01369586012923274,0.0351901485403391,0.3709020968539919,0.6075372695922852,0.01829376327524085,0.047004002738277824
1,400,16,64,0.0457444390487724,0.3337192427213709,16,0.0587,13.1102614402771,0.012955560951227602,0.28321608529103337,0.042762079574152116,1.129504919052124,0.0029823594746202844,0.06519610987994658
1,400,16,128,0.0702534448378675,0.2912315371877771,16,0.031900000000000005,26.698843955993652,0.03835344483786749,0.5459297394794013,0.06046750214940122,2.175387382507324,0.009785942688466276,0.13929484470192882
1,400,16,256,0.39606334113452973,0.14474306960195582,16,0.4169,58.0513436794281,0.02083665886547026,0.05260941041850356,0.3837971808766788,4.430830001831055,0.012266160257850933,0.03097019840996726
1,400,16,512,0.10484606161035187,0.31366525802685025,16,0.029300000000000003,139.69490456581116,0.07554606161035186,0.7205426741836997,0.10473178434300894,22.58549451828003,0.00011427726734293542,0.0010899528850938963
1,400,64,16,0.017404657478615748,0.058306007315351016,16,0.1394,4.471487283706665,0.12199534252138425,7.009350380567613,0.025250333112476177,0.3435986042022705,0.00784567563386043,0.4507802376174324
1,400,64,32,0.32467136819883063,0.330146352783142,16,0.3166,7.744593143463135,0.008071368198830642,0.02486011699648147,0.32475535144480866,0.7162413597106934,8.398324597802542e-05,0.0002586715497702698
1,400,64,64,0.45641323059061517,0.29741809119242885,16,0.4782,15.65720510482788,0.021786769409384843,0.04773474550944103,0.4677031909419931,1.2292137145996094,0.011289960351377915,0.024736268790386068
1,400,64,128,0.12566110151464693,0.14257273925570751,16,0.1688,36.06155347824097,0.04313889848535307,0.3432955621539323,0.13361964840899848,2.299231767654419,0.007958546894351548,0.06333341661360423
1,400,64,256,0.46380891034685817,0.351977436422088,16,0.4631,315.00233936309814,0.0007089103468581603,0.0015284534881574478,0.4704865508255474,4.358772039413452,0.00667764047868924,0.014397395844972847
1,400,64,512,0.04627256658023449,0.26531629914780486,16,0.048,918.5038590431213,0.0017274334197655145,0.03733169667107669,0.04704607164096359,21.11245369911194,0.000773505060729103,0.016716277438120514
1,400,1,16,0.4559087957683739,0.1679085185917829,16,0.46680000000000005,3.9107441902160645,0.01089120423162615,0.023888997827450263,0.5456410538928083,0.3453402519226074,0.08973225812443436,0.19682063376996822
1,400,1,32,0.23499820012216327,0.24938973653622126,16,0.2637,6.124480724334717,0.02870179987783672,0.12213625407733403,0.30459806270046347,0.6075501441955566,0.0695998625783002,0.2961718963894995
1,400,1,64,0.11623595387858943,0.4551225865879618,16,0.0684,10.823951482772827,0.047835953878589424,0.41154180167484966,0.16301939019398703,1.1307172775268555,0.04678343631539761,0.4024867930645948
1,400,1,128,0.10214661144255127,0.3685284006080189,16,0.0563,20.385858297348022,0.04584661144255127,0.44883144722168355,0.12584612651748084,2.1745223999023438,0.023699515074929567,0.23201469672108033
1,400,1,256,0.2634790822264091,0.27380210771705815,16,0.201,39.83985257148743,0.06247908222640908,0.2371310910090405,0.2643021781126963,4.281094789505005,0.0008230958862872062,0.00312395154610382
1,400,1,512,0.04317558632191043,0.19991945502206038,16,0.0332,79.74803304672241,0.00997558632191043,0.2310469219232836,0.05279921821315653,23.359817028045654,0.009623631891246098,0.2228952218388837
1,400,4,16,0.16285809172201132,0.19038889639829776,16,0.026000000000000002,4.673274517059326,0.13685809172201133,0.8403518073613414,0.15795264102345477,0.3780217170715332,0.004905450698556552,0.030121013003946113
1,400,4,32,0.3267389456906154,0.038690129110638516,16,0.341,7.562516450881958,0.014261054309384624,0.04364663134736384,0.3110835160119753,0.667377233505249,0.015655429678640087,0.04791418312729698
1,400,4,64,0.3598809253139275,0.4960360527546843,16,0.28300000000000003,12.694821119308472,0.07688092531392748,0.21362878637389168,0.31642030443275726,1.1335680484771729,0.04346062088117025,0.12076389112109552
1,400,4,128,0.20115251885445246,0.3815939092895806,16,0.156,24.065798044204712,0.045152518854452456,0.2244690700946349,0.20477024566149724,2.175365924835205,0.00361772680704478,0.01798499381289106
1,400,4,256,0.32859778830518444,0.065718102642852,16,0.2417,48.21118497848511,0.08689778830518444,0.264450314024872,0.3328969758435269,4.302964210510254,0.004299187538342464,0.01308343419021921
1,400,4,512,0.024953421150001986,0.4208424651762468,16,0.0189,102.6809332370758,0.006053421150001986,0.24258882634221499,0.040911035203920365,22.178454875946045,0.01595761405391838,0.6394960417648827
1,400,16,16,0.08534362015449043,0.4784823946929857,16,0.06910000000000001,4.441852331161499,0.01624362015449042,0.19033197941551988,0.06995000022323175,0.34342432022094727,0.015393619931258679,0.18037223993302479
1,400,16,32,0.26483124478734865,0.35874946252451434,16,0.06570000000000001,7.0434651374816895,0.19913124478734864,0.7519174897480277,0.2694005399104115,0.6071867942810059,0.0045692951230628664,0.017253610414178545
1,400,16,64,0.2791572259265986,0.3805371991854996,16,0.2695,13.20005202293396,0.009657225926598567,0.034594217987886984,0.2803209140229586,1.1318862438201904,0.0011636880963600271,0.0041685759431712025
1,400,16,128,0.3828270156255117,0.4348756524553541,16,0.4138,26.843777179718018,0.03097298437448831,0.08090595258508779,0.38154169502874774,2.550625801086426,0.0012853205967639503,0.0033574448623063585
1,400,16,256,0.12443479900122861,0.23669567846233358,16,0.0796,58.32081937789917,0.04483479900122861,0.36030756155909355,0.11948463023976817,4.3995301723480225,0.004950168761460441,0.03978122519739487
1,400,16,512,0.40756035399048135,0.16738657542848456,16,0.3687,139.3851056098938,0.03886035399048132,0.09534870997631166,0.40438990553385007,24.057071924209595,0.0031704484566312807,0.00777908946635503
1,400,64,16,0.011460110647127486,0.39797845247998864,16,0.0134,4.687610149383545,0.0019398893528725144,0.1692731782968216,0.027038477819308876,0.34337282180786133,0.01557836717218139,1.3593557385142838
1,400,64,32,0.003588927122728458,0.028674187679137708,16,0.0529,7.746900796890259,0.049311072877271545,13.739781051832317,0.02471515822499843,0.6077582836151123,0.021126231102269973,5.8865032305835445
1,400,64,64,0.029846635027085844,0.45850433895436876,16,0.023,15.6387357711792,0.006846635027085844,0.2293938670430525,0.039907265083002866,1.1303012371063232,0.010060630055917022,0.33707753141307195
1,400,64,128,0.16701480212941655,0.4934521922285656,16,0.17650000000000002,36.01462912559509,0.009485197870583467,0.05679255820231772,0.16888009620747574,2.301140546798706,0.0018652940780591876,0.01116843569717735
1,400,64,256,0.19959446202824427,0.1741286968309842,16,0.2046,316.439359664917,0.005005537971755736,0.025078541362772936,0.19967848815016626,4.7624382972717285,8.402612192198733e-05,0.0004209842350741021
1,400,64,512,0.24250176180537092,0.30223014113954,16,0.26680000000000004,952.5730826854706,0.024298238194629118,0.10019819243264137,0.2398689179819438,24.330666303634644,0.002632843823427128,0.010857009053568104
1,400,1,16,0.3600097799946878,0.4763048508744432,16,0.1777,3.944204568862915,0.1823097799946878,0.5064022982858353,0.4513258732462223,0.34122252464294434,0.0913160932515345,0.2536489237955756
1,400,1,32,0.32610052976422843,0.0924551304569321,16,0.38370000000000004,6.054573059082031,0.05759947023577161,0.17663102319219226,0.4529261469692778,0.6101346015930176,0.12682561720504937,0.38891570429752026
1,400,1,64,0.34948203887940427,0.47827780290336114,16,0.1693,10.693600177764893,0.18018203887940426,0.5155688099369812,0.3319103340831407,1.1261131763458252,0.017571704796263576,0.050279278593561835
1,400,1,128,0.3942950317427649,0.23511295050136177,16,0.2442,19.95608878135681,0.15009503174276492,0.3806668095191364,0.37591061312457313,2.1779987812042236,0.01838441861819179,0.04662604683841323
1,400,1,256,0.2900778816158814,0.3883298544759278,16,0.1819,39.22335624694824,0.10817788161588138,0.37292702571211406,0.2879523440778792,4.283380031585693,0.002125537538002209,0.007327471940162702
1,400,1,512,0.2074295632754659,0.41673445181574204,16,0.13290000000000002,78.69648289680481,0.0745295632754659,0.3593005842493668,0.1948426554726928,22.837558031082153,0.012586907802773106,0.0606803948483357
1,400,4,16,0.04440616880977305,0.2971352628265411,16,0.038200000000000005,4.633909702301025,0.006206168809773045,0.1397591590564591,0.017946119684867742,0.3518564701080322,0.026460049124905308,0.59586426467581
1,400,4,32,0.167399305498384,0.499173489071176,16,0.137,6.83602237701416,0.03039930549838399,0.1815975604431492,0.17622633139654753,0.6279401779174805,0.008827025898163532,0.05273036152619369
1,400,4,64,0.44009446745529324,0.20381102732980177,16,0.3226,12.385779619216919,0.11749446745529324,0.2669755612577176,0.4242305629675825,1.1300432682037354,0.015863904487710745,0.036046589223079184
1,400,4,128,0.2537415957177676,0.3706033963827051,16,0.1685,24.070491552352905,0.0852415957177676,0.3359385972041429,0.2593731842297515,2.173382043838501,0.005631588511983865,0.02219418734265305
1,400,4,256,0.4872392449490496,0.32151164059482956,16,0.49670000000000003,47.07421088218689,0.009460755050950453,0.01941706286803675,0.5055332814950635,4.435696601867676,0.018294036546013914,0.0375463116644615
1,400,4,512,0.2593595507000657,0.4742812751552569,16,0.24450000000000002,102.20390439033508,0.014859550700065699,0.057293246614426425,0.2546840560775209,22.48677945137024,0.004675494622544796,0.018027077121026223
1,400,16,16,0.15264740704831137,0.31733064475780687,16,0.1718,4.670156717300415,0.01915259295168864,0.12546949418948883,0.1492119597695452,0.3782370090484619,0.003435447278766157,0.022505768982232843
1,400,16,32,0.10650821044190645,0.42185016231744454,16,0.0994,7.707254409790039,0.007108210441906446,0.06673861491442042,0.10638802119432723,0.6659157276153564,0.00012018924757921379,0.0011284505399212345
1,400,16,64,0.3208902745968302,0.39313137953780136,16,0.3164,14.28332257270813,0.004490274596830213,0.013993177582187055,0.3128511355629203,1.242330551147461,0.008039139033909903,0.025052610410241816
1,400,16,128,0.02285074604119458,0.17248343957487494,16,0.0907,29.414832830429077,0.06784925395880542,2.9692358331097375,0.034162900273807306,2.3953840732574463,0.011312154232612726,0.4950452913974687
1,400,16,256,0.35008066813207667,0.43278641028246734,16,0.3612,59.46826934814453,0.011119331867923354,0.03176219905901319,0.35591934402914055,4.809940814971924,0.005838675897063883,0.016678087162645315
1,400,16,512,0.045997403280362115,0.18594611950293372,16,0.0653,139.26176285743713,0.019302596719637882,0.4196453569777673,0.048567915832067744,22.32452917098999,0.0025705125517056296,0.05588386231365957
1,400,64,16,0.10375142266224668,0.2129020304661759,16,0.2154,4.8529582023620605,0.11164857733775332,1.076116109763768,0.10353343112742011,0.34374547004699707,0.00021799153482657263,0.0021010944161818797
1,400,64,32,0.49257048654221125,0.48155161369795124,16,0.46280000000000004,7.688936948776245,0.029770486542211205,0.060439038382499595,0.49709593965197396,0.7491834163665771,0.0045254531097627115,0.009187422375893605
1,400,64,64,0.33718712702217396,0.31243459220839653,16,0.37270000000000003,15.500692129135132,0.03551287297782607,0.10532096314427415,0.3254869848974442,1.3492536544799805,0.011700142124729751,0.03469925506367368
1,400,64,128,0.4296513451684484,0.04166655539720909,16,0.46580000000000005,35.712212324142456,0.03614865483155166,0.08413485780517987,0.4246434764871926,2.299801826477051,0.0050078686812558,0.011655656935724066
1,400,64,256,0.41452664024292113,0.20536558297228996,16,0.4007,326.7056887149811,0.013826640242921129,0.033355251268816964,0.4012410925738171,4.393218755722046,0.013285547669104003,0.03204992485240128
1,400,64,512,0.2202170980035626,0.04401127668451099,16,0.2318,914.7323665618896,0.011582901996437411,0.0525976506885493,0.2190104576149258,23.37427258491516,0.0012066403886367982,0.005479321994413339
