ensemble_size,calibration_batches,edge_per_t,T,real_epsilon,mu,rho,estimated_epsilon,time_calibration,distance_epsilon
1,400,1,16,0.3062316171198932,0.46255742874012634,16,0.38230000000000003,3.244352102279663,0.07606838288010681
1,400,1,32,0.28302194900177224,0.3530179283210497,16,0.32580000000000003,4.804250478744507,0.04277805099822779
1,400,1,64,0.05501119315215647,0.2855070654189488,16,0.060000000000000005,7.945842742919922,0.004988806847843537
1,400,1,128,0.3748176957744997,0.3510318131902329,16,0.3417,13.280059337615967,0.03311769577449969
1,400,1,256,0.3429539433661764,0.238161601976643,16,0.38380000000000003,23.27835512161255,0.040846056633823624
1,400,4,16,0.3492372732613317,0.23890803707173047,16,0.1578,3.170881986618042,0.1914372732613317
1,400,4,32,0.08781358039095338,0.22108752949059418,16,0.026500000000000003,4.874506235122681,0.06131358039095338
1,400,4,64,0.23440527625680158,0.103329922152959,16,0.35000000000000003,8.287143468856812,0.11559472374319846
1,400,4,128,0.29656585360945426,0.1416173162176988,16,0.2487,15.06290054321289,0.04786585360945425
1,400,4,256,0.1884644761673765,0.2784251234241751,16,0.09910000000000001,28.58809518814087,0.08936447616737649
1,400,16,16,0.39568812599736797,0.3651375661286287,16,0.2952,3.1664795875549316,0.10048812599736795
1,400,16,32,0.3598227618643558,0.31853125041694874,16,0.44110000000000005,4.879822015762329,0.08127723813564425
1,400,16,64,0.253115988832178,0.3085000182310905,16,0.1831,8.297239780426025,0.070015988832178
1,400,16,128,0.39175405181095146,0.2540187051030489,16,0.40850000000000003,15.066681623458862,0.016745948189048565
1,400,16,256,0.19485507176106243,0.2828139546212249,16,0.1957,28.83952045440674,0.0008449282389375867
1,400,64,16,0.2838818331365221,0.22011495691210747,16,0.1729,3.181666374206543,0.1109818331365221
1,400,64,32,0.14269486422963712,0.0427267388519717,16,0.306,4.9043262004852295,0.16330513577036287
1,400,64,64,0.039387615187315705,0.43612931983821973,16,0.1274,8.349128246307373,0.08801238481268431
1,400,64,128,0.3449853262873081,0.23889265984466318,16,0.3871,15.19196891784668,0.0421146737126919
1,400,64,256,0.4849554682079301,0.13558264013881238,16,0.4859,29.14004921913147,0.0009445317920698804
1,400,1,16,0.056011888716863634,0.4867339039325117,16,0.14780000000000001,2.848414897918701,0.09178811128313638
1,400,1,32,0.19648746140627982,0.08461956198822318,16,0.1124,4.220543384552002,0.08408746140627982
1,400,1,64,0.1838886645449539,0.3887013166147573,16,0.16440000000000002,6.9504475593566895,0.019488664544953876
1,400,1,128,0.37360375521693656,0.3749080918757115,16,0.3054,12.418998956680298,0.06820375521693656
1,400,1,256,0.03594028142634076,0.16304827370172237,16,0.0368,23.33699917793274,0.0008597185736592405
1,400,4,16,0.042338406877244494,0.33141385580735927,16,0.038200000000000005,3.1783394813537598,0.00413840687724449
1,400,4,32,0.01098403287815769,0.38049377399413864,16,0.0304,4.88415002822876,0.01941596712184231
1,400,4,64,0.013159212855635538,0.08605983762835984,16,0.0262,8.29755973815918,0.013040787144364463
1,400,4,128,0.30288504965943464,0.2319790086587672,16,0.2705,15.095887422561646,0.03238504965943462
1,400,4,256,0.11828474307991788,0.492127421677944,16,0.1411,28.69858145713806,0.022815256920082128
1,400,16,16,0.2338060878409733,0.407638691783896,16,0.20270000000000002,3.173917770385742,0.031106087840973268
1,400,16,32,0.2720666479202728,0.48426653169373185,16,0.2957,4.882484436035156,0.02363335207972722
1,400,16,64,0.35619067325504006,0.3067610557880121,16,0.3865,8.32810354232788,0.030309326744959952
1,400,16,128,0.48932687406833353,0.0024441100792247927,16,0.4202,15.135666847229004,0.06912687406833351
1,400,16,256,0.2918379074363837,0.4751095865607894,16,0.2786,28.822459936141968,0.0132379074363837
1,400,64,16,0.45788941155513735,0.42649443368944506,16,0.5,3.2492289543151855,0.04211058844486265
1,400,64,32,0.1672962300303325,0.41366220228258554,16,0.19590000000000002,4.997956991195679,0.028603769969667514
1,400,64,64,0.04300396978595,0.26813364611120355,16,0.0102,8.512831926345825,0.03280396978595
1,400,64,128,0.49936086916894357,0.41705131574728505,16,0.4903,15.48251986503601,0.009060869168943553
1,400,64,256,0.0536512376464397,0.43290908816773027,16,0.035,29.5293128490448,0.018651237646439695
1,400,1,16,0.2876215161974155,0.21993818396437959,16,0.2121,2.8485448360443115,0.07552151619741548
1,400,1,32,0.20168678913947452,0.13758595553249192,16,0.11170000000000001,4.2182776927948,0.08998678913947451
1,400,1,64,0.2777183734715068,0.19334214068042638,16,0.26480000000000004,6.947197437286377,0.012918373471506761
1,400,1,128,0.09467637094537451,0.17259939116280393,16,0.1028,12.412230491638184,0.008123629054625492
1,400,1,256,0.030276657228128334,0.23636474039551225,16,0.0028,23.366002559661865,0.027476657228128334
1,400,4,16,0.30330607315398767,0.19701833177437955,16,0.0364,3.189685106277466,0.2669060731539877
1,400,4,32,0.1998452368430727,0.29444680436955983,16,0.20850000000000002,4.868296384811401,0.008654763156927314
1,400,4,64,0.1369551823064873,0.13197391853306123,16,0.0947,8.28038501739502,0.04225518230648728
1,400,4,128,0.4652533768450123,0.175369939441674,16,0.4631,15.076815366744995,0.002153376845012267
1,400,4,256,0.2834483099450596,0.04391528274780304,16,0.255,28.77744436264038,0.02844830994505959
1,400,16,16,0.09083425008259738,0.2955507764401638,16,0.0466,3.1685667037963867,0.044234250082597376
1,400,16,32,0.30403497378258626,0.2620642573590599,16,0.1729,4.926856279373169,0.13113497378258626
1,400,16,64,0.11568875783004501,0.2974274532800989,16,0.14200000000000002,8.317291021347046,0.026311242169955007
1,400,16,128,0.050985004247222854,0.08528297819596681,16,0.0074,15.14000129699707,0.04358500424722285
1,400,16,256,0.26913497877960074,0.08317328649255012,16,0.2822,28.71426749229431,0.013065021220399264
1,400,64,16,0.4118915322588534,0.036684326265301825,16,0.46280000000000004,3.1849255561828613,0.05090846774114666
1,400,64,32,0.18733224840684992,0.4745566452095111,16,0.226,4.8965163230896,0.038667751593150085
1,400,64,64,0.040050886026364696,0.05112528754568835,16,0.0436,8.3619384765625,0.003549113973635304
1,400,64,128,0.36856846970806534,0.303644968188472,16,0.342,15.273162126541138,0.026568469708065312
1,400,64,256,0.2765165535461034,0.024898047700542547,16,0.2783,29.15233540534973,0.0017834464538966088
1,400,1,16,0.12156715326090062,0.48465252410674214,16,0.0063,2.851010799407959,0.11526715326090062
1,400,1,32,0.03496049347060526,0.07227049221452642,16,0.006500000000000001,4.227059841156006,0.02846049347060526
1,400,1,64,0.23543839989427068,0.28881144718215074,16,0.1787,6.974416971206665,0.05673839989427068
1,400,1,128,0.4989303865475163,0.4255359665460236,16,0.4394,12.425229549407959,0.0595303865475163
1,400,1,256,0.1524224420571622,0.2751371728524127,16,0.1474,23.42042827606201,0.0050224420571622075
1,400,4,16,0.09151491062668843,0.021973602507276868,16,0.1073,3.17429518699646,0.015785089373311578
1,400,4,32,0.16539168684616745,0.4711337421737777,16,0.018500000000000003,4.950746774673462,0.14689168684616744
1,400,4,64,0.21738306717858735,0.4846661774446738,16,0.2685,8.31092619895935,0.051116932821412664
1,400,4,128,0.40831740570679137,0.2321858958557343,16,0.37120000000000003,15.096933364868164,0.03711740570679134
1,400,4,256,0.016748189438588634,0.31792789846718855,16,0.050300000000000004,28.755648851394653,0.03355181056141137
1,400,16,16,0.48235544227164046,0.2340044384694283,16,0.37410000000000004,3.175065517425537,0.10825544227164041
1,400,16,32,0.22367053513670876,0.049452941632423975,16,0.4955,4.896533727645874,0.27182946486329124
1,400,16,64,0.021244016537139754,0.17378950658865716,16,0.15230000000000002,8.298085927963257,0.13105598346286026
1,400,16,128,0.019537708008654675,0.19512534154107647,16,0.0762,15.136192560195923,0.05666229199134533
1,400,16,256,0.18146578439449218,0.409647923567015,16,0.20770000000000002,28.866138696670532,0.026234215605507843
1,400,64,16,0.19682472730910944,0.21661396708926867,16,0.0233,3.205108880996704,0.17352472730910945
1,400,64,32,0.19230275515331624,0.04520291829977957,16,0.2626,4.921268701553345,0.07029724484668376
1,400,64,64,0.3883782765494002,0.24224106392056216,16,0.3219,8.364485502243042,0.0664782765494002
1,400,64,128,0.3999773641836202,0.3667468074168594,16,0.4137,15.23103380203247,0.013722635816379836
1,400,64,256,0.4565383845223439,0.32554857590642844,16,0.4098,29.098520278930664,0.04673838452234391
1,400,1,16,0.147882518311792,0.28808623047860205,16,0.0298,2.8598737716674805,0.118082518311792
1,400,1,32,0.09490511329385543,0.2984730001872285,16,0.041600000000000005,4.236871719360352,0.05330511329385542
1,400,1,64,0.020929165137534567,0.49302060735779574,16,0.020200000000000003,6.956255197525024,0.000729165137534564
1,400,1,128,0.4869341522043025,0.16133388946171562,16,0.4939,12.423369407653809,0.006965847795697533
1,400,1,256,0.10842394896033924,0.48532966681871254,16,0.1032,23.356351375579834,0.005223948960339245
1,400,4,16,0.17634174027984845,0.2734186211043104,16,0.1135,3.177332878112793,0.06284174027984844
1,400,4,32,0.07637325143220891,0.46671435966180314,16,0.1504,4.890651702880859,0.0740267485677911
1,400,4,64,0.028585080834300503,0.06779676872204421,16,0.0047,8.30546760559082,0.023885080834300503
1,400,4,128,0.2549666507013824,0.15697169318311033,16,0.19260000000000002,15.112593650817871,0.06236665070138239
1,400,4,256,0.49569888840338455,0.33575909158956263,16,0.46940000000000004,28.82105016708374,0.026298888403384513
1,400,16,16,0.15894255594921802,0.1700377665924856,16,0.0432,3.18804669380188,0.11574255594921802
1,400,16,32,0.22995756264325334,0.18181503449572528,16,0.2021,4.893636465072632,0.027857562643253342
1,400,16,64,0.08313455900543687,0.2116920849867085,16,0.0838,8.305575132369995,0.0006654409945631296
1,400,16,128,0.0363227115931391,0.16966644413551774,16,0.046700000000000005,15.189089059829712,0.010377288406860904
1,400,16,256,0.17602089009638405,0.005194745568517567,16,0.1549,28.83005928993225,0.021120890096384043
1,400,64,16,0.35552264731684785,0.03462915649344095,16,0.15,3.1847569942474365,0.20552264731684786
1,400,64,32,0.47910240843335755,0.002045163029409991,16,0.032100000000000004,4.912418842315674,0.44700240843335753
1,400,64,64,0.10829299807645532,0.4130163665758309,16,0.1068,8.339049577713013,0.0014929980764553097
1,400,64,128,0.12082404576829536,0.19623087008251483,16,0.1111,15.226399660110474,0.009724045768295358
1,400,64,256,0.2612283763462792,0.353329409537109,16,0.2528,29.23878574371338,0.008428376346279187
1,400,1,16,0.4771003238884545,0.4039365133715499,16,0.41800000000000004,2.8584420680999756,0.05910032388845449
1,400,1,32,0.06753725918320946,0.4568811247631809,16,0.0021000000000000003,4.206925868988037,0.06543725918320946
1,400,1,64,0.3928997677475678,0.3773431736553621,16,0.3287,6.94667387008667,0.0641997677475678
1,400,1,128,0.27809118440750247,0.15058017491917292,16,0.23,12.406388282775879,0.04809118440750246
1,400,1,256,0.35286690229834444,0.09976492360877492,16,0.3536,23.368374347686768,0.0007330977016555829
1,400,4,16,0.46501443605243886,0.1305828614283424,16,0.36970000000000003,3.1721723079681396,0.09531443605243883
1,400,4,32,0.10736324147144655,0.32647377162988817,16,0.1135,4.881273508071899,0.006136758528553457
1,400,4,64,0.03515838607826155,0.3990462404782599,16,0.0371,8.284149646759033,0.0019416139217384512
1,400,4,128,0.4982314882959259,0.11817748583403959,16,0.4783,15.097578048706055,0.019931488295925892
1,400,4,256,0.4409848817493691,0.34464971664553135,16,0.4318,28.749294996261597,0.0091848817493691
1,400,16,16,0.11146913313479295,0.014660799766050558,16,0.2983,3.180832624435425,0.18683086686520706
1,400,16,32,0.45129411358238086,0.1838479440287752,16,0.46280000000000004,4.90831995010376,0.011505886417619182
1,400,16,64,0.19020920104133993,0.38944980239037147,16,0.11610000000000001,8.318530321121216,0.07410920104133992
1,400,16,128,0.19107534054637848,0.3403086033091844,16,0.1962,15.126041889190674,0.005124659453621533
1,400,16,256,0.08025492692983438,0.330639655986309,16,0.08710000000000001,28.78683638572693,0.00684507307016563
1,400,64,16,0.10230336426520109,0.4744907083346182,16,0.2005,3.186634063720703,0.09819663573479892
1,400,64,32,0.13047505015173627,0.425641199746641,16,0.0892,4.914159774780273,0.04127505015173627
1,400,64,64,0.30362782739447536,0.24353684064855657,16,0.32120000000000004,8.349632263183594,0.017572172605524683
1,400,64,128,0.3241930097191251,0.3748549278018521,16,0.32380000000000003,15.269226789474487,0.0003930097191250925
1,400,64,256,0.466402159921804,0.250468313327819,16,0.4657,29.454395294189453,0.000702159921804002
1,400,1,16,0.30301421527894173,0.4640766453068277,16,0.2034,2.852705717086792,0.09961421527894174
1,400,1,32,0.0060732449062592675,0.2066836641471002,16,0.0378,4.221494913101196,0.03172675509374073
1,400,1,64,0.17280889329577537,0.012008581945670282,16,0.1915,6.985297679901123,0.018691106704224636
1,400,1,128,0.13792326288077772,0.050348064855343044,16,0.1265,12.446954250335693,0.011423262880777718
1,400,1,256,0.3830308476388957,0.09292966135031755,16,0.4248,23.44085431098938,0.04176915236110429
1,400,4,16,0.05683398427447217,0.008697706915055003,16,0.0553,3.185109853744507,0.0015339842744721693
1,400,4,32,0.18013611255352685,0.3879784045028834,16,0.0664,4.911399841308594,0.11373611255352685
1,400,4,64,0.42621314144802547,0.22313542485878957,16,0.4166,8.330172777175903,0.009613141448025442
1,400,4,128,0.418581546222542,0.09174652312646592,16,0.4786,15.16457200050354,0.060018453777458014
1,400,4,256,0.2149175284476424,0.2655796987980136,16,0.2228,28.855576515197754,0.007882471552357606
1,400,16,16,0.26688151497587753,0.24298959901724543,16,0.09430000000000001,3.183237314224243,0.17258151497587754
1,400,16,32,0.28560978673487286,0.39165646523350145,16,0.23340000000000002,4.913354158401489,0.05220978673487284
1,400,16,64,0.4568815768076297,0.11119223392355437,16,0.45890000000000003,8.352360248565674,0.0020184231923703333
1,400,16,128,0.3543036381615639,0.3890397532124484,16,0.31170000000000003,15.39637017250061,0.04260363816156387
1,400,16,256,0.06182118306099749,0.1376208617619552,16,0.008700000000000001,29.34475827217102,0.05312118306099749
1,400,64,16,0.28738152260685323,0.2707671171051612,16,0.2692,3.239655017852783,0.01818152260685324
1,400,64,32,0.3383371170147233,0.49049917401041593,16,0.33340000000000003,4.9066479206085205,0.004937117014723269
1,400,64,64,0.4337273464572693,0.08501555377977477,16,0.4214,8.38398551940918,0.012327346457269295
1,400,64,128,0.45269284865511833,0.4708214823486103,16,0.4273,15.47445297241211,0.025392848655118316
1,400,64,256,0.23448483373698403,0.3471132911029704,16,0.2278,29.32037329673767,0.0066848337369840305
1,400,1,16,0.47944459777413917,0.07656259584763758,16,0.29150000000000004,2.8875510692596436,0.18794459777413913
1,400,1,32,0.3972742563931832,0.292223100557915,16,0.4363,4.29471230506897,0.03902574360681682
1,400,1,64,0.10821057270080092,0.16813698564871332,16,0.1085,7.0758607387542725,0.00028942729919907706
1,400,1,128,0.25941961714699596,0.18860526950720286,16,0.2575,12.460038900375366,0.0019196171469959555
1,400,1,256,0.3047169190460829,0.18705387418328062,16,0.3042,23.487571001052856,0.0005169190460828643
1,400,4,16,0.38340349685416547,0.13423819053677488,16,0.4973,3.1817989349365234,0.11389650314583455
1,400,4,32,0.09572290610176493,0.05941125683170595,16,0.0656,4.892756700515747,0.03012290610176492
1,400,4,64,0.14192271237597837,0.38892117549402533,16,0.0732,8.302532434463501,0.06872271237597836
1,400,4,128,0.44360714432898257,0.14116776929899466,16,0.4766,15.204862356185913,0.03299285567101745
1,400,4,256,0.19045216448431734,0.21741064660489295,16,0.2509,29.40292477607727,0.06044783551568267
1,400,16,16,0.1285328621913101,0.3596222360957148,16,0.2651,3.245023727416992,0.1365671378086899
1,400,16,32,0.45184886714839373,0.14752708982451335,16,0.44270000000000004,4.999672889709473,0.009148867148393691
1,400,16,64,0.45738320653064934,0.053784765757434405,16,0.47300000000000003,8.506426572799683,0.015616793469350687
1,400,16,128,0.29325500288120915,0.059847236355175915,16,0.1656,15.50253176689148,0.12765500288120915
1,400,16,256,0.2834384227328279,0.44136141378328236,16,0.2566,29.332115173339844,0.026838422732827882
1,400,64,16,0.3742717863139823,0.36273984667923864,16,0.3775,3.238330602645874,0.0032282136860177224
1,400,64,32,0.45951979279741856,0.10205815789743894,16,0.4677,5.01950216293335,0.008180207202581447
1,400,64,64,0.292017218026898,0.4914879029052072,16,0.3159,8.40726900100708,0.023882781973102007
1,400,64,128,0.31471405147095793,0.2718647018757095,16,0.2903,15.248359441757202,0.02441405147095793
1,400,64,256,0.39781265809265465,0.20152031774558604,16,0.38730000000000003,29.087464809417725,0.010512658092654614
1,400,1,16,0.11588718240196849,0.05753737573186102,16,0.149,2.8377842903137207,0.0331128175980315
1,400,1,32,0.23995414532233594,0.05784906620533159,16,0.20720000000000002,4.2168869972229,0.03275414532233592
1,400,1,64,0.2865664857580694,0.3945004533893547,16,0.257,6.960433006286621,0.029566485758069416
1,400,1,128,0.19148725131891986,0.36521977987955734,16,0.1766,12.442463636398315,0.014887251318919853
1,400,1,256,0.02923993470414521,0.3316908730440923,16,0.040400000000000005,23.421874046325684,0.011160065295854796
1,400,4,16,0.4308414997133994,0.22672319030787713,16,0.47840000000000005,3.178980827331543,0.047558500286600636
1,400,4,32,0.39159841043858584,0.17952567634310324,16,0.1652,4.891005277633667,0.22639841043858583
1,400,4,64,0.24084913871954627,0.3249400699756276,16,0.2217,8.312453269958496,0.019149138719546266
1,400,4,128,0.20194984200089044,0.43251985014593486,16,0.2746,15.12156629562378,0.07265015799910957
1,400,4,256,0.1639671722388356,0.3762578716097169,16,0.19790000000000002,28.77186918258667,0.03393282776116441
1,400,16,16,0.19491864935006314,0.43783483093877945,16,0.3183,3.1892220973968506,0.12338135064993688
1,400,16,32,0.13933968949404313,0.3908224731675594,16,0.0095,4.903378486633301,0.12983968949404312
1,400,16,64,0.420912510224675,0.2020691148099143,16,0.379,8.351184129714966,0.041912510224675015
1,400,16,128,0.11949062074252309,0.2749115559376997,16,0.1643,15.168745756149292,0.04480937925747691
1,400,16,256,0.4412062863957747,0.07938269503622447,16,0.48260000000000003,28.871588706970215,0.041393713604225335
1,400,64,16,0.36544630558695806,0.3890980593887894,16,0.43710000000000004,3.1897594928741455,0.07165369441304198
1,400,64,32,0.1886265268966782,0.043205255208264404,16,0.0634,4.9115235805511475,0.12522652689667818
1,400,64,64,0.2833977194070583,0.21218370849971396,16,0.3023,8.351043462753296,0.01890228059294169
1,400,64,128,0.18511120203533893,0.1551980192415015,16,0.18230000000000002,15.244469404220581,0.002811202035338911
1,400,64,256,0.38513953161568754,0.18128578932480804,16,0.3554,29.000977993011475,0.029739531615687542
1,400,1,16,0.38170990403684746,0.0789994659597209,16,0.3265,2.842965841293335,0.055209904036847446
1,400,1,32,0.32805923621823646,0.4905289190900435,16,0.3335,4.223628282546997,0.005440763781763558
1,400,1,64,0.08774694954257956,0.38141172665927375,16,0.0528,6.964379072189331,0.034946949542579556
1,400,1,128,0.10792389502143174,0.0924113912493349,16,0.1471,12.45757794380188,0.03917610497856827
1,400,1,256,0.14319090696290188,0.12060125841913472,16,0.1424,23.414620876312256,0.0007909069629018772
1,400,4,16,0.3481777915319706,0.2624841053696098,16,0.27,3.1943726539611816,0.07817779153197058
1,400,4,32,0.1068828161945054,0.25229361903998476,16,0.1311,4.966625928878784,0.02421718380549459
1,400,4,64,0.008184630507665491,0.2745998253280989,16,0.0166,8.32620620727539,0.008415369492334509
1,400,4,128,0.03924344812825792,0.05666534018571601,16,0.014100000000000001,15.159651279449463,0.025143448128257917
1,400,4,256,0.2949980723576942,0.03668742472620329,16,0.3431,28.772244453430176,0.04810192764230581
1,400,16,16,0.05850660504348648,0.35094855811233344,16,0.038900000000000004,3.1804862022399902,0.019606605043486477
1,400,16,32,0.3268847965898113,0.08976322354970795,16,0.0095,4.892301321029663,0.3173847965898113
1,400,16,64,0.11396226443168461,0.3808139341770583,16,0.054,8.313778638839722,0.05996226443168461
1,400,16,128,0.003085792343431204,0.09648195234507806,16,0.0064,15.152475833892822,0.0033142076565687963
1,400,16,256,0.18622080164213695,0.3256998477533642,16,0.2141,28.960957288742065,0.027879198357863066
1,400,64,16,0.3790878767788036,0.22462151617622944,16,0.42660000000000003,3.2073776721954346,0.04751212322119641
1,400,64,32,0.44296480780159336,0.1606507638573289,16,0.43660000000000004,4.936037302017212,0.00636480780159332
1,400,64,64,0.1067514121800407,0.4679947577322455,16,0.10550000000000001,8.376879692077637,0.001251412180040684
1,400,64,128,0.3277960467784048,0.3717700661806238,16,0.3355,15.489428520202637,0.007703953221595228
1,400,64,256,0.06510498528963016,0.23859041833256023,16,0.0611,29.43635630607605,0.004004985289630156
1,400,1,16,0.15734842419043477,0.04239210585854869,16,0.0761,2.8691184520721436,0.08124842419043476
1,400,1,32,0.11903369901788435,0.35192440510418155,16,0.1275,4.224067449569702,0.008466300982115649
1,400,1,64,0.23677106030909412,0.022693083552284554,16,0.1821,6.970141410827637,0.054671060309094105
1,400,1,128,0.09555830262248816,0.07230635110427835,16,0.052000000000000005,12.495136260986328,0.04355830262248815
1,400,1,256,0.4707961289879536,0.060733107088983496,16,0.4496,23.542234897613525,0.02119612898795359
1,400,4,16,0.09155026939888555,0.2846072047372015,16,0.3296,3.1782612800598145,0.23804973060111445
1,400,4,32,0.27690870420712493,0.48276615320964134,16,0.3836,4.911949157714844,0.10669129579287506
1,400,4,64,0.3784772636349775,0.440782381482705,16,0.34290000000000004,8.306270837783813,0.035577263634977485
1,400,4,128,0.4040726879070174,0.19278072183727463,16,0.4046,15.107587575912476,0.0005273120929826236
1,400,4,256,0.2760461061477439,0.21779161431366845,16,0.25620000000000004,28.78998851776123,0.019846106147743847
1,400,16,16,0.2721251311028704,0.26798002363417317,16,0.2783,3.1771156787872314,0.006174868897129593
1,400,16,32,0.08183373838112562,0.4499196556815418,16,0.252,4.878795385360718,0.17016626161887438
1,400,16,64,0.3075374378120093,0.14979731508167216,16,0.30060000000000003,8.296467065811157,0.006937437812009284
1,400,16,128,0.4677774596352182,0.37030416809267963,16,0.4672,15.177290678024292,0.0005774596352182138
1,400,16,256,0.4550880768867567,0.4199044656696318,16,0.4454,28.81090998649597,0.009688076886756658
1,400,64,16,0.13337485977907948,0.20929739122368624,16,0.184,3.1873083114624023,0.05062514022092052
1,400,64,32,0.38492351859534774,0.4735390818175141,16,0.37120000000000003,4.9320924282073975,0.013723518595347706
1,400,64,64,0.43958064161844623,0.1854134167424148,16,0.4868,8.369194746017456,0.04721935838155378
1,400,64,128,0.4866088510079934,0.391557133456196,16,0.48900000000000005,15.262289762496948,0.002391148992006653
1,400,64,256,0.4249804270460586,0.3059257463924146,16,0.398,29.19037675857544,0.026980427046058575
1,400,1,16,0.05320389635486661,0.36989634799388266,16,0.0883,2.828794479370117,0.035096103645133395
1,400,1,32,0.06770375792847233,0.38610760369440716,16,0.0279,4.212782621383667,0.03980375792847233
1,400,1,64,0.3162782276330117,0.24149858135686814,16,0.2645,6.958019018173218,0.05177822763301171
1,400,1,128,0.12437184502514781,0.31868527689570875,16,0.1253,12.433763980865479,0.0009281549748521856
1,400,1,256,0.09400927139208948,0.15422473646038776,16,0.1273,23.3853816986084,0.03329072860791052
1,400,4,16,0.07412030920701107,0.4278472848272086,16,0.0921,3.162907361984253,0.01797969079298893
1,400,4,32,0.13036172297432297,0.4139333880814575,16,0.0784,4.8843793869018555,0.05196172297432297
1,400,4,64,0.4010186800068736,0.4454233941206751,16,0.35800000000000004,8.279296875,0.04301868000687353
1,400,4,128,0.2752637618336945,0.4298313936673505,16,0.2592,15.10927677154541,0.016063761833694512
1,400,4,256,0.32491666160644156,0.11915547025825757,16,0.4001,28.76972532272339,0.07518333839355845
1,400,16,16,0.053864293245184325,0.1671317260819234,16,0.1849,3.1747074127197266,0.13103570675481568
1,400,16,32,0.06953580240565171,0.01209781104456803,16,0.12000000000000001,4.8936285972595215,0.050464197594348295
1,400,16,64,0.37779248864195075,0.4982819217951465,16,0.3781,8.311018466949463,0.00030751135804923946
1,400,16,128,0.09786444732351479,0.4607627494351964,16,0.1246,15.233695983886719,0.02673555267648521
1,400,16,256,0.41502479914220786,0.018549784159934135,16,0.3079,28.824982166290283,0.10712479914220785
1,400,64,16,0.20629554089040897,0.4429976656782645,16,0.2084,3.1924729347229004,0.0021044591095910337
1,400,64,32,0.39862508159545407,0.20869680114509143,16,0.40080000000000005,4.917322397232056,0.002174918404545978
1,400,64,64,0.41552602908905806,0.09552697432253299,16,0.40080000000000005,8.354132175445557,0.014726029089058013
1,400,64,128,0.1772306713561052,0.10511303157401475,16,0.1777,15.238921165466309,0.0004693286438947897
1,400,64,256,0.4033313656825381,0.31310530771784617,16,0.4016,29.236003875732422,0.0017313656825380663
1,400,1,16,0.43426153179279625,0.30324908948055085,16,0.4515,2.837132453918457,0.01723846820720376
1,400,1,32,0.26571661820548986,0.44271564692238835,16,0.24680000000000002,4.21902322769165,0.018916618205489844
1,400,1,64,0.1690099914756633,0.08095590494094129,16,0.1471,6.953168630599976,0.021909991475663304
1,400,1,128,0.17423857728730213,0.41145074526713316,16,0.1519,12.41266942024231,0.022338577287302125
1,400,1,256,0.164350575672692,0.4498723189334918,16,0.1817,23.50532603263855,0.01734942432730799
1,400,4,16,0.1802912609263978,0.031921568060716166,16,0.058100000000000006,3.202699899673462,0.12219126092639779
1,400,4,32,0.2375520769288924,0.48709725404937637,16,0.21610000000000001,4.958152770996094,0.021452076928892394
1,400,4,64,0.46463160865417336,0.044973369559556386,16,0.4773,8.423722982406616,0.012668391345826646
1,400,4,128,0.05743440341694789,0.22151331687851733,16,0.1182,15.162531614303589,0.06076559658305211
1,400,4,256,0.2960911197959291,0.0812728702301096,16,0.3027,28.818981409072876,0.0066088802040709105
1,400,16,16,0.03274608297648329,0.11731611015138171,16,0.0655,3.1695706844329834,0.03275391702351671
1,400,16,32,0.36544943747001063,0.10297856831851909,16,0.22940000000000002,4.891404390335083,0.1360494374700106
1,400,16,64,0.3863864536231716,0.3083974052262297,16,0.3895,8.310703754425049,0.0031135463768284244
1,400,16,128,0.015120803547800654,0.2663476047375905,16,0.016300000000000002,15.133265495300293,0.0011791964521993478
1,400,16,256,0.09911404302608579,0.38507363565448083,16,0.0893,28.850677967071533,0.00981404302608578
1,400,64,16,0.046954814890517504,0.026811115176613387,16,0.1899,3.192518472671509,0.1429451851094825
1,400,64,32,0.17986553612361628,0.2350788620759391,16,0.08310000000000001,4.917362451553345,0.09676553612361627
1,400,64,64,0.3911698187105349,0.11927475509971813,16,0.38530000000000003,8.370129823684692,0.00586981871053488
1,400,64,128,0.16350667178917488,0.129317977703592,16,0.17120000000000002,15.288581371307373,0.007693328210825134
1,400,64,256,0.18205562093796812,0.37729566499993183,16,0.18280000000000002,29.039998054504395,0.0007443790620318969
1,400,1,16,0.26097470955910973,0.20959671701012167,16,0.29510000000000003,2.852802276611328,0.0341252904408903
1,400,1,32,0.03946286931636689,0.01668536225014816,16,0.0028,4.273966312408447,0.03666286931636689
1,400,1,64,0.35072424752438675,0.0677438745074368,16,0.331,7.033191204071045,0.01972424752438673
1,400,1,128,0.03040381941809167,0.3475502719134529,16,0.0291,12.459083080291748,0.0013038194180916701
1,400,1,256,0.4124377891018231,0.16125764791841402,16,0.41090000000000004,23.4262912273407,0.0015377891018230616
1,400,4,16,0.07946693810537458,0.06530242924486107,16,0.1879,3.187323808670044,0.10843306189462543
1,400,4,32,0.05455787476039903,0.4595345700737276,16,0.08510000000000001,4.898652791976929,0.03054212523960098
1,400,4,64,0.38796528221159626,0.053159740315540105,16,0.3864,8.302669763565063,0.0015652822115962417
1,400,4,128,0.13952495187227726,0.32135508169088794,16,0.0287,15.069801568984985,0.11082495187227726
1,400,4,256,0.37158139507786964,0.25259748458986325,16,0.3945,28.813842296600342,0.02291860492213038
1,400,16,16,0.46448544820511983,0.16295543594383327,16,0.49870000000000003,3.1821906566619873,0.0342145517948802
1,400,16,32,0.32903650060865625,0.2072852906704462,16,0.3266,4.890143871307373,0.0024365006086562446
1,400,16,64,0.49701709651003445,0.03965545162423445,16,0.2701,8.307781219482422,0.22691709651003444
1,400,16,128,0.46001334746013567,0.4311661844896786,16,0.40840000000000004,15.10871958732605,0.05161334746013563
1,400,16,256,0.14324122779932136,0.032976846094299406,16,0.15360000000000001,28.813714265823364,0.010358772200678656
1,400,64,16,0.34799665849155076,0.4026478422992583,16,0.3305,3.1854755878448486,0.017496658491550743
1,400,64,32,0.10854626877124846,0.35316012462414165,16,0.09530000000000001,4.910735130310059,0.013246268771248446
1,400,64,64,0.19093782857951713,0.0318624475286573,16,0.2026,8.389156818389893,0.01166217142048287
1,400,64,128,0.0747464855513042,0.35420098493462443,16,0.0772,15.230681419372559,0.0024535144486958066
1,400,64,256,0.4601537168888368,0.016279311181570555,16,0.4726,29.191089630126953,0.012446283111163248
1,400,1,16,0.4397913842605658,0.44122713355854487,16,0.22240000000000001,2.8463120460510254,0.21739138426056578
1,400,1,32,0.14561605018147228,0.01611606152468864,16,0.0751,4.212606430053711,0.07051605018147228
1,400,1,64,0.2958210057508811,0.33291459509677124,16,0.1957,6.9438440799713135,0.10012100575088109
1,400,1,128,0.25041748413307485,0.0403878285359196,16,0.2252,12.368946075439453,0.02521748413307484
1,400,1,256,0.1840174055177768,0.17969447144016804,16,0.17830000000000001,23.4665367603302,0.005717405517776775
1,400,4,16,0.40842577839352334,0.2434342030395929,16,0.3297,3.176812171936035,0.07872577839352335
1,400,4,32,0.45631259448719963,0.16917368419044104,16,0.4675,4.893335819244385,0.011187405512800397
1,400,4,64,0.008847287071478305,0.011283825903514011,16,0.0098,8.289107322692871,0.000952712928521695
1,400,4,128,0.11628404149323096,0.4158159741985768,16,0.1262,15.12192964553833,0.009915958506769046
1,400,4,256,0.2065132049221075,0.14284641961821304,16,0.2024,29.206814527511597,0.004113204922107511
1,400,16,16,0.21236106630193397,0.40469423888049677,16,0.2816,3.191542863845825,0.06923893369806605
1,400,16,32,0.15564337494996677,0.1522606000815082,16,0.24230000000000002,4.901759624481201,0.08665662505003324
1,400,16,64,0.28704141869179234,0.33338499576694064,16,0.3058,8.343044519424438,0.018758581308207678
1,400,16,128,0.37727419464932954,0.1844513935081089,16,0.3743,15.189250230789185,0.00297419464932952
1,400,16,256,0.25306276845894216,0.2530026646614957,16,0.23670000000000002,28.99345874786377,0.016362768458942134
1,400,64,16,0.09501992950524096,0.16376200412102893,16,0.1962,3.198822021484375,0.10118007049475905
1,400,64,32,0.2610448863448624,0.11784516923946775,16,0.2778,4.935688495635986,0.0167551136551376
1,400,64,64,0.0050889288293841095,0.09232976383836494,16,0.12150000000000001,8.37716817855835,0.1164110711706159
1,400,64,128,0.3312732262802067,0.265453630167805,16,0.3427,15.252048254013062,0.011426773719793282
1,400,64,256,0.45142272684451973,0.349358568501619,16,0.4757,29.256296396255493,0.024277273155480283
1,400,1,16,0.3923301057993707,0.12867248371597778,16,0.4118,2.8581643104553223,0.01946989420062928
1,400,1,32,0.3377844264490621,0.0982640164091973,16,0.1927,4.235265016555786,0.14508442644906208
1,400,1,64,0.26051819444352203,0.39879416875580165,16,0.31420000000000003,6.957125663757324,0.053681805556478
1,400,1,128,0.09188508922309041,0.06877803727524517,16,0.038200000000000005,12.471647024154663,0.053685089223090406
1,400,1,256,0.07959464527194521,0.2490978415058953,16,0.0959,23.436139583587646,0.01630535472805479
1,400,4,16,0.05880984902517439,0.28549313918654523,16,0.0683,3.180011749267578,0.009490150974825612
1,400,4,32,0.06391417490229712,0.4127131260729334,16,0.0608,4.9019129276275635,0.0031141749022971163
1,400,4,64,0.2826284173070191,0.38718611412997667,16,0.31010000000000004,8.321426630020142,0.027471582692980945
1,400,4,128,0.23848582861879963,0.17791141776036384,16,0.28500000000000003,15.195063352584839,0.0465141713812004
1,400,4,256,0.36834609707586435,0.25935591244858625,16,0.374,28.79688024520874,0.005653902924135645
1,400,16,16,0.45380128357211386,0.14980455771009027,16,0.3859,3.1875946521759033,0.06790128357211384
1,400,16,32,0.22973222884365935,0.0045495512856814635,16,0.3655,4.912373065948486,0.13576777115634064
1,400,16,64,0.19969866978826722,0.2002267232637327,16,0.0903,8.347121238708496,0.10939866978826722
1,400,16,128,0.10864231891093606,0.29214627350465483,16,0.1578,15.212785243988037,0.04915768108906393
1,400,16,256,0.3114650744400474,0.487660091990786,16,0.3214,29.124040365219116,0.009934925559952623
1,400,64,16,0.4894263289804432,0.1851022475128154,16,0.48600000000000004,3.2097597122192383,0.0034263289804431496
1,400,64,32,0.38232266761503636,0.06289914293017884,16,0.37160000000000004,4.9428441524505615,0.010722667615036319
1,400,64,64,0.07342350422529981,0.4879950279764152,16,0.0826,8.412055969238281,0.0091764957747002
1,400,64,128,0.250281246709504,0.23941065523286753,16,0.2595,15.328816890716553,0.009218753290495985
1,400,64,256,0.38259888856775387,0.18080671899881834,16,0.38070000000000004,29.27098536491394,0.0018988885677538314
1,400,1,16,0.4421024090818213,0.1406029597032163,16,0.4509,2.867109775543213,0.008797590918178722
1,400,1,32,0.11570405335328826,0.1597833824805029,16,0.0838,4.246220111846924,0.03190405335328826
1,400,1,64,0.07480621372699581,0.36079571926163345,16,0.08120000000000001,6.985832452774048,0.006393786273004201
1,400,1,128,0.12215576382689353,0.47633772854841255,16,0.08560000000000001,12.4644033908844,0.03655576382689352
1,400,1,256,0.31779400700876886,0.3372360784126784,16,0.3201,23.433634042739868,0.0023059929912311317
1,400,4,16,0.31233557567259496,0.41114229365214194,16,0.031900000000000005,3.164472818374634,0.28043557567259497
1,400,4,32,0.10319451996065937,0.24300099860733398,16,0.1521,4.889249324798584,0.04890548003934064
1,400,4,64,0.3506758986206373,0.33328129602505946,16,0.32530000000000003,8.32048511505127,0.02537589862063727
1,400,4,128,0.41735754167369954,0.24721728591776432,16,0.371,15.190335988998413,0.04635754167369954
1,400,4,256,0.27019542695814136,0.007518168396788871,16,0.2356,28.885359048843384,0.034595426958141356
1,400,16,16,0.20828195121835358,0.10017420765021195,16,0.227,3.196246385574341,0.01871804878164643
1,400,16,32,0.21297393678502446,0.37095881789596197,16,0.2451,4.923513412475586,0.03212606321497555
1,400,16,64,0.2911586506696906,0.2942399172869168,16,0.2585,8.348781824111938,0.03265865066969059
1,400,16,128,0.14669967396497768,0.2470171312094227,16,0.1711,15.14547324180603,0.02440032603502232
1,400,16,256,0.10104432298150773,0.4956059042874477,16,0.1009,29.202566146850586,0.0001443229815077246
1,400,64,16,0.3760114422892755,0.00948104152711654,16,0.0233,3.200411081314087,0.35271144228927553
1,400,64,32,0.13512769694248067,0.38544007880315606,16,0.0824,4.931126117706299,0.05272769694248067
1,400,64,64,0.127907602163842,0.4736105995735523,16,0.1206,8.435153484344482,0.007307602163842006
1,400,64,128,0.21190363940350515,0.493778031781065,16,0.2383,15.352164268493652,0.02639636059649486
1,400,64,256,0.2219464750013455,0.36978773589887776,16,0.2096,29.34312868118286,0.012346475001345503
1,400,1,16,0.33090693675752525,0.053639934048907656,16,0.2851,2.8605263233184814,0.04580693675752523
1,400,1,32,0.48775672141894316,0.3458971798067509,16,0.42560000000000003,4.239668846130371,0.06215672141894313
1,400,1,64,0.1442274512423874,0.4898438049557395,16,0.1192,6.98471474647522,0.025027451242387394
1,400,1,128,0.03770465416871682,0.25859541429919247,16,0.0025,12.44356656074524,0.03520465416871682
1,400,1,256,0.4585717414385335,0.387846148493566,16,0.4914,23.483439683914185,0.03282825856146648
1,400,4,16,0.35801005788097107,0.3325740015827997,16,0.3481,3.2097556591033936,0.009910057880971046
1,400,4,32,0.4183877907874102,0.3494320968902332,16,0.3808,4.935839653015137,0.03758779078741015
1,400,4,64,0.1454337937677374,0.391728013866521,16,0.23320000000000002,8.313242197036743,0.08776620623226261
1,400,4,128,0.11018253158805363,0.11396707120057536,16,0.182,15.087376117706299,0.07181746841194636
1,400,4,256,0.17426504782905716,0.28670142089351913,16,0.1837,28.79828953742981,0.00943495217094284
1,400,16,16,0.16941391147013812,0.39850716599479263,16,0.3432,3.1715824604034424,0.17378608852986188
1,400,16,32,0.3136533361312751,0.3726540905873907,16,0.2376,4.912262201309204,0.0760533361312751
1,400,16,64,0.27535808379079224,0.3011692520387552,16,0.3448,8.48443603515625,0.06944191620920775
1,400,16,128,0.028056426223507458,0.025833215168280577,16,0.11120000000000001,15.424732685089111,0.08314357377649255
1,400,16,256,0.20640602890903192,0.0456364575273383,16,0.22410000000000002,29.331374406814575,0.017693971090968097
1,400,64,16,0.40208890014534543,0.1332253953975958,16,0.3932,3.20780348777771,0.008888900145345435
1,400,64,32,0.2593569007558025,0.44739389901701404,16,0.27080000000000004,4.939214468002319,0.011443099244197563
1,400,64,64,0.3916969797204105,0.31020979880107347,16,0.449,8.360279560089111,0.0573030202795895
1,400,64,128,0.3212113201178072,0.1482486172371117,16,0.2944,15.252756834030151,0.02681132011780718
1,400,64,256,0.4884155532320623,0.029657398870990004,16,0.5,29.347142457962036,0.011584446767937684
1,400,1,16,0.18502546394955083,0.49728549952227896,16,0.155,2.891098737716675,0.03002546394955083
1,400,1,32,0.16625261085542126,0.38756816285075085,16,0.012700000000000001,4.300689697265625,0.15355261085542127
1,400,1,64,0.12018100014949112,0.07488526016290248,16,0.1307,7.0952370166778564,0.010518999850508887
1,400,1,128,0.2912786234459262,0.22732695259008473,16,0.265,12.63538670539856,0.026278623445926186
1,400,1,256,0.3129014921826193,0.4645919842713346,16,0.32330000000000003,23.714659214019775,0.01039850781738072
1,400,4,16,0.4469369312575142,0.006982143157482745,16,0.1867,3.228274345397949,0.26023693125751424
1,400,4,32,0.2394534597840583,0.04759389955759097,16,0.23450000000000001,4.966276168823242,0.004953459784058284
1,400,4,64,0.36072626164701527,0.4125941759812894,16,0.42810000000000004,8.420642375946045,0.06737373835298477
1,400,4,128,0.0571915881784863,0.3070587966432484,16,0.0947,15.355117082595825,0.03750841182151371
1,400,4,256,0.26605706427130305,0.47460324810600363,16,0.25780000000000003,29.08581519126892,0.008257064271303016
1,400,16,16,0.10065683540844272,0.45869103473784856,16,0.2933,3.1845593452453613,0.19264316459155728
1,400,16,32,0.3427991520669104,0.0598539792847661,16,0.1893,4.908940076828003,0.15349915206691042
1,400,16,64,0.35243650252855513,0.08659158332274286,16,0.31880000000000003,8.349703550338745,0.0336365025285551
1,400,16,128,0.310368206422741,0.39406428654394193,16,0.2849,15.209838628768921,0.025468206422741002
1,400,16,256,0.01766885890008857,0.2007985620733857,16,0.016,29.064615964889526,0.0016688589000885684
1,400,64,16,0.4180467556805612,0.0725674995817599,16,0.45020000000000004,3.2241082191467285,0.032153244319438834
1,400,64,32,0.3872575839517631,0.4766878068613956,16,0.3925,4.971865653991699,0.005242416048236942
1,400,64,64,0.011925395467501043,0.39203580176328245,16,0.0634,8.449573516845703,0.051474604532498955
1,400,64,128,0.4396095636850994,0.4289537429661035,16,0.4481,15.343554258346558,0.008490436314900596
1,400,64,256,0.05600892888413572,0.2975853463942184,16,0.029900000000000003,29.08361530303955,0.02610892888413572
1,400,1,16,0.2959628692896714,0.08038502057044594,16,0.191,2.8869240283966064,0.10496286928967141
1,400,1,32,0.19575358611109434,0.13530947865439347,16,0.126,4.3663740158081055,0.06975358611109433
1,400,1,64,0.3128246931049068,0.18655951426709183,16,0.3675,7.049604654312134,0.0546753068950932
1,400,1,128,0.32109422365508217,0.24983680145792908,16,0.38480000000000003,12.55080270767212,0.06370577634491786
1,400,1,256,0.14438841149542264,0.05610956329676897,16,0.1459,23.477947473526,0.0015115885045773603
1,400,4,16,0.14991867572931367,0.3702306257510552,16,0.1451,3.1904704570770264,0.0048186757293136595
1,400,4,32,0.16790450876793334,0.17305527858861286,16,0.21180000000000002,4.9066808223724365,0.04389549123206668
1,400,4,64,0.4486222947932595,0.4765840708244056,16,0.49310000000000004,8.327895879745483,0.04447770520674055
1,400,4,128,0.16667318405987364,0.045187957591607375,16,0.20500000000000002,15.180349111557007,0.03832681594012638
1,400,4,256,0.15676526055757,0.13376779873203754,16,0.1621,29.208584547042847,0.0053347394424299865
1,400,16,16,0.21012393731106221,0.493466803838978,16,0.1063,3.2083771228790283,0.10382393731106221
1,400,16,32,0.1568328943001001,0.24028806933850633,16,0.48910000000000003,4.9301066398620605,0.3322671056998999
1,400,16,64,0.146202994541685,0.01883223650798671,16,0.3894,8.384437799453735,0.24319700545831502
1,400,16,128,0.48805149064767395,0.26630642651054814,16,0.49870000000000003,15.323712348937988,0.010648509352326085
1,400,16,256,0.3949610524128219,0.17602197182943474,16,0.3875,29.002978801727295,0.007461052412821911
1,400,64,16,0.3186340697495502,0.476760461438862,16,0.33230000000000004,3.231593132019043,0.01366593025044982
1,400,64,32,0.15230649463654633,0.4548288711426752,16,0.1975,4.9513115882873535,0.04519350536345368
1,400,64,64,0.33208467687022825,0.30878090535881225,16,0.3149,8.973423957824707,0.017184676870228233
1,400,64,128,0.4232716956962519,0.469163350574379,16,0.3942,20.03592348098755,0.029071695696251898
1,400,64,256,0.4588823277916131,0.009024065302377537,16,0.454,37.8624324798584,0.0048823277916130725
1,400,1,16,0.04080192852594311,0.31348669248802435,16,0.0135,3.7820522785186768,0.02730192852594311
1,400,1,32,0.23772268996446455,0.23909316569674832,16,0.2361,5.593290567398071,0.0016226899644645465
1,400,1,64,0.09477573563483643,0.07679333040215264,16,0.07250000000000001,9.310149192810059,0.022275735634836424
1,400,1,128,0.42591435662764315,0.3258087004823858,16,0.4254,16.259644508361816,0.0005143566276431533
1,400,1,256,0.2969132945326332,0.09333126614289211,16,0.3178,30.6310977935791,0.020886705467366817
1,400,4,16,0.2638655315333867,0.463683554899978,16,0.1738,4.419996738433838,0.0900655315333867
1,400,4,32,0.3179130454166641,0.17822670382662076,16,0.3159,6.50841498374939,0.002013045416664083
1,400,4,64,0.14295434124077827,0.07010725254325217,16,0.2112,10.745301723480225,0.06824565875922173
1,400,4,128,0.28803478872464994,0.14677898771905606,16,0.262,19.96595048904419,0.026034788724649927
1,400,4,256,0.10732212383894002,0.19608543353823926,16,0.1694,36.69149875640869,0.062077876161059975
1,400,16,16,0.4169690777275623,0.44339199870798257,16,0.43860000000000005,4.026371002197266,0.021630922272437736
1,400,16,32,0.4385176367807868,0.09483514069266746,16,0.4494,6.586338758468628,0.01088236321921321
1,400,16,64,0.05595921490851696,0.0704410199305412,16,0.3466,10.992114543914795,0.29064078509148306
1,400,16,128,0.26317159834661374,0.2731955793942309,16,0.26990000000000003,20.066075801849365,0.0067284016533862845
1,400,16,256,0.32674420962806605,0.426230035903786,16,0.35050000000000003,37.78843283653259,0.023755790371933982
1,400,64,16,0.1627840413055162,0.38631993730029784,16,0.2391,4.3169262409210205,0.0763159586944838
1,400,64,32,0.3359887160838374,0.08001559930803015,16,0.3587,6.6456379890441895,0.022711283916162617
1,400,64,64,0.4058557385897158,0.16643239648034658,16,0.39730000000000004,10.928146600723267,0.008555738589715756
1,400,64,128,0.1482078752529276,0.4521060524065313,16,0.1408,20.378934144973755,0.007407875252927604
1,400,64,256,0.01858126814415806,0.39954074592709116,16,0.0109,37.826513051986694,0.0076812681441580585
1,400,1,16,0.27424587133463163,0.3537712973085345,16,0.2021,4.0111119747161865,0.07214587133463163
1,400,1,32,0.12708754743146683,0.4846618177543744,16,0.16870000000000002,5.69371223449707,0.04161245256853319
1,400,1,64,0.08338049945213949,0.4777930752217492,16,0.007500000000000001,9.149408102035522,0.07588049945213948
1,400,1,128,0.02394291056570902,0.21392143011903175,16,0.050800000000000005,16.434690237045288,0.026857089434290986
1,400,1,256,0.28865350350277263,0.21263919109560453,16,0.2874,30.548424005508423,0.001253503502772646
1,400,4,16,0.47227527403936753,0.4738614698755791,16,0.3574,4.160403251647949,0.11487527403936754
1,400,4,32,0.44664694184436976,0.4201779876745617,16,0.3855,6.553738117218018,0.06114694184436975
1,400,4,64,0.08571136234091103,0.3826453441335291,16,0.1421,11.178088426589966,0.05638863765908897
1,400,4,128,0.21465573457926368,0.10525066590639465,16,0.1715,19.929836750030518,0.043155734579263666
1,400,4,256,0.12110717466658988,0.034582409158054495,16,0.1494,37.69079399108887,0.028292825333410127
1,400,16,16,0.2505508478540087,0.34918609893528174,16,0.046,4.349144697189331,0.20455084785400873
1,400,16,32,0.16516100293850566,0.40209119520945197,16,0.33130000000000004,6.614903211593628,0.16613899706149438
1,400,16,64,0.03810225879057205,0.3363414109316414,16,0.1975,11.170700073242188,0.15939774120942796
1,400,16,128,0.03785022300565016,0.09897447243108481,16,0.055200000000000006,19.3813955783844,0.017349776994349843
1,400,16,256,0.025883731038974844,0.42902884782773754,16,0.0471,37.282285928726196,0.02121626896102516
1,400,64,16,0.22174613516875047,0.30147006410827326,16,0.136,4.265091180801392,0.08574613516875046
1,400,64,32,0.482161928976948,0.33880225362765765,16,0.4738,6.493060827255249,0.008361928976947985
1,400,64,64,0.3578787706340581,0.32135520639227894,16,0.3607,10.869462251663208,0.002821229365941924
1,400,64,128,0.41156754988574584,0.30280921637253544,16,0.3488,20.16270875930786,0.06276754988574584
1,400,64,256,0.08680071156274427,0.030165137955492194,16,0.08800000000000001,38.004234790802,0.0011992884372557383
1,400,1,16,0.19771968187583971,0.12033971360286966,16,0.1228,3.769319772720337,0.07491968187583971
1,400,1,32,0.2528637991357522,0.37134699968556856,16,0.2283,5.677299976348877,0.024563799135752185
1,400,1,64,0.27010876083971075,0.4849136840310804,16,0.22110000000000002,9.245069980621338,0.04900876083971073
1,400,1,128,0.19652608491435813,0.33521139557831103,16,0.23900000000000002,16.56414556503296,0.04247391508564188
1,400,1,256,0.13737671528643397,0.13847370531160336,16,0.1255,30.705445766448975,0.01187671528643397
1,400,4,16,0.2735187143104104,0.07745483163917255,16,0.061500000000000006,4.311847686767578,0.21201871431041042
1,400,4,32,0.051177424142561156,0.47638180986506623,16,0.1073,6.611804246902466,0.05612257585743885
1,400,4,64,0.051696505542922266,0.3966328699322082,16,0.1956,10.780638456344604,0.14390349445707773
1,400,4,128,0.44907684601444053,0.11674498201215444,16,0.4414,20.05507469177246,0.007676846014440519
1,400,4,256,0.22137851768973515,0.13724731358733777,16,0.2431,36.93447017669678,0.021721482310264856
1,400,16,16,0.38844850528654246,0.49058489251691495,16,0.41550000000000004,4.037756443023682,0.02705149471345758
1,400,16,32,0.18763057153594137,0.2732952757017962,16,0.2439,6.200158596038818,0.056269428464058635
1,400,16,64,0.03990233293905382,0.37341354585871667,16,0.0302,10.754472017288208,0.009702332939053818
1,400,16,128,0.2691601543617194,0.27253631524933203,16,0.29200000000000004,19.711893558502197,0.02283984563828062
1,400,16,256,0.21836706837079367,0.1855891804844887,16,0.20770000000000002,37.567227840423584,0.010667068370793648
1,400,64,16,0.22533117329805208,0.46884744867713596,16,0.2207,4.340685606002808,0.0046311732980520715
1,400,64,32,0.42396556910207334,0.48922191339817395,16,0.45430000000000004,6.494066476821899,0.0303344308979267
1,400,64,64,0.20619111092542985,0.13337129639192985,16,0.1348,10.966323375701904,0.07139111092542985
1,400,64,128,0.4273355951396881,0.3121196072816261,16,0.4576,19.766091108322144,0.0302644048603119
1,400,64,256,0.23181489719761433,0.21602656813170285,16,0.2306,38.51886820793152,0.0012148971976143341
1,400,1,16,0.1745236753911723,0.10996708392327065,16,0.0981,3.945802927017212,0.0764236753911723
1,400,1,32,0.06057584444635655,0.14921691547082122,16,0.031900000000000005,5.749477386474609,0.028675844446356548
1,400,1,64,0.3438014868544,0.21421434042108972,16,0.30060000000000003,9.24188232421875,0.04320148685439995
1,400,1,128,0.05169261631548783,0.2708681627972968,16,0.0666,16.143420696258545,0.01490738368451218
1,400,1,256,0.1538540344635309,0.02480392099727169,16,0.2049,30.306953191757202,0.05104596553646909
1,400,4,16,0.3197688421092748,0.46111829729946674,16,0.27030000000000004,4.280152082443237,0.04946884210927477
1,400,4,32,0.011499916660061837,0.22198003385478765,16,0.1259,6.525887489318848,0.11440008333993817
1,400,4,64,0.44460342660383734,0.3152425654277437,16,0.432,11.130080223083496,0.012603426603837342
1,400,4,128,0.3239296402398837,0.07209964417789949,16,0.30510000000000004,19.630372524261475,0.01882964023988365
1,400,4,256,0.3023165673991763,0.0676884913807963,16,0.2174,36.19059157371521,0.08491656739917627
1,400,16,16,0.11838414599728586,0.20064826156785548,16,0.20270000000000002,4.233938932418823,0.08431585400271416
1,400,16,32,0.030962822024968917,0.2999006163167007,16,0.21780000000000002,6.36674952507019,0.1868371779750311
1,400,16,64,0.30234218912962435,0.1782641886415296,16,0.302,10.877527475357056,0.00034218912962435954
1,400,16,128,0.4878463978620477,0.2665682045106545,16,0.48660000000000003,19.749149084091187,0.0012463978620476657
1,400,16,256,0.24473945066793729,0.21122952971866543,16,0.2427,38.13994860649109,0.002039450667937287
1,400,64,16,0.26083726364711174,0.30758123048185027,16,0.2396,4.285374879837036,0.02123726364711173
1,400,64,32,0.41844075554548915,0.19401733536773896,16,0.4516,6.490327835083008,0.03315924445451085
1,400,64,64,0.02554599016335124,0.08891725906005976,16,0.013800000000000002,11.231544494628906,0.011745990163351238
1,400,64,128,0.030936390535349967,0.403768200886931,16,0.054200000000000005,20.066383361816406,0.023263609464650038
1,400,64,256,0.04012762594729913,0.015334397256581311,16,0.0233,38.487038373947144,0.016827625947299127
