N,T,edge_per_t,tot_edges,epsilon,epsilon0,mu,epsilon_estimated,time,distance_epsilon,method
100,100,1,100,0.4630907133532268,0.25,0.145558231158397,0.4638,0.5774581432342529,0.0007092866467732,msm_20_batches
100,464,1,464,0.459366717816803,0.25,0.1577300698705332,0.4649,1.0175328254699707,0.0055332821831969,msm_20_batches
100,2154,1,2154,0.1974378064617774,0.25,0.1742169664832256,0.1998,4.961806297302246,0.0023621935382225,msm_20_batches
100,10000,1,10000,0.4816312642203559,0.25,0.1244991804599842,0.4516,57.63279819488525,0.0300312642203559,msm_20_batches
464,100,1,100,0.0869778333402321,0.25,0.905809496008302,0.0956,0.3931386470794678,0.0086221666597678,msm_20_batches
464,464,1,464,0.0631647597198186,0.25,0.9899551783590737,0.0922,0.8064100742340088,0.0290352402801813,msm_20_batches
464,2154,1,2154,0.0675395790233656,0.25,0.6602808345086499,0.0749,5.192023277282715,0.0073604209766343,msm_20_batches
464,10000,1,10000,0.2528310828384483,0.25,0.146360081828459,0.2538,58.49133801460266,0.0009689171615516,msm_20_batches
2154,100,1,100,0.0107624026370989,0.25,0.9092932045442544,0.0099,0.349635362625122,0.0008624026370989,msm_20_batches
2154,464,1,464,0.4739851056088405,0.25,0.4008737323711209,0.4588,0.8238160610198975,0.0151851056088404,msm_20_batches
2154,2154,1,2154,0.4135577355853662,0.25,0.2319876325209255,0.403,4.07602596282959,0.0105577355853662,msm_20_batches
2154,10000,1,10000,0.0075094903710611,0.25,0.0346860341574245,0.0034,56.99582958221436,0.0041094903710611,msm_20_batches
10000,100,1,100,0.0880981277875276,0.25,0.119457050333729,0.0771,0.3920936584472656,0.0109981277875276,msm_20_batches
10000,464,1,464,0.1660317871834185,0.25,0.8126105880328287,0.1566,0.8204329013824463,0.0094317871834184,msm_20_batches
10000,2154,1,2154,0.0654984224054584,0.25,0.1362974683539862,0.0734,4.33051061630249,0.0079015775945415,msm_20_batches
10000,10000,1,10000,0.404745346063291,0.25,0.0528594965453801,0.3992,52.68224763870239,0.005545346063291,msm_20_batches
100,100,2,200,0.1723683263416467,0.25,0.8190891786335308,0.1601,0.4603109359741211,0.0122683263416467,msm_20_batches
100,464,2,928,0.4700537411666836,0.25,0.31058725179421,0.4842,1.0545275211334229,0.0141462588333164,msm_20_batches
100,2154,2,4308,0.29100708997354,0.25,0.4560898093282,0.302,6.768714427947998,0.0109929100264599,msm_20_batches
100,10000,2,20000,0.439415992205922,0.25,0.0266638702151635,0.4407,80.40878987312317,0.001284007794078,msm_20_batches
464,100,2,200,0.4223672226961109,0.25,0.5336533449712114,0.4363,0.4560630321502685,0.013932777303889,msm_20_batches
464,464,2,928,0.4526961593543246,0.25,0.3144670111858496,0.4323,1.2692091464996338,0.0203961593543245,msm_20_batches
464,2154,2,4308,0.2299401329084034,0.25,0.4228286124298224,0.2185,6.816089868545532,0.0114401329084034,msm_20_batches
464,10000,2,20000,0.2731734080101866,0.25,0.0366556643851234,0.2976,101.0712025165558,0.0244265919898133,msm_20_batches
2154,100,2,200,0.3993017955760197,0.25,0.4335923272731645,0.391,0.4656751155853271,0.0083017955760196,msm_20_batches
2154,464,2,928,0.1428594258670737,0.25,0.5122926922783614,0.1592,1.2251012325286863,0.0163405741329262,msm_20_batches
2154,2154,2,4308,0.2451267613099638,0.25,0.4358804444613339,0.2362,6.054586410522461,0.0089267613099638,msm_20_batches
2154,10000,2,20000,0.2995551538229392,0.25,0.003094900627115,0.3147,102.08613514900208,0.0151448461770608,msm_20_batches
10000,100,2,200,0.0077666377754178,0.25,0.7168786636316892,0.0192,0.4890673160552978,0.0114333622245821,msm_20_batches
10000,464,2,928,0.2967407040983186,0.25,0.8910189542923389,0.2891,1.1847734451293943,0.0076407040983185,msm_20_batches
10000,2154,2,4308,0.2168381744947291,0.25,0.0126681631928824,0.2084,7.735776662826538,0.0084381744947291,msm_20_batches
10000,10000,2,20000,0.4036802644424207,0.25,0.052205124725251,0.4051,127.8524820804596,0.0014197355575792,msm_20_batches
100,100,4,400,0.1576224015476864,0.25,0.3259898117700253,0.1269,0.5693738460540771,0.0307224015476864,msm_20_batches
100,464,4,1856,0.4464443542625756,0.25,0.8594893208655858,0.4291,2.011535167694092,0.0173443542625756,msm_20_batches
100,2154,4,8616,0.2889286076422677,0.25,0.1296463674379103,0.2766,12.647693157196043,0.0123286076422677,msm_20_batches
100,10000,4,40000,0.0920051008137325,0.25,0.0345113934081373,0.0957,186.4261448383332,0.0036948991862674,msm_20_batches
464,100,4,400,0.3939646169127521,0.25,0.4528534999515374,0.3775,0.787480354309082,0.0164646169127521,msm_20_batches
464,464,4,1856,0.3060155885224669,0.25,0.6283090375213571,0.3082,2.300888776779175,0.002184411477533,msm_20_batches
464,2154,4,8616,0.0269546360368764,0.25,0.067339102063005,0.0396,16.556068181991577,0.0126453639631235,msm_20_batches
464,10000,4,40000,0.2100968400005661,0.25,0.0004674288983257,0.2318,343.8845205307007,0.0217031599994338,msm_20_batches
2154,100,4,400,0.3395344182827148,0.25,0.5767559349870908,0.3163,1.4464890956878662,0.0232344182827147,msm_20_batches
2154,464,4,1856,0.4593008889887629,0.25,0.3114442141324628,0.438,4.056251764297485,0.0213008889887629,msm_20_batches
2154,2154,4,8616,0.0002010124456787,0.25,0.120071401694784,0.0029,28.63620901107788,0.0026989875543212,msm_20_batches
2154,10000,4,40000,0.4883795745155298,0.25,0.0458202926526948,0.4874,444.76964235305786,0.0009795745155298,msm_20_batches
10000,100,4,400,0.1882901573728872,0.25,0.426474788501396,0.2047,1.1402413845062256,0.0164098426271127,msm_20_batches
10000,464,4,1856,0.4868917691791612,0.25,0.2473960366023854,0.4505,4.8459649085998535,0.0363917691791612,msm_20_batches
10000,2154,4,8616,0.3023580504870265,0.25,0.0861870383656115,0.3127,26.422425985336304,0.0103419495129735,msm_20_batches
10000,10000,4,40000,0.4144229039903465,0.25,0.046593055831827,0.3679,396.1783332824707,0.0465229039903464,msm_20_batches
100,100,1,100,0.2873557523540511,0.25,0.9368683813090936,0.2919,0.6657290458679199,0.0045442476459488,msm_20_batches
100,464,1,464,0.3140380991536752,0.25,0.8443299485657132,0.2694,1.3587491512298584,0.0446380991536751,msm_20_batches
100,2154,1,2154,0.1427881408478469,0.25,0.8544164478232688,0.1329,9.93563151359558,0.0098881408478469,msm_20_batches
100,10000,1,10000,0.2934166703280415,0.25,0.0455800579902633,0.3062,147.0947117805481,0.0127833296719585,msm_20_batches
464,100,1,100,0.3750108818513299,0.25,0.0874822095535908,0.3974,1.4273653030395508,0.02238911814867,msm_20_batches
464,464,1,464,0.4291569182145212,0.25,0.2273097362846887,0.4332,2.350850820541382,0.0040430817854788,msm_20_batches
464,2154,1,2154,0.3775410942338401,0.25,0.2919002935135101,0.382,8.229816675186157,0.0044589057661599,msm_20_batches
464,10000,1,10000,0.3490286242236515,0.25,0.0349531752712623,0.3458,144.91391944885254,0.0032286242236514,msm_20_batches
2154,100,1,100,0.4322397150272999,0.25,0.6070941619724605,0.4425,1.114661455154419,0.0102602849727,msm_20_batches
2154,464,1,464,0.1613404984183732,0.25,0.4135864150011613,0.1315,2.307366132736206,0.0298404984183732,msm_20_batches
2154,2154,1,2154,0.3353943953937936,0.25,0.7579865476575804,0.3482,11.939740896224976,0.0128056046062063,msm_20_batches
2154,10000,1,10000,0.2254369682066745,0.25,0.0370260796538061,0.2376,203.87621355056763,0.0121630317933254,msm_20_batches
10000,100,1,100,0.1910513760157586,0.25,0.7018765297563104,0.1955,1.031322956085205,0.0044486239842413,msm_20_batches
10000,464,1,464,0.2054056749610928,0.25,0.2403556248491388,0.2279,2.461409091949463,0.0224943250389072,msm_20_batches
10000,2154,1,2154,0.2007397917347703,0.25,0.5331653563981984,0.2058,13.03387212753296,0.0050602082652297,msm_20_batches
10000,10000,1,10000,0.1586919729791384,0.25,0.0697975194441577,0.1809,206.6153004169464,0.0222080270208615,msm_20_batches
100,100,2,200,0.3109596839601507,0.25,0.0569643994828327,0.3017,1.0290324687957764,0.0092596839601507,msm_20_batches
100,464,2,928,0.2151236354106321,0.25,0.2288136709603758,0.2163,3.024689197540283,0.0011763645893678,msm_20_batches
100,2154,2,4308,0.4869010389636261,0.25,0.3083113070356515,0.4586,16.857616662979126,0.0283010389636261,msm_20_batches
100,10000,2,20000,0.3389004457171555,0.25,0.0497250093360531,0.3455,364.8819711208344,0.0065995542828444,msm_20_batches
464,100,2,200,0.0992849442135554,0.25,0.5190159840736788,0.0908,1.5150909423828125,0.0084849442135554,msm_20_batches
464,464,2,928,0.2133505046740164,0.25,0.1747201501089225,0.2196,4.277750730514526,0.0062494953259836,msm_20_batches
464,2154,2,4308,0.1716731198872115,0.25,0.2649562913399519,0.1786,21.82882595062256,0.0069268801127884,msm_20_batches
464,10000,2,20000,0.3988194019792833,0.25,0.099675342520821,0.398,408.3708596229553,0.0008194019792832,msm_20_batches
2154,100,2,200,0.4399991442817159,0.25,0.8168351087916219,0.4473,1.301138162612915,0.0073008557182841,msm_20_batches
2154,464,2,928,0.451920977913186,0.25,0.5943726238309778,0.434,3.1703081130981445,0.0179209779131859,msm_20_batches
2154,2154,2,4308,0.3313599061876311,0.25,0.4531054170524164,0.3332,16.05397868156433,0.0018400938123688,msm_20_batches
2154,10000,2,20000,0.1351041310148789,0.25,0.0901562584669321,0.1478,295.29606223106384,0.0126958689851211,msm_20_batches
10000,100,2,200,0.1261833507522948,0.25,0.5956079336026455,0.1329,0.917565107345581,0.0067166492477051,msm_20_batches
10000,464,2,928,0.4274489713487012,0.25,0.0324263253144571,0.4049,1.8783185482025144,0.0225489713487011,msm_20_batches
10000,2154,2,4308,0.2638573231543733,0.25,0.0434434056719966,0.2656,17.12141752243042,0.0017426768456266,msm_20_batches
10000,10000,2,20000,0.401080542002299,0.25,0.0065371715042226,0.4044,312.0156271457672,0.003319457997701,msm_20_batches
100,100,4,400,0.2862442585958031,0.25,0.4517331486914753,0.274,1.2281091213226318,0.0122442585958031,msm_20_batches
100,464,4,1856,0.3665712626437555,0.25,0.3754348331678577,0.373,3.8177552223205566,0.0064287373562444,msm_20_batches
100,2154,4,8616,0.2595058137320279,0.25,0.2264043719290358,0.2622,24.261926651000977,0.002694186267972,msm_20_batches
100,10000,4,40000,0.385441955250944,0.25,0.0083991646599807,0.3876,454.8744575977325,0.002158044749056,msm_20_batches
464,100,4,400,0.2844289953523577,0.25,0.9727875919326552,0.3468,1.105898141860962,0.0623710046476422,msm_20_batches
464,464,4,1856,0.2328549392959904,0.25,0.7674748688630131,0.2484,4.270381450653076,0.0155450607040095,msm_20_batches
464,2154,4,8616,0.1713444539766409,0.25,0.191327260822771,0.1836,24.72867512702942,0.0122555460233591,msm_20_batches
464,10000,4,40000,0.034104674208352,0.25,0.0316307908388998,0.0448,417.8922300338745,0.0106953257916479,msm_20_batches
2154,100,4,400,0.1889620896640499,0.25,0.668732770206732,0.1842,1.1927242279052734,0.0047620896640499,msm_20_batches
2154,464,4,1856,0.0398130388491261,0.25,0.4768823335211933,0.0478,4.348608016967773,0.0079869611508738,msm_20_batches
2154,2154,4,8616,0.4914085568652225,0.25,0.003049293621883,0.4755,26.059584140777588,0.0159085568652224,msm_20_batches
2154,10000,4,40000,0.0908064256653818,0.25,0.0176503042770912,0.0828,388.751250743866,0.0080064256653818,msm_20_batches
10000,100,4,400,0.4059293488602699,0.25,0.4920718014935584,0.3503,1.4645957946777344,0.0556293488602698,msm_20_batches
10000,464,4,1856,0.437480822477949,0.25,0.7300912110901043,0.4739,4.388948440551758,0.0364191775220509,msm_20_batches
10000,2154,4,8616,0.3442066261929716,0.25,0.1087809523551785,0.3412,22.15187740325928,0.0030066261929716,msm_20_batches
10000,10000,4,40000,0.2847472063726878,0.25,0.0228702458044715,0.2634,401.8811106681824,0.0213472063726878,msm_20_batches
100,100,1,100,0.0804857184078043,0.25,0.1376627409456031,0.1332,1.0328154563903809,0.0527142815921956,msm_20_batches
100,464,1,464,0.2334400113816531,0.25,0.0108887338034789,0.2515,2.153074264526367,0.0180599886183468,msm_20_batches
100,2154,1,2154,0.1725860255776075,0.25,0.7040652372116957,0.1704,9.27747368812561,0.0021860255776074,msm_20_batches
100,10000,1,10000,0.1125199789070423,0.25,0.0639905676155356,0.1037,265.0518982410431,0.0088199789070422,msm_20_batches
464,100,1,100,0.2962559343828984,0.25,0.9843834501935108,0.3071,1.0029375553131104,0.0108440656171016,msm_20_batches
464,464,1,464,0.1561349188509584,0.25,0.220234226159156,0.1593,2.283677577972412,0.0031650811490415,msm_20_batches
464,2154,1,2154,0.4581527767341753,0.25,0.3144921313664621,0.4614,8.543320178985596,0.0032472232658246,msm_20_batches
464,10000,1,10000,0.4548177624757785,0.25,0.1047792271332263,0.4479,155.80202746391296,0.0069177624757785,msm_20_batches
2154,100,1,100,0.1285591468910981,0.25,0.7548914570605327,0.1329,0.8988039493560791,0.0043408531089019,msm_20_batches
2154,464,1,464,0.0554456503720146,0.25,0.4638577839002956,0.0855,1.549098253250122,0.0300543496279854,msm_20_batches
2154,2154,1,2154,0.0964813660095564,0.25,0.1158983687202194,0.0835,9.162850379943848,0.0129813660095564,msm_20_batches
2154,10000,1,10000,0.249792085339443,0.25,0.0625002756984099,0.2406,163.60418224334717,0.009192085339443,msm_20_batches
10000,100,1,100,0.3642928339872981,0.25,0.5045191697009946,0.3685,0.9600589275360109,0.0042071660127018,msm_20_batches
10000,464,1,464,0.1040972192043957,0.25,0.6738490080168676,0.102,1.6476807594299316,0.0020972192043957,msm_20_batches
10000,2154,1,2154,0.1240167791886153,0.25,0.7150881674206984,0.1188,8.869200468063354,0.0052167791886153,msm_20_batches
10000,10000,1,10000,0.4258359374681835,0.25,0.0260671561908708,0.4174,144.01457357406616,0.0084359374681834,msm_20_batches
100,100,2,200,0.2079243591337636,0.25,0.0229151313223817,0.2268,1.0035080909729004,0.0188756408662363,msm_20_batches
100,464,2,928,0.3083425335776181,0.25,0.5190823222119895,0.3123,1.7744436264038086,0.0039574664223819,msm_20_batches
100,2154,2,4308,0.116833069619625,0.25,0.376039327141326,0.1207,11.327468872070312,0.0038669303803749,msm_20_batches
100,10000,2,20000,0.0509836297128987,0.25,0.0012603767029876,0.0334,199.0963122844696,0.0175836297128987,msm_20_batches
464,100,2,200,0.2579285084842649,0.25,0.6724698446537339,0.2468,0.9584102630615234,0.0111285084842648,msm_20_batches
464,464,2,928,0.2385704935248911,0.25,0.6868082266569918,0.2415,3.0758612155914307,0.0029295064751088,msm_20_batches
464,2154,2,4308,0.0763358220465816,0.25,0.2085639524543349,0.0778,14.191986083984377,0.0014641779534183,msm_20_batches
464,10000,2,20000,0.3109031158702077,0.25,0.0914788686741934,0.3298,227.8413569927216,0.0188968841297922,msm_20_batches
2154,100,2,200,0.272005059406969,0.25,0.6443610847569929,0.2968,0.7245047092437744,0.0247949405930309,msm_20_batches
2154,464,2,928,0.3270686734853721,0.25,0.0052398376514658,0.3154,2.360671281814575,0.0116686734853721,msm_20_batches
2154,2154,2,4308,0.0722727700623299,0.25,0.224897142764334,0.0758,9.85364055633545,0.0035272299376701,msm_20_batches
2154,10000,2,20000,0.3757639085676219,0.25,0.08593178060976,0.387,225.02298283576965,0.011236091432378,msm_20_batches
10000,100,2,200,0.1110245698999613,0.25,0.8303995700373394,0.1293,1.2080979347229004,0.0182754301000386,msm_20_batches
10000,464,2,928,0.2596759121830165,0.25,0.6491541971124779,0.2628,2.469179153442383,0.0031240878169835,msm_20_batches
10000,2154,2,4308,0.3926480141108094,0.25,0.312766213509114,0.4034,14.807519435882568,0.0107519858891905,msm_20_batches
10000,10000,2,20000,0.011165213995903,0.25,0.05784995797892,0.0028,213.49305081367493,0.008365213995903,msm_20_batches
100,100,4,400,0.1621812298630932,0.25,0.2741197751668521,0.1983,0.8593285083770752,0.0361187701369067,msm_20_batches
100,464,4,1856,0.4364611882000555,0.25,0.5605299905360588,0.453,2.5167598724365234,0.0165388117999444,msm_20_batches
100,2154,4,8616,0.4223548038010348,0.25,0.1559261338944801,0.3809,26.480811595916748,0.0414548038010347,msm_20_batches
100,10000,4,40000,0.2692202962972718,0.25,0.0176214815108204,0.2793,393.80952501297,0.0100797037027281,msm_20_batches
464,100,4,400,0.4333041370832565,0.25,0.8558283672539277,0.4378,1.3896875381469729,0.0044958629167435,msm_20_batches
464,464,4,1856,0.4749029956768132,0.25,0.1950374860087073,0.4464,3.3933799266815186,0.0285029956768132,msm_20_batches
464,2154,4,8616,0.4132034988146706,0.25,0.1734727971986822,0.4183,29.140538454055783,0.0050965011853293,msm_20_batches
464,10000,4,40000,0.4270577219182693,0.25,0.0144801373093438,0.4235,426.7237498760224,0.0035577219182693,msm_20_batches
2154,100,4,400,0.0493717009101741,0.25,0.773799287244182,0.0776,1.0361013412475586,0.0282282990898258,msm_20_batches
2154,464,4,1856,0.3256521661704955,0.25,0.4277373293360762,0.3145,3.32913875579834,0.0111521661704955,msm_20_batches
2154,2154,4,8616,0.3517584940763265,0.25,0.1874880243993058,0.337,28.64943051338196,0.0147584940763264,msm_20_batches
2154,10000,4,40000,0.3051204063233148,0.25,0.0176767431333995,0.3327,425.5195574760437,0.0275795936766851,msm_20_batches
10000,100,4,400,0.399807630868014,0.25,0.2136932376295811,0.447,1.2604827880859375,0.0471923691319859,msm_20_batches
10000,464,4,1856,0.0172856099358171,0.25,0.7672845084217665,0.0216,4.803245544433594,0.0043143900641828,msm_20_batches
10000,2154,4,8616,0.3851193672774899,0.25,0.0716439061352486,0.3729,22.409188985824585,0.0122193672774899,msm_20_batches
10000,10000,4,40000,0.3658643003697635,0.25,0.0366622533863213,0.3709,381.2412781715393,0.0050356996302365,msm_20_batches
100,100,1,100,0.1298491966491765,0.25,0.7444731530777321,0.1353,1.1623334884643557,0.0054508033508234,msm_20_batches
100,464,1,464,0.1285346494110733,0.25,0.221396700908201,0.1248,1.3014194965362549,0.0037346494110733,msm_20_batches
100,2154,1,2154,0.3161516587150639,0.25,0.1988042124611406,0.3046,6.976763010025024,0.0115516587150638,msm_20_batches
100,10000,1,10000,0.1726487307955407,0.25,0.0397895846854133,0.1658,142.6862771511078,0.0068487307955407,msm_20_batches
464,100,1,100,0.3982943390036437,0.25,0.1425183377658446,0.4207,0.8251833915710449,0.0224056609963562,msm_20_batches
464,464,1,464,0.2230731160017286,0.25,0.3770825992073341,0.2206,2.2070798873901367,0.0024731160017286,msm_20_batches
464,2154,1,2154,0.3913747073920859,0.25,0.0247241269188685,0.3816,7.094211101531982,0.0097747073920859,msm_20_batches
464,10000,1,10000,0.4952358918119203,0.25,0.0221840738068481,0.4999,153.70130610466003,0.0046641081880796,msm_20_batches
2154,100,1,100,0.15012416976695,0.25,0.6745640237634105,0.1644,1.091156005859375,0.0142758302330499,msm_20_batches
2154,464,1,464,0.0715029141290496,0.25,0.7997765368973863,0.0666,1.7069368362426758,0.0049029141290496,msm_20_batches
2154,2154,1,2154,0.4506542181746369,0.25,0.0747720771851308,0.4744,8.08747911453247,0.0237457818253631,msm_20_batches
2154,10000,1,10000,0.2707796894436866,0.25,0.0463404620971584,0.2641,137.85308241844177,0.0066796894436866,msm_20_batches
10000,100,1,100,0.4873701854275411,0.25,0.2076256618038143,0.4918,1.2131271362304688,0.0044298145724588,msm_20_batches
10000,464,1,464,0.3183022000009486,0.25,0.9173335630816306,0.3225,2.235102653503418,0.0041977999990513,msm_20_batches
10000,2154,1,2154,0.4969565123052394,0.25,0.6604591626151223,0.4848,8.624372482299805,0.0121565123052394,msm_20_batches
10000,10000,1,10000,0.2730354020714758,0.25,0.1107769222102828,0.2669,194.4049253463745,0.0061354020714757,msm_20_batches
100,100,2,200,0.2632129669527606,0.25,0.3045179879206202,0.2686,1.1848974227905271,0.0053870330472393,msm_20_batches
100,464,2,928,0.0677139515360849,0.25,0.8348540476317985,0.07,3.0902349948883057,0.002286048463915,msm_20_batches
100,2154,2,4308,0.1778525854919405,0.25,0.2020919023349675,0.1662,11.647860050201416,0.0116525854919405,msm_20_batches
100,10000,2,20000,0.0131092836481866,0.25,0.0923456215118775,0.0091,272.84172534942627,0.0040092836481866,msm_20_batches
464,100,2,200,0.0801975897598245,0.25,0.7060518043359332,0.0961,1.0089292526245115,0.0159024102401754,msm_20_batches
464,464,2,928,0.372818596353748,0.25,0.4780313079652833,0.3505,2.929935932159424,0.022318596353748,msm_20_batches
464,2154,2,4308,0.0151998449643944,0.25,0.0585933629291358,0.008,14.921107530593872,0.0071998449643944,msm_20_batches
464,10000,2,20000,0.1832715486218721,0.25,0.0976043550467747,0.1868,249.3364872932434,0.0035284513781278,msm_20_batches
2154,100,2,200,0.431173126419022,0.25,0.1598336503440933,0.4413,1.0263142585754397,0.0101268735809779,msm_20_batches
2154,464,2,928,0.3463388587536771,0.25,0.2026021252196626,0.3677,3.697859525680542,0.0213611412463228,msm_20_batches
2154,2154,2,4308,0.3454710710330843,0.25,0.2001772308079716,0.3582,17.75840711593628,0.0127289289669157,msm_20_batches
2154,10000,2,20000,0.0943184004776554,0.25,0.0404201905775147,0.1013,208.65600895881653,0.0069815995223445,msm_20_batches
10000,100,2,200,0.2209521403742116,0.25,0.1467514807642941,0.2365,0.7312324047088623,0.0155478596257883,msm_20_batches
10000,464,2,928,0.2907887036721456,0.25,0.7293189193611234,0.2984,2.5229976177215576,0.0076112963278544,msm_20_batches
10000,2154,2,4308,0.4948758538318526,0.25,0.0876253792373193,0.4882,13.146313667297363,0.0066758538318525,msm_20_batches
10000,10000,2,20000,0.1019531126165609,0.25,0.0643895644311662,0.1107,196.2658278942108,0.008746887383439,msm_20_batches
100,100,4,400,0.1238664508811774,0.25,0.7543059505762987,0.1096,1.6806247234344482,0.0142664508811774,msm_20_batches
100,464,4,1856,0.1310865418864559,0.25,0.2107323920833207,0.165,3.81217885017395,0.033913458113544,msm_20_batches
100,2154,4,8616,0.3750862066489964,0.25,0.1394972720769823,0.3917,27.1174864768982,0.0166137933510036,msm_20_batches
100,10000,4,40000,0.2284876637178464,0.25,0.0374464187622918,0.2182,399.8730971813202,0.0102876637178463,msm_20_batches
464,100,4,400,0.0284647192055474,0.25,0.6382187106203334,0.0221,1.310260772705078,0.0063647192055474,msm_20_batches
464,464,4,1856,0.2542581203051198,0.25,0.5971273029466491,0.2776,2.0345447063446045,0.0233418796948802,msm_20_batches
464,2154,4,8616,0.1059800823218379,0.25,0.0685892027983976,0.1151,22.73506212234497,0.009119917678162,msm_20_batches
464,10000,4,40000,0.3993021223801051,0.25,0.0365803235620754,0.3881,339.88210105896,0.011202122380105,msm_20_batches
2154,100,4,400,0.1486656907536361,0.25,0.9453084399999496,0.1478,1.6405000686645508,0.0008656907536361,msm_20_batches
2154,464,4,1856,0.0138030059772518,0.25,0.4255613902615469,0.0217,3.389014720916748,0.0078969940227481,msm_20_batches
2154,2154,4,8616,0.2967162247323105,0.25,0.1815649528392305,0.2819,21.76568555831909,0.0148162247323104,msm_20_batches
2154,10000,4,40000,0.4219202144655944,0.25,0.0028070519830957,0.4141,359.14478516578674,0.0078202144655943,msm_20_batches
10000,100,4,400,0.1905080620311071,0.25,0.8352716024899659,0.1873,1.3365483283996582,0.003208062031107,msm_20_batches
10000,464,4,1856,0.3749291553630717,0.25,0.1922500168221477,0.3388,3.818293809890747,0.0361291553630717,msm_20_batches
10000,2154,4,8616,0.2555707391485641,0.25,0.0917123651090931,0.246,22.06580662727356,0.009570739148564,msm_20_batches
10000,10000,4,40000,0.2704759024810943,0.25,0.0150040522962678,0.255,365.65021276474,0.0154759024810943,msm_20_batches
100,100,1,100,0.4797171605308762,0.25,0.0801036438060492,0.4416,1.018955945968628,0.0381171605308761,msm_20_batches
100,464,1,464,0.4019804457493234,0.25,0.9046310029362428,0.3792,1.2148220539093018,0.0227804457493233,msm_20_batches
100,2154,1,2154,0.0161615333117869,0.25,0.3436900441538888,0.0169,5.079550504684448,0.000738466688213,msm_20_batches
100,10000,1,10000,0.3546936256156475,0.25,0.1061394876952279,0.3457,151.8356900215149,0.0089936256156475,msm_20_batches
464,100,1,100,0.232500740781753,0.25,0.494116265896325,0.2566,1.2695326805114746,0.0240992592182469,msm_20_batches
464,464,1,464,0.4737744706975499,0.25,0.1321611419429381,0.4472,2.19827938079834,0.0265744706975498,msm_20_batches
464,2154,1,2154,0.1107163671617441,0.25,0.1916936479939025,0.1229,6.885133504867554,0.0121836328382558,msm_20_batches
464,10000,1,10000,0.1335360098421829,0.25,0.0152377618064642,0.1373,145.39899373054504,0.0037639901578171,msm_20_batches
2154,100,1,100,0.040736982438631,0.25,0.5079216999452875,0.0515,1.0303947925567627,0.010763017561369,msm_20_batches
2154,464,1,464,0.2143094143318932,0.25,0.2615495518329871,0.2213,1.5144667625427246,0.0069905856681067,msm_20_batches
2154,2154,1,2154,0.0545093820095341,0.25,0.3315335272820723,0.0653,8.32829761505127,0.0107906179904658,msm_20_batches
2154,10000,1,10000,0.3168933803059589,0.25,0.0216130657394473,0.317,155.40288257598877,0.000106619694041,msm_20_batches
10000,100,1,100,0.4014816186868689,0.25,0.7875518396525072,0.4068,1.0747780799865725,0.005318381313131,msm_20_batches
10000,464,1,464,0.3484002480600892,0.25,0.1065838767888011,0.3235,1.2012546062469482,0.0249002480600892,msm_20_batches
10000,2154,1,2154,0.3831056905378852,0.25,0.9152356766139162,0.377,7.92107367515564,0.0061056905378852,msm_20_batches
10000,10000,1,10000,0.1712270599217599,0.25,0.0354322328876834,0.1569,150.7154097557068,0.0143270599217598,msm_20_batches
100,100,2,200,0.4229257415138388,0.25,0.5724051124346493,0.4389,1.25858736038208,0.0159742584861611,msm_20_batches
100,464,2,928,0.2143843874997212,0.25,0.0448453345890881,0.2221,2.162451982498169,0.0077156125002787,msm_20_batches
100,2154,2,4308,0.4120049352061594,0.25,0.365420747286831,0.4337,13.766282320022585,0.0216950647938406,msm_20_batches
100,10000,2,20000,0.3132480793121469,0.25,0.0189605947818296,0.3241,176.15876746177673,0.0108519206878531,msm_20_batches
464,100,2,200,0.0717115243351224,0.25,0.5279039784081266,0.0736,1.191648244857788,0.0018884756648775,msm_20_batches
464,464,2,928,0.0391934499274739,0.25,0.7400775431590716,0.0432,1.791351318359375,0.004006550072526,msm_20_batches
464,2154,2,4308,0.0091663214565036,0.25,0.0696060747062469,0.0079,10.197940111160278,0.0012663214565036,msm_20_batches
464,10000,2,20000,0.0333624988196782,0.25,0.0551087174186971,0.0421,184.3925278186798,0.0087375011803217,msm_20_batches
2154,100,2,200,0.2292919068542159,0.25,0.2166172083287794,0.2206,0.8614394664764404,0.0086919068542158,msm_20_batches
2154,464,2,928,0.0566709613837952,0.25,0.7591960493171447,0.0574,1.4595158100128174,0.0007290386162047,msm_20_batches
2154,2154,2,4308,0.0138916744243349,0.25,0.3356152244922069,0.0117,13.773993492126465,0.0021916744243349,msm_20_batches
2154,10000,2,20000,0.3774307406952337,0.25,0.0176549034277083,0.3893,182.63601303100583,0.0118692593047663,msm_20_batches
10000,100,2,200,0.1974252402303197,0.25,0.8619665576670734,0.194,0.883056640625,0.0034252402303197,msm_20_batches
10000,464,2,928,0.3734692478037625,0.25,0.0197750995163442,0.3687,1.865616798400879,0.0047692478037625,msm_20_batches
10000,2154,2,4308,0.2262024133732257,0.25,0.3993672225734054,0.2227,10.925688743591309,0.0035024133732257,msm_20_batches
10000,10000,2,20000,0.2250433735003805,0.25,0.0558903811160938,0.2134,197.7629656791687,0.0116433735003805,msm_20_batches
100,100,4,400,0.2390362533589154,0.25,0.4032204721058492,0.1989,0.9091756343841552,0.0401362533589154,msm_20_batches
100,464,4,1856,0.237001963281097,0.25,0.7587469310223366,0.2226,2.4125609397888184,0.0144019632810969,msm_20_batches
100,2154,4,8616,0.4015816710570848,0.25,0.1664180598171935,0.3643,16.241029262542725,0.0372816710570848,msm_20_batches
100,10000,4,40000,0.2011962599288679,0.25,0.0493663087404213,0.196,259.3289649486542,0.0051962599288679,msm_20_batches
464,100,4,400,0.4523430801718115,0.25,0.2780850486129828,0.4408,0.8299260139465332,0.0115430801718114,msm_20_batches
464,464,4,1856,0.0185305239770179,0.25,0.0037936724093425,0.0822,2.802390813827514,0.063669476022982,msm_20_batches
464,2154,4,8616,0.3869371713602093,0.25,0.2167833352634373,0.3991,14.422531604766846,0.0121628286397906,msm_20_batches
464,10000,4,40000,0.0628206905688694,0.25,0.0428948552268946,0.072,257.36625623703003,0.0091793094311306,msm_20_batches
2154,100,4,400,0.3092567834560427,0.25,0.7288508775192559,0.2838,1.1481666564941406,0.0254567834560427,msm_20_batches
2154,464,4,1856,0.0051821306676159,0.25,0.5166887829215384,0.031,1.917961597442627,0.025817869332384,msm_20_batches
2154,2154,4,8616,0.2693136412881735,0.25,0.1641031209955341,0.2471,14.304319858551024,0.0222136412881734,msm_20_batches
2154,10000,4,40000,0.0015089783097981,0.25,0.0390264778438371,0.007,236.2622365951538,0.0054910216902018,msm_20_batches
10000,100,4,400,0.4755968927451022,0.25,0.3748759435368594,0.4839,0.5958187580108643,0.0083031072548977,msm_20_batches
10000,464,4,1856,0.452701016851389,0.25,0.7703225253299576,0.4965,1.8378615379333496,0.0437989831486109,msm_20_batches
10000,2154,4,8616,0.3979834709711347,0.25,0.1742396284064938,0.3733,12.40026307106018,0.0246834709711346,msm_20_batches
10000,10000,4,40000,0.4576371599573937,0.25,0.0306605605772129,0.4594,199.7091324329376,0.0017628400426062,msm_20_batches
100,100,1,100,0.4630907133532268,0.25,0.145558231158397,0.4719,1.2604200839996338,0.0088092866467732,msm_50_batches
100,464,1,464,0.459366717816803,0.25,0.1577300698705332,0.4689,2.871192693710327,0.0095332821831969,msm_50_batches
100,2154,1,2154,0.1974378064617774,0.25,0.1742169664832256,0.1884,11.449727058410645,0.0090378064617774,msm_50_batches
100,10000,1,10000,0.4816312642203559,0.25,0.1244991804599842,0.4598,159.41572761535645,0.0218312642203558,msm_50_batches
464,100,1,100,0.0869778333402321,0.25,0.905809496008302,0.0956,1.253861427307129,0.0086221666597678,msm_50_batches
464,464,1,464,0.0631647597198186,0.25,0.9899551783590737,0.0825,2.053422451019287,0.0193352402801813,msm_50_batches
464,2154,1,2154,0.0675395790233656,0.25,0.6602808345086499,0.0662,13.31479549407959,0.0013395790233656,msm_50_batches
464,10000,1,10000,0.2528310828384483,0.25,0.146360081828459,0.2515,151.0092911720276,0.0013310828384483,msm_50_batches
2154,100,1,100,0.0107624026370989,0.25,0.9092932045442544,0.0125,0.9946837425231934,0.001737597362901,msm_50_batches
2154,464,1,464,0.4739851056088405,0.25,0.4008737323711209,0.4643,2.6172165870666504,0.0096851056088404,msm_50_batches
2154,2154,1,2154,0.4135577355853662,0.25,0.2319876325209255,0.4218,10.792978763580322,0.0082422644146337,msm_50_batches
2154,10000,1,10000,0.0075094903710611,0.25,0.0346860341574245,0.0144,131.54379153251648,0.0068905096289388,msm_50_batches
10000,100,1,100,0.0880981277875276,0.25,0.119457050333729,0.0981,1.123880386352539,0.0100018722124723,msm_50_batches
10000,464,1,464,0.1660317871834185,0.25,0.8126105880328287,0.1604,2.265288591384888,0.0056317871834184,msm_50_batches
10000,2154,1,2154,0.0654984224054584,0.25,0.1362974683539862,0.0683,10.646856546401978,0.0028015775945415,msm_50_batches
10000,10000,1,10000,0.404745346063291,0.25,0.0528594965453801,0.4006,119.50466322898863,0.004145346063291,msm_50_batches
100,100,2,200,0.1723683263416467,0.25,0.8190891786335308,0.1557,1.140509843826294,0.0166683263416467,msm_50_batches
100,464,2,928,0.4700537411666836,0.25,0.31058725179421,0.4735,2.925134420394897,0.0034462588333164,msm_50_batches
100,2154,2,4308,0.29100708997354,0.25,0.4560898093282,0.2993,16.50780177116394,0.0082929100264599,msm_50_batches
100,10000,2,20000,0.439415992205922,0.25,0.0266638702151635,0.4424,242.2319183349609,0.0029840077940779,msm_50_batches
464,100,2,200,0.4223672226961109,0.25,0.5336533449712114,0.4314,1.1194572448730469,0.009032777303889,msm_50_batches
464,464,2,928,0.4526961593543246,0.25,0.3144670111858496,0.4465,2.9502670764923096,0.0061961593543246,msm_50_batches
464,2154,2,4308,0.2299401329084034,0.25,0.4228286124298224,0.2318,16.986401557922363,0.0018598670915965,msm_50_batches
464,10000,2,20000,0.2731734080101866,0.25,0.0366556643851234,0.2765,257.8215653896332,0.0033265919898133,msm_50_batches
2154,100,2,200,0.3993017955760197,0.25,0.4335923272731645,0.4201,1.1720714569091797,0.0207982044239803,msm_50_batches
2154,464,2,928,0.1428594258670737,0.25,0.5122926922783614,0.1457,3.040172815322876,0.0028405741329262,msm_50_batches
2154,2154,2,4308,0.2451267613099638,0.25,0.4358804444613339,0.2501,17.135444164276123,0.0049732386900361,msm_50_batches
2154,10000,2,20000,0.2995551538229392,0.25,0.003094900627115,0.2992,244.1918413639069,0.0003551538229391,msm_50_batches
10000,100,2,200,0.0077666377754178,0.25,0.7168786636316892,0.0249,1.2510430812835691,0.0171333622245821,msm_50_batches
10000,464,2,928,0.2967407040983186,0.25,0.8910189542923389,0.2986,3.006431818008423,0.0018592959016814,msm_50_batches
10000,2154,2,4308,0.2168381744947291,0.25,0.0126681631928824,0.2078,18.84572982788086,0.0090381744947291,msm_50_batches
10000,10000,2,20000,0.4036802644424207,0.25,0.052205124725251,0.3993,287.68513560295105,0.0043802644424206,msm_50_batches
100,100,4,400,0.1576224015476864,0.25,0.3259898117700253,0.1222,1.7590696811676023,0.0354224015476864,msm_50_batches
100,464,4,1856,0.4464443542625756,0.25,0.8594893208655858,0.4311,4.772326469421387,0.0153443542625756,msm_50_batches
100,2154,4,8616,0.2889286076422677,0.25,0.1296463674379103,0.2836,30.076788663864136,0.0053286076422677,msm_50_batches
100,10000,4,40000,0.0920051008137325,0.25,0.0345113934081373,0.0698,806.738171339035,0.0222051008137325,msm_50_batches
464,100,4,400,0.3939646169127521,0.25,0.4528534999515374,0.3853,2.300855875015259,0.0086646169127521,msm_50_batches
464,464,4,1856,0.3060155885224669,0.25,0.6283090375213571,0.3084,6.967962265014648,0.002384411477533,msm_50_batches
464,2154,4,8616,0.0269546360368764,0.25,0.067339102063005,0.0355,37.6328821182251,0.0085453639631235,msm_50_batches
464,10000,4,40000,0.2100968400005661,0.25,0.0004674288983257,0.226,1257.154329538345,0.0159031599994338,msm_50_batches
2154,100,4,400,0.3395344182827148,0.25,0.5767559349870908,0.3506,3.824737548828125,0.0110655817172852,msm_50_batches
2154,464,4,1856,0.4593008889887629,0.25,0.3114442141324628,0.4487,9.885668754577637,0.0106008889887628,msm_50_batches
2154,2154,4,8616,0.0002010124456787,0.25,0.120071401694784,0.0077,65.1640977859497,0.0074989875543212,msm_50_batches
2154,10000,4,40000,0.4883795745155298,0.25,0.0458202926526948,0.4876,1065.6899554729462,0.0007795745155297,msm_50_batches
10000,100,4,400,0.1882901573728872,0.25,0.426474788501396,0.2095,3.5981554985046387,0.0212098426271127,msm_50_batches
10000,464,4,1856,0.4868917691791612,0.25,0.2473960366023854,0.4481,11.806320190429688,0.0387917691791612,msm_50_batches
10000,2154,4,8616,0.3023580504870265,0.25,0.0861870383656115,0.316,68.51245355606079,0.0136419495129734,msm_50_batches
10000,10000,4,40000,0.4144229039903465,0.25,0.046593055831827,0.4164,1070.0157458782196,0.0019770960096535,msm_50_batches
100,100,1,100,0.2873557523540511,0.25,0.9368683813090936,0.3059,1.9206933975219729,0.0185442476459488,msm_50_batches
100,464,1,464,0.3140380991536752,0.25,0.8443299485657132,0.2904,4.789102792739868,0.0236380991536752,msm_50_batches
100,2154,1,2154,0.1427881408478469,0.25,0.8544164478232688,0.1429,24.425893783569336,0.000111859152153,msm_50_batches
100,10000,1,10000,0.2934166703280415,0.25,0.0455800579902633,0.2967,406.8109166622162,0.0032833296719585,msm_50_batches
464,100,1,100,0.3750108818513299,0.25,0.0874822095535908,0.3853,3.052885770797729,0.01028911814867,msm_50_batches
464,464,1,464,0.4291569182145212,0.25,0.2273097362846887,0.4333,5.5199010372161865,0.0041430817854788,msm_50_batches
464,2154,1,2154,0.3775410942338401,0.25,0.2919002935135101,0.3843,23.419448375701904,0.0067589057661599,msm_50_batches
464,10000,1,10000,0.3490286242236515,0.25,0.0349531752712623,0.3514,534.5540661811829,0.0023713757763484,msm_50_batches
2154,100,1,100,0.4322397150272999,0.25,0.6070941619724605,0.4424,3.284209728240967,0.0101602849727001,msm_50_batches
2154,464,1,464,0.1613404984183732,0.25,0.4135864150011613,0.1504,5.888079881668091,0.0109404984183732,msm_50_batches
2154,2154,1,2154,0.3353943953937936,0.25,0.7579865476575804,0.342,27.07663655281067,0.0066056046062064,msm_50_batches
2154,10000,1,10000,0.2254369682066745,0.25,0.0370260796538061,0.2214,520.8132121562958,0.0040369682066745,msm_50_batches
10000,100,1,100,0.1910513760157586,0.25,0.7018765297563104,0.1665,2.523106813430786,0.0245513760157586,msm_50_batches
10000,464,1,464,0.2054056749610928,0.25,0.2403556248491388,0.2063,5.825674772262573,0.0008943250389072,msm_50_batches
10000,2154,1,2154,0.2007397917347703,0.25,0.5331653563981984,0.2118,29.723917484283447,0.0110602082652297,msm_50_batches
10000,10000,1,10000,0.1586919729791384,0.25,0.0697975194441577,0.1585,651.0156326293945,0.0001919729791384,msm_50_batches
100,100,2,200,0.3109596839601507,0.25,0.0569643994828327,0.2957,2.258539915084839,0.0152596839601507,msm_50_batches
100,464,2,928,0.2151236354106321,0.25,0.2288136709603758,0.2178,7.70136570930481,0.0026763645893678,msm_50_batches
100,2154,2,4308,0.4869010389636261,0.25,0.3083113070356515,0.4476,45.06653308868408,0.0393010389636261,msm_50_batches
100,10000,2,20000,0.3389004457171555,0.25,0.0497250093360531,0.3422,1039.6353800296783,0.0032995542828444,msm_50_batches
464,100,2,200,0.0992849442135554,0.25,0.5190159840736788,0.0885,5.395024538040161,0.0107849442135554,msm_50_batches
464,464,2,928,0.2133505046740164,0.25,0.1747201501089225,0.2224,9.28221583366394,0.0090494953259836,msm_50_batches
464,2154,2,4308,0.1716731198872115,0.25,0.2649562913399519,0.1783,59.39964938163757,0.0066268801127885,msm_50_batches
464,10000,2,20000,0.3988194019792833,0.25,0.099675342520821,0.3958,1072.611071586609,0.0030194019792832,msm_50_batches
2154,100,2,200,0.4399991442817159,0.25,0.8168351087916219,0.4625,3.766288280487061,0.0225008557182841,msm_50_batches
2154,464,2,928,0.451920977913186,0.25,0.5943726238309778,0.4515,7.936123132705688,0.0004209779131859,msm_50_batches
2154,2154,2,4308,0.3313599061876311,0.25,0.4531054170524164,0.335,43.71649980545044,0.0036400938123689,msm_50_batches
2154,10000,2,20000,0.1351041310148789,0.25,0.0901562584669321,0.1342,661.0103876590729,0.0009041310148788,msm_50_batches
10000,100,2,200,0.1261833507522948,0.25,0.5956079336026455,0.1401,3.3311338424682617,0.0139166492477051,msm_50_batches
10000,464,2,928,0.4274489713487012,0.25,0.0324263253144571,0.4187,5.824597358703613,0.0087489713487011,msm_50_batches
10000,2154,2,4308,0.2638573231543733,0.25,0.0434434056719966,0.259,39.35070610046387,0.0048573231543733,msm_50_batches
10000,10000,2,20000,0.401080542002299,0.25,0.0065371715042226,0.3985,630.8654747009277,0.002580542002299,msm_50_batches
100,100,4,400,0.2862442585958031,0.25,0.4517331486914753,0.2971,3.793170928955078,0.0108557414041968,msm_50_batches
100,464,4,1856,0.3665712626437555,0.25,0.3754348331678577,0.3436,11.64785122871399,0.0229712626437555,msm_50_batches
100,2154,4,8616,0.2595058137320279,0.25,0.2264043719290358,0.2682,64.96151375770569,0.008694186267972,msm_50_batches
100,10000,4,40000,0.385441955250944,0.25,0.0083991646599807,0.3762,1016.7356374263765,0.0092419552509439,msm_50_batches
464,100,4,400,0.2844289953523577,0.25,0.9727875919326552,0.3358,3.257008552551269,0.0513710046476422,msm_50_batches
464,464,4,1856,0.2328549392959904,0.25,0.7674748688630131,0.254,9.421390533447266,0.0211450607040095,msm_50_batches
464,2154,4,8616,0.1713444539766409,0.25,0.191327260822771,0.17,62.244354486465454,0.0013444539766408,msm_50_batches
464,10000,4,40000,0.034104674208352,0.25,0.0316307908388998,0.0342,993.1892292499542,9.532579164794192e-05,msm_50_batches
2154,100,4,400,0.1889620896640499,0.25,0.668732770206732,0.1666,2.5575242042541504,0.0223620896640499,msm_50_batches
2154,464,4,1856,0.0398130388491261,0.25,0.4768823335211933,0.0592,10.660762310028076,0.0193869611508738,msm_50_batches
2154,2154,4,8616,0.4914085568652225,0.25,0.003049293621883,0.4612,60.06749248504639,0.0302085568652225,msm_50_batches
2154,10000,4,40000,0.0908064256653818,0.25,0.0176503042770912,0.0807,1051.0691509246826,0.0101064256653818,msm_50_batches
10000,100,4,400,0.4059293488602699,0.25,0.4920718014935584,0.3905,3.164360284805298,0.0154293488602698,msm_50_batches
10000,464,4,1856,0.437480822477949,0.25,0.7300912110901043,0.4202,9.208013534545898,0.017280822477949,msm_50_batches
10000,2154,4,8616,0.3442066261929716,0.25,0.1087809523551785,0.3387,68.14374876022339,0.0055066261929716,msm_50_batches
10000,10000,4,40000,0.2847472063726878,0.25,0.0228702458044715,0.2685,1037.604662179947,0.0162472063726878,msm_50_batches
100,100,1,100,0.0804857184078043,0.25,0.1376627409456031,0.1239,2.3495984077453613,0.0434142815921956,msm_50_batches
100,464,1,464,0.2334400113816531,0.25,0.0108887338034789,0.2521,5.193119525909424,0.0186599886183468,msm_50_batches
100,2154,1,2154,0.1725860255776075,0.25,0.7040652372116957,0.1746,24.16865992546081,0.0020139744223925,msm_50_batches
100,10000,1,10000,0.1125199789070423,0.25,0.0639905676155356,0.116,544.3454337120056,0.0034800210929577,msm_50_batches
464,100,1,100,0.2962559343828984,0.25,0.9843834501935108,0.2913,2.1267576217651367,0.0049559343828983,msm_50_batches
464,464,1,464,0.1561349188509584,0.25,0.220234226159156,0.154,5.418504476547241,0.0021349188509584,msm_50_batches
464,2154,1,2154,0.4581527767341753,0.25,0.3144921313664621,0.4517,21.78598427772522,0.0064527767341753,msm_50_batches
464,10000,1,10000,0.4548177624757785,0.25,0.1047792271332263,0.4498,420.697015285492,0.0050177624757785,msm_50_batches
2154,100,1,100,0.1285591468910981,0.25,0.7548914570605327,0.1387,2.4376556873321533,0.0101408531089019,msm_50_batches
2154,464,1,464,0.0554456503720146,0.25,0.4638577839002956,0.0624,4.370868444442749,0.0069543496279854,msm_50_batches
2154,2154,1,2154,0.0964813660095564,0.25,0.1158983687202194,0.1005,22.653514623641968,0.0040186339904435,msm_50_batches
2154,10000,1,10000,0.249792085339443,0.25,0.0625002756984099,0.2483,413.52916717529297,0.001492085339443,msm_50_batches
10000,100,1,100,0.3642928339872981,0.25,0.5045191697009946,0.3707,2.129933834075928,0.0064071660127019,msm_50_batches
10000,464,1,464,0.1040972192043957,0.25,0.6738490080168676,0.0986,5.135641098022461,0.0054972192043957,msm_50_batches
10000,2154,1,2154,0.1240167791886153,0.25,0.7150881674206984,0.1211,21.23789691925049,0.0029167791886153,msm_50_batches
10000,10000,1,10000,0.4258359374681835,0.25,0.0260671561908708,0.4208,408.7799108028412,0.0050359374681834,msm_50_batches
100,100,2,200,0.2079243591337636,0.25,0.0229151313223817,0.2128,2.52288031578064,0.0048756408662363,msm_50_batches
100,464,2,928,0.3083425335776181,0.25,0.5190823222119895,0.3077,4.823409080505371,0.000642533577618,msm_50_batches
100,2154,2,4308,0.116833069619625,0.25,0.376039327141326,0.1132,29.578850746154785,0.003633069619625,msm_50_batches
100,10000,2,20000,0.0509836297128987,0.25,0.0012603767029876,0.0494,543.095641374588,0.0015836297128987,msm_50_batches
464,100,2,200,0.2579285084842649,0.25,0.6724698446537339,0.2476,2.463564395904541,0.0103285084842648,msm_50_batches
464,464,2,928,0.2385704935248911,0.25,0.6868082266569918,0.2478,7.370650291442871,0.0092295064751088,msm_50_batches
464,2154,2,4308,0.0763358220465816,0.25,0.2085639524543349,0.0684,31.5258264541626,0.0079358220465816,msm_50_batches
464,10000,2,20000,0.3109031158702077,0.25,0.0914788686741934,0.3083,525.0515065193176,0.0026031158702077,msm_50_batches
2154,100,2,200,0.272005059406969,0.25,0.6443610847569929,0.294,2.2301061153411865,0.0219949405930309,msm_50_batches
2154,464,2,928,0.3270686734853721,0.25,0.0052398376514658,0.3118,5.300309896469116,0.0152686734853721,msm_50_batches
2154,2154,2,4308,0.0722727700623299,0.25,0.224897142764334,0.0731,31.87733602523804,0.00082722993767,msm_50_batches
2154,10000,2,20000,0.3757639085676219,0.25,0.08593178060976,0.3793,550.9542150497437,0.003536091432378,msm_50_batches
10000,100,2,200,0.1110245698999613,0.25,0.8303995700373394,0.1138,2.7246198654174805,0.0027754301000386,msm_50_batches
10000,464,2,928,0.2596759121830165,0.25,0.6491541971124779,0.245,6.948270559310913,0.0146759121830164,msm_50_batches
10000,2154,2,4308,0.3926480141108094,0.25,0.312766213509114,0.3986,35.71761918067932,0.0059519858891905,msm_50_batches
10000,10000,2,20000,0.011165213995903,0.25,0.05784995797892,0.0145,551.2013397216797,0.0033347860040969,msm_50_batches
100,100,4,400,0.1621812298630932,0.25,0.2741197751668521,0.1769,1.98154878616333,0.0147187701369067,msm_50_batches
100,464,4,1856,0.4364611882000555,0.25,0.5605299905360588,0.4491,9.35460352897644,0.0126388117999444,msm_50_batches
100,2154,4,8616,0.4223548038010348,0.25,0.1559261338944801,0.422,68.04708361625671,0.0003548038010347,msm_50_batches
100,10000,4,40000,0.2692202962972718,0.25,0.0176214815108204,0.2822,992.9159691333772,0.0129797037027281,msm_50_batches
464,100,4,400,0.4333041370832565,0.25,0.8558283672539277,0.4576,2.4890897274017334,0.0242958629167435,msm_50_batches
464,464,4,1856,0.4749029956768132,0.25,0.1950374860087073,0.4495,8.933831691741943,0.0254029956768132,msm_50_batches
464,2154,4,8616,0.4132034988146706,0.25,0.1734727971986822,0.4138,65.56379008293152,0.0005965011853293,msm_50_batches
464,10000,4,40000,0.4270577219182693,0.25,0.0144801373093438,0.4285,1217.7921514511108,0.0014422780817306,msm_50_batches
2154,100,4,400,0.0493717009101741,0.25,0.773799287244182,0.0847,1.8512890338897705,0.0353282990898258,msm_50_batches
2154,464,4,1856,0.3256521661704955,0.25,0.4277373293360762,0.3241,11.205968856811523,0.0015521661704955,msm_50_batches
2154,2154,4,8616,0.3517584940763265,0.25,0.1874880243993058,0.3477,68.65300250053406,0.0040584940763264,msm_50_batches
2154,10000,4,40000,0.3051204063233148,0.25,0.0176767431333995,0.3838,1082.085025548935,0.0786795936766852,msm_50_batches
10000,100,4,400,0.399807630868014,0.25,0.2136932376295811,0.3983,3.1051387786865234,0.0015076308680139,msm_50_batches
10000,464,4,1856,0.0172856099358171,0.25,0.7672845084217665,0.0224,10.907729387283323,0.0051143900641828,msm_50_batches
10000,2154,4,8616,0.3851193672774899,0.25,0.0716439061352486,0.3844,63.88460898399353,0.0007193672774899,msm_50_batches
10000,10000,4,40000,0.3658643003697635,0.25,0.0366622533863213,0.3701,1005.580296754837,0.0042356996302365,msm_50_batches
100,100,1,100,0.1298491966491765,0.25,0.7444731530777321,0.1362,1.91536283493042,0.0063508033508234,msm_50_batches
100,464,1,464,0.1285346494110733,0.25,0.221396700908201,0.1186,3.492873191833496,0.0099346494110733,msm_50_batches
100,2154,1,2154,0.3161516587150639,0.25,0.1988042124611406,0.317,21.489420413970947,0.0008483412849361,msm_50_batches
100,10000,1,10000,0.1726487307955407,0.25,0.0397895846854133,0.1663,380.24632120132446,0.0063487307955407,msm_50_batches
464,100,1,100,0.3982943390036437,0.25,0.1425183377658446,0.4155,2.071622610092163,0.0172056609963562,msm_50_batches
464,464,1,464,0.2230731160017286,0.25,0.3770825992073341,0.2279,4.590163707733154,0.0048268839982713,msm_50_batches
464,2154,1,2154,0.3913747073920859,0.25,0.0247241269188685,0.3856,20.4924705028534,0.0057747073920859,msm_50_batches
464,10000,1,10000,0.4952358918119203,0.25,0.0221840738068481,0.4852,389.2786548137665,0.0100358918119203,msm_50_batches
2154,100,1,100,0.15012416976695,0.25,0.6745640237634105,0.152,2.883633613586426,0.0018758302330499,msm_50_batches
2154,464,1,464,0.0715029141290496,0.25,0.7997765368973863,0.0619,4.565959692001343,0.0096029141290496,msm_50_batches
2154,2154,1,2154,0.4506542181746369,0.25,0.0747720771851308,0.455,19.74693369865417,0.0043457818253631,msm_50_batches
2154,10000,1,10000,0.2707796894436866,0.25,0.0463404620971584,0.2703,311.1759407520294,0.0004796894436865,msm_50_batches
10000,100,1,100,0.4873701854275411,0.25,0.2076256618038143,0.4979,2.947328805923462,0.0105298145724588,msm_50_batches
10000,464,1,464,0.3183022000009486,0.25,0.9173335630816306,0.3413,5.001412391662598,0.0229977999990513,msm_50_batches
10000,2154,1,2154,0.4969565123052394,0.25,0.6604591626151223,0.4943,21.04267644882202,0.0026565123052394,msm_50_batches
10000,10000,1,10000,0.2730354020714758,0.25,0.1107769222102828,0.2661,398.855806350708,0.0069354020714758,msm_50_batches
100,100,2,200,0.2632129669527606,0.25,0.3045179879206202,0.2648,2.455556631088257,0.0015870330472393,msm_50_batches
100,464,2,928,0.0677139515360849,0.25,0.8348540476317985,0.0627,7.1839354038238525,0.0050139515360849,msm_50_batches
100,2154,2,4308,0.1778525854919405,0.25,0.2020919023349675,0.1762,35.2327938079834,0.0016525854919405,msm_50_batches
100,10000,2,20000,0.0131092836481866,0.25,0.0923456215118775,0.0112,630.2260916233063,0.0019092836481866,msm_50_batches
464,100,2,200,0.0801975897598245,0.25,0.7060518043359332,0.0568,2.190366744995117,0.0233975897598245,msm_50_batches
464,464,2,928,0.372818596353748,0.25,0.4780313079652833,0.3723,8.806153774261475,0.000518596353748,msm_50_batches
464,2154,2,4308,0.0151998449643944,0.25,0.0585933629291358,0.0159,35.956061601638794,0.0007001550356055,msm_50_batches
464,10000,2,20000,0.1832715486218721,0.25,0.0976043550467747,0.1835,631.3423583507538,0.0002284513781278,msm_50_batches
2154,100,2,200,0.431173126419022,0.25,0.1598336503440933,0.4329,2.94396710395813,0.0017268735809779,msm_50_batches
2154,464,2,928,0.3463388587536771,0.25,0.2026021252196626,0.3469,4.842947006225586,0.0005611412463228,msm_50_batches
2154,2154,2,4308,0.3454710710330843,0.25,0.2001772308079716,0.3426,38.396977186203,0.0028710710330842,msm_50_batches
2154,10000,2,20000,0.0943184004776554,0.25,0.0404201905775147,0.0944,656.2727611064911,8.159952234455814e-05,msm_50_batches
10000,100,2,200,0.2209521403742116,0.25,0.1467514807642941,0.2255,2.118788242340088,0.0045478596257883,msm_50_batches
10000,464,2,928,0.2907887036721456,0.25,0.7293189193611234,0.2929,6.934945344924927,0.0021112963278543,msm_50_batches
10000,2154,2,4308,0.4948758538318526,0.25,0.0876253792373193,0.4969,30.843503952026367,0.0020241461681473,msm_50_batches
10000,10000,2,20000,0.1019531126165609,0.25,0.0643895644311662,0.0968,475.1062703132629,0.0051531126165609,msm_50_batches
100,100,4,400,0.1238664508811774,0.25,0.7543059505762987,0.116,2.0333175659179688,0.0078664508811774,msm_50_batches
100,464,4,1856,0.1310865418864559,0.25,0.2107323920833207,0.1673,11.701934337615969,0.036213458113544,msm_50_batches
100,2154,4,8616,0.3750862066489964,0.25,0.1394972720769823,0.3821,59.22827363014221,0.0070137933510036,msm_50_batches
100,10000,4,40000,0.2284876637178464,0.25,0.0374464187622918,0.225,965.486099243164,0.0034876637178463,msm_50_batches
464,100,4,400,0.0284647192055474,0.25,0.6382187106203334,0.0283,2.985682249069214,0.0001647192055474,msm_50_batches
464,464,4,1856,0.2542581203051198,0.25,0.5971273029466491,0.2194,7.806634187698364,0.0348581203051197,msm_50_batches
464,2154,4,8616,0.1059800823218379,0.25,0.0685892027983976,0.1121,54.329535245895386,0.006119917678162,msm_50_batches
464,10000,4,40000,0.3993021223801051,0.25,0.0365803235620754,0.397,843.9438719749451,0.002302122380105,msm_50_batches
2154,100,4,400,0.1486656907536361,0.25,0.9453084399999496,0.1504,3.191680431365967,0.0017343092463638,msm_50_batches
2154,464,4,1856,0.0138030059772518,0.25,0.4255613902615469,0.0218,9.449904680252075,0.0079969940227481,msm_50_batches
2154,2154,4,8616,0.2967162247323105,0.25,0.1815649528392305,0.2831,55.7391140460968,0.0136162247323105,msm_50_batches
2154,10000,4,40000,0.4219202144655944,0.25,0.0028070519830957,0.4298,984.811541557312,0.0078797855344056,msm_50_batches
10000,100,4,400,0.1905080620311071,0.25,0.8352716024899659,0.2668,3.429701089859009,0.0762919379688929,msm_50_batches
10000,464,4,1856,0.3749291553630717,0.25,0.1922500168221477,0.3964,10.059911966323853,0.0214708446369283,msm_50_batches
10000,2154,4,8616,0.2555707391485641,0.25,0.0917123651090931,0.2414,57.51597309112549,0.014170739148564,msm_50_batches
10000,10000,4,40000,0.2704759024810943,0.25,0.0150040522962678,0.2572,927.4061677455902,0.0132759024810942,msm_50_batches
100,100,1,100,0.4797171605308762,0.25,0.0801036438060492,0.4847,2.279080390930176,0.0049828394691238,msm_50_batches
100,464,1,464,0.4019804457493234,0.25,0.9046310029362428,0.3992,4.511011362075806,0.0027804457493234,msm_50_batches
100,2154,1,2154,0.0161615333117869,0.25,0.3436900441538888,0.0238,19.96813988685608,0.007638466688213,msm_50_batches
100,10000,1,10000,0.3546936256156475,0.25,0.1061394876952279,0.3576,400.8382856845856,0.0029063743843524,msm_50_batches
464,100,1,100,0.232500740781753,0.25,0.494116265896325,0.2224,2.15161681175232,0.010100740781753,msm_50_batches
464,464,1,464,0.4737744706975499,0.25,0.1321611419429381,0.4646,3.3767306804656982,0.0091744706975498,msm_50_batches
464,2154,1,2154,0.1107163671617441,0.25,0.1916936479939025,0.1137,20.818693161010746,0.0029836328382558,msm_50_batches
464,10000,1,10000,0.1335360098421829,0.25,0.0152377618064642,0.1364,363.3934018611908,0.0028639901578171,msm_50_batches
2154,100,1,100,0.040736982438631,0.25,0.5079216999452875,0.0382,2.606936454772949,0.0025369824386309,msm_50_batches
2154,464,1,464,0.2143094143318932,0.25,0.2615495518329871,0.2098,3.4871575832366943,0.0045094143318932,msm_50_batches
2154,2154,1,2154,0.0545093820095341,0.25,0.3315335272820723,0.0571,20.22483801841736,0.0025906179904658,msm_50_batches
2154,10000,1,10000,0.3168933803059589,0.25,0.0216130657394473,0.3187,329.95096611976624,0.0018066196940411,msm_50_batches
10000,100,1,100,0.4014816186868689,0.25,0.7875518396525072,0.4162,2.0586390495300293,0.014718381313131,msm_50_batches
10000,464,1,464,0.3484002480600892,0.25,0.1065838767888011,0.3405,4.619205474853516,0.0079002480600892,msm_50_batches
10000,2154,1,2154,0.3831056905378852,0.25,0.9152356766139162,0.3835,19.15038013458252,0.0003943094621147,msm_50_batches
10000,10000,1,10000,0.1712270599217599,0.25,0.0354322328876834,0.1729,305.09434247016907,0.00167294007824,msm_50_batches
100,100,2,200,0.4229257415138388,0.25,0.5724051124346493,0.4254,2.344320058822632,0.0024742584861611,msm_50_batches
100,464,2,928,0.2143843874997212,0.25,0.0448453345890881,0.2092,5.032928943634033,0.0051843874997212,msm_50_batches
100,2154,2,4308,0.4120049352061594,0.25,0.365420747286831,0.4285,34.14816617965698,0.0164950647938406,msm_50_batches
100,10000,2,20000,0.3132480793121469,0.25,0.0189605947818296,0.32,494.1611080169678,0.0067519206878531,msm_50_batches
464,100,2,200,0.0717115243351224,0.25,0.5279039784081266,0.0731,2.396824598312378,0.0013884756648775,msm_50_batches
464,464,2,928,0.0391934499274739,0.25,0.7400775431590716,0.0488,6.246738910675049,0.009606550072526,msm_50_batches
464,2154,2,4308,0.0091663214565036,0.25,0.0696060747062469,0.0196,29.751548528671265,0.0104336785434963,msm_50_batches
464,10000,2,20000,0.0333624988196782,0.25,0.0551087174186971,0.0334,471.06483030319214,3.750118032176675e-05,msm_50_batches
2154,100,2,200,0.2292919068542159,0.25,0.2166172083287794,0.2209,1.5460879802703855,0.0083919068542158,msm_50_batches
2154,464,2,928,0.0566709613837952,0.25,0.7591960493171447,0.0582,4.906250953674316,0.0015290386162047,msm_50_batches
2154,2154,2,4308,0.0138916744243349,0.25,0.3356152244922069,0.019,32.00913691520691,0.005108325575665,msm_50_batches
2154,10000,2,20000,0.3774307406952337,0.25,0.0176549034277083,0.3789,448.0681130886078,0.0014692593047663,msm_50_batches
10000,100,2,200,0.1974252402303197,0.25,0.8619665576670734,0.195,2.2824244499206543,0.0024252402303197,msm_50_batches
10000,464,2,928,0.3734692478037625,0.25,0.0197750995163442,0.3635,5.090871334075928,0.0099692478037625,msm_50_batches
10000,2154,2,4308,0.2262024133732257,0.25,0.3993672225734054,0.2296,30.67884945869445,0.0033975866267742,msm_50_batches
10000,10000,2,20000,0.2250433735003805,0.25,0.0558903811160938,0.2211,426.701149225235,0.0039433735003805,msm_50_batches
100,100,4,400,0.2390362533589154,0.25,0.4032204721058492,0.2568,3.241174697875977,0.0177637466410845,msm_50_batches
100,464,4,1856,0.237001963281097,0.25,0.7587469310223366,0.2302,5.3361656665802,0.006801963281097,msm_50_batches
100,2154,4,8616,0.4015816710570848,0.25,0.1664180598171935,0.3832,38.7416775226593,0.0183816710570847,msm_50_batches
100,10000,4,40000,0.2011962599288679,0.25,0.0493663087404213,0.1931,640.2211947441101,0.0080962599288678,msm_50_batches
464,100,4,400,0.4523430801718115,0.25,0.2780850486129828,0.4455,2.980959177017212,0.0068430801718115,msm_50_batches
464,464,4,1856,0.0185305239770179,0.25,0.0037936724093425,0.0774,5.465310573577881,0.058869476022982,msm_50_batches
464,2154,4,8616,0.3869371713602093,0.25,0.2167833352634373,0.4004,37.73124647140503,0.0134628286397907,msm_50_batches
464,10000,4,40000,0.0628206905688694,0.25,0.0428948552268946,0.067,592.3311052322388,0.0041793094311305,msm_50_batches
2154,100,4,400,0.3092567834560427,0.25,0.7288508775192559,0.3041,2.834038734436035,0.0051567834560427,msm_50_batches
2154,464,4,1856,0.0051821306676159,0.25,0.5166887829215384,0.0039,6.0370612144470215,0.0012821306676159,msm_50_batches
2154,2154,4,8616,0.2693136412881735,0.25,0.1641031209955341,0.2634,43.46371412277222,0.0059136412881734,msm_50_batches
2154,10000,4,40000,0.0015089783097981,0.25,0.0390264778438371,0.0098,604.0095815658569,0.0082910216902018,msm_50_batches
10000,100,4,400,0.4755968927451022,0.25,0.3748759435368594,0.4544,1.4856181144714355,0.0211968927451022,msm_50_batches
10000,464,4,1856,0.452701016851389,0.25,0.7703225253299576,0.4822,4.897976398468018,0.0294989831486109,msm_50_batches
10000,2154,4,8616,0.3979834709711347,0.25,0.1742396284064938,0.359,34.725446701049805,0.0389834709711346,msm_50_batches
10000,10000,4,40000,0.4576371599573937,0.25,0.0306605605772129,0.4638,547.8651263713837,0.0061628400426063,msm_50_batches
100,100,1,100,0.4630907133532268,0.25,0.145558231158397,0.4722,1.7897751331329346,0.0091092866467731,msm_100_batches
100,464,1,464,0.459366717816803,0.25,0.1577300698705332,0.4679,5.123863697052002,0.0085332821831969,msm_100_batches
100,2154,1,2154,0.1974378064617774,0.25,0.1742169664832256,0.1969,21.546162128448486,0.0005378064617774,msm_100_batches
100,10000,1,10000,0.4816312642203559,0.25,0.1244991804599842,0.4672,307.362042427063,0.0144312642203559,msm_100_batches
464,100,1,100,0.0869778333402321,0.25,0.905809496008302,0.0956,2.728801965713501,0.0086221666597678,msm_100_batches
464,464,1,464,0.0631647597198186,0.25,0.9899551783590737,0.0796,4.535939693450928,0.0164352402801813,msm_100_batches
464,2154,1,2154,0.0675395790233656,0.25,0.6602808345086499,0.0648,23.72986006736756,0.0027395790233656,msm_100_batches
464,10000,1,10000,0.2528310828384483,0.25,0.146360081828459,0.2554,286.2821087837219,0.0025689171615516,msm_100_batches
2154,100,1,100,0.0107624026370989,0.25,0.9092932045442544,0.0116,1.993011474609375,0.000837597362901,msm_100_batches
2154,464,1,464,0.4739851056088405,0.25,0.4008737323711209,0.4649,5.314545392990112,0.0090851056088404,msm_100_batches
2154,2154,1,2154,0.4135577355853662,0.25,0.2319876325209255,0.4159,21.758033752441406,0.0023422644146338,msm_100_batches
2154,10000,1,10000,0.0075094903710611,0.25,0.0346860341574245,0.0092,280.35957980155945,0.0016905096289388,msm_100_batches
10000,100,1,100,0.0880981277875276,0.25,0.119457050333729,0.0989,2.498785972595215,0.0108018722124723,msm_100_batches
10000,464,1,464,0.1660317871834185,0.25,0.8126105880328287,0.1678,3.8215219974517822,0.0017682128165815,msm_100_batches
10000,2154,1,2154,0.0654984224054584,0.25,0.1362974683539862,0.0671,21.89062190055847,0.0016015775945415,msm_100_batches
10000,10000,1,10000,0.404745346063291,0.25,0.0528594965453801,0.4063,237.77866649627688,0.0015546539367089,msm_100_batches
100,100,2,200,0.1723683263416467,0.25,0.8190891786335308,0.1583,2.5312929153442383,0.0140683263416467,msm_100_batches
100,464,2,928,0.4700537411666836,0.25,0.31058725179421,0.4811,5.650680780410767,0.0110462588333164,msm_100_batches
100,2154,2,4308,0.29100708997354,0.25,0.4560898093282,0.3001,32.54294490814209,0.00909291002646,msm_100_batches
100,10000,2,20000,0.439415992205922,0.25,0.0266638702151635,0.4513,492.24636006355286,0.011884007794078,msm_100_batches
464,100,2,200,0.4223672226961109,0.25,0.5336533449712114,0.4206,2.530503988265991,0.0017672226961109,msm_100_batches
464,464,2,928,0.4526961593543246,0.25,0.3144670111858496,0.4455,5.67576003074646,0.0071961593543246,msm_100_batches
464,2154,2,4308,0.2299401329084034,0.25,0.4228286124298224,0.227,35.11416172981262,0.0029401329084034,msm_100_batches
464,10000,2,20000,0.2731734080101866,0.25,0.0366556643851234,0.2744,493.8326325416565,0.0012265919898133,msm_100_batches
2154,100,2,200,0.3993017955760197,0.25,0.4335923272731645,0.4188,2.390042304992676,0.0194982044239803,msm_100_batches
2154,464,2,928,0.1428594258670737,0.25,0.5122926922783614,0.1427,5.574835777282715,0.0001594258670737,msm_100_batches
2154,2154,2,4308,0.2451267613099638,0.25,0.4358804444613339,0.2401,36.634461641311646,0.0050267613099638,msm_100_batches
2154,10000,2,20000,0.2995551538229392,0.25,0.003094900627115,0.3011,544.433305978775,0.0015448461770608,msm_100_batches
10000,100,2,200,0.0077666377754178,0.25,0.7168786636316892,0.0287,2.7509708404541016,0.0209333622245821,msm_100_batches
10000,464,2,928,0.2967407040983186,0.25,0.8910189542923389,0.2938,5.868368864059448,0.0029407040983185,msm_100_batches
10000,2154,2,4308,0.2168381744947291,0.25,0.0126681631928824,0.211,40.53052830696106,0.0058381744947291,msm_100_batches
10000,10000,2,20000,0.4036802644424207,0.25,0.052205124725251,0.4006,554.7252552509308,0.0030802644424207,msm_100_batches
100,100,4,400,0.1576224015476864,0.25,0.3259898117700253,0.134,2.8165767192840576,0.0236224015476864,msm_100_batches
100,464,4,1856,0.4464443542625756,0.25,0.8594893208655858,0.4404,9.56910514831543,0.0060443542625756,msm_100_batches
100,2154,4,8616,0.2889286076422677,0.25,0.1296463674379103,0.2835,59.5159330368042,0.0054286076422677,msm_100_batches
100,10000,4,40000,0.0920051008137325,0.25,0.0345113934081373,0.0785,1326.779955625534,0.0135051008137325,msm_100_batches
464,100,4,400,0.3939646169127521,0.25,0.4528534999515374,0.3759,3.61454176902771,0.0180646169127521,msm_100_batches
464,464,4,1856,0.3060155885224669,0.25,0.6283090375213571,0.3261,12.601284503936768,0.020084411477533,msm_100_batches
464,2154,4,8616,0.0269546360368764,0.25,0.067339102063005,0.0357,77.74440860748291,0.0087453639631235,msm_100_batches
464,10000,4,40000,0.2100968400005661,0.25,0.0004674288983257,0.1881,2393.987663507461,0.021996840000566,msm_100_batches
2154,100,4,400,0.3395344182827148,0.25,0.5767559349870908,0.349,7.594811677932739,0.0094655817172852,msm_100_batches
2154,464,4,1856,0.4593008889887629,0.25,0.3114442141324628,0.4345,20.97223687171936,0.0248008889887629,msm_100_batches
2154,2154,4,8616,0.0002010124456787,0.25,0.120071401694784,0.0061,139.6104998588562,0.0058989875543212,msm_100_batches
2154,10000,4,40000,0.4883795745155298,0.25,0.0458202926526948,0.4954,2180.008105993271,0.0070204254844701,msm_100_batches
10000,100,4,400,0.1882901573728872,0.25,0.426474788501396,0.206,7.901777744293213,0.0177098426271127,msm_100_batches
10000,464,4,1856,0.4868917691791612,0.25,0.2473960366023854,0.4504,22.183554887771606,0.0364917691791612,msm_100_batches
10000,2154,4,8616,0.3023580504870265,0.25,0.0861870383656115,0.3202,122.58885550498962,0.0178419495129735,msm_100_batches
10000,10000,4,40000,0.4144229039903465,0.25,0.046593055831827,0.4113,2168.681516885757,0.0031229039903464,msm_100_batches
100,100,1,100,0.2873557523540511,0.25,0.9368683813090936,0.2788,4.566551685333252,0.0085557523540511,msm_100_batches
100,464,1,464,0.3140380991536752,0.25,0.8443299485657132,0.2859,11.619399785995483,0.0281380991536752,msm_100_batches
100,2154,1,2154,0.1427881408478469,0.25,0.8544164478232688,0.1404,45.04200887680054,0.0023881408478469,msm_100_batches
100,10000,1,10000,0.2934166703280415,0.25,0.0455800579902633,0.2942,955.192922115326,0.0007833296719585,msm_100_batches
464,100,1,100,0.3750108818513299,0.25,0.0874822095535908,0.385,4.7741780281066895,0.00998911814867,msm_100_batches
464,464,1,464,0.4291569182145212,0.25,0.2273097362846887,0.429,9.936097383499146,0.0001569182145211,msm_100_batches
464,2154,1,2154,0.3775410942338401,0.25,0.2919002935135101,0.3814,45.89902830123901,0.0038589057661599,msm_100_batches
464,10000,1,10000,0.3490286242236515,0.25,0.0349531752712623,0.3516,1013.0938053131104,0.0025713757763485,msm_100_batches
2154,100,1,100,0.4322397150272999,0.25,0.6070941619724605,0.4393,6.69156813621521,0.0070602849727001,msm_100_batches
2154,464,1,464,0.1613404984183732,0.25,0.4135864150011613,0.15,10.583058834075928,0.0113404984183732,msm_100_batches
2154,2154,1,2154,0.3353943953937936,0.25,0.7579865476575804,0.3425,53.39801239967346,0.0071056046062064,msm_100_batches
2154,10000,1,10000,0.2254369682066745,0.25,0.0370260796538061,0.2232,975.3007092475892,0.0022369682066745,msm_100_batches
10000,100,1,100,0.1910513760157586,0.25,0.7018765297563104,0.1788,5.721703767776489,0.0122513760157585,msm_100_batches
10000,464,1,464,0.2054056749610928,0.25,0.2403556248491388,0.2034,11.678189754486084,0.0020056749610928,msm_100_batches
10000,2154,1,2154,0.2007397917347703,0.25,0.5331653563981984,0.2058,54.25469875335693,0.0050602082652297,msm_100_batches
10000,10000,1,10000,0.1586919729791384,0.25,0.0697975194441577,0.1574,1276.979470729828,0.0012919729791384,msm_100_batches
100,100,2,200,0.3109596839601507,0.25,0.0569643994828327,0.2898,6.804001092910767,0.0211596839601507,msm_100_batches
100,464,2,928,0.2151236354106321,0.25,0.2288136709603758,0.2143,17.63084650039673,0.0008236354106321,msm_100_batches
100,2154,2,4308,0.4869010389636261,0.25,0.3083113070356515,0.448,98.30790734291077,0.0389010389636261,msm_100_batches
100,10000,2,20000,0.3389004457171555,0.25,0.0497250093360531,0.3423,2235.463529109955,0.0033995542828444,msm_100_batches
464,100,2,200,0.0992849442135554,0.25,0.5190159840736788,0.0945,7.180672883987427,0.0047849442135554,msm_100_batches
464,464,2,928,0.2133505046740164,0.25,0.1747201501089225,0.2244,22.47467374801636,0.0110494953259836,msm_100_batches
464,2154,2,4308,0.1716731198872115,0.25,0.2649562913399519,0.1729,107.10632586479188,0.0012268801127884,msm_100_batches
464,10000,2,20000,0.3988194019792833,0.25,0.099675342520821,0.4016,1944.346824169159,0.0027805980207167,msm_100_batches
2154,100,2,200,0.4399991442817159,0.25,0.8168351087916219,0.4651,6.906509637832642,0.0251008557182841,msm_100_batches
2154,464,2,928,0.451920977913186,0.25,0.5943726238309778,0.4541,14.087069272994995,0.002179022086814,msm_100_batches
2154,2154,2,4308,0.3313599061876311,0.25,0.4531054170524164,0.3349,83.3903968334198,0.0035400938123689,msm_100_batches
2154,10000,2,20000,0.1351041310148789,0.25,0.0901562584669321,0.1336,1507.7270245552063,0.0015041310148788,msm_100_batches
10000,100,2,200,0.1261833507522948,0.25,0.5956079336026455,0.132,5.88811731338501,0.0058166492477051,msm_100_batches
10000,464,2,928,0.4274489713487012,0.25,0.0324263253144571,0.4206,14.244579553604126,0.0068489713487011,msm_100_batches
10000,2154,2,4308,0.2638573231543733,0.25,0.0434434056719966,0.2624,82.78693723678589,0.0014573231543733,msm_100_batches
10000,10000,2,20000,0.401080542002299,0.25,0.0065371715042226,0.4006,1321.5493421554563,0.000480542002299,msm_100_batches
100,100,4,400,0.2862442585958031,0.25,0.4517331486914753,0.2748,5.801677465438843,0.0114442585958031,msm_100_batches
100,464,4,1856,0.3665712626437555,0.25,0.3754348331678577,0.3568,22.12067079544068,0.0097712626437555,msm_100_batches
100,2154,4,8616,0.2595058137320279,0.25,0.2264043719290358,0.2658,131.6431736946106,0.0062941862679721,msm_100_batches
100,10000,4,40000,0.385441955250944,0.25,0.0083991646599807,0.3864,2172.0442254543304,0.000958044749056,msm_100_batches
464,100,4,400,0.2844289953523577,0.25,0.9727875919326552,0.3378,6.08519983291626,0.0533710046476422,msm_100_batches
464,464,4,1856,0.2328549392959904,0.25,0.7674748688630131,0.2551,16.637405395507812,0.0222450607040095,msm_100_batches
464,2154,4,8616,0.1713444539766409,0.25,0.191327260822771,0.1605,130.53777074813843,0.0108444539766408,msm_100_batches
464,10000,4,40000,0.034104674208352,0.25,0.0316307908388998,0.0348,2080.676697731018,0.0006953257916479,msm_100_batches
2154,100,4,400,0.1889620896640499,0.25,0.668732770206732,0.1691,6.236112117767334,0.0198620896640499,msm_100_batches
2154,464,4,1856,0.0398130388491261,0.25,0.4768823335211933,0.0418,19.1299946308136,0.0019869611508738,msm_100_batches
2154,2154,4,8616,0.4914085568652225,0.25,0.003049293621883,0.4738,135.16607809066772,0.0176085568652225,msm_100_batches
2154,10000,4,40000,0.0908064256653818,0.25,0.0176503042770912,0.0768,2134.119721889496,0.0140064256653818,msm_100_batches
10000,100,4,400,0.4059293488602699,0.25,0.4920718014935584,0.3892,6.912585735321045,0.0167293488602698,msm_100_batches
10000,464,4,1856,0.437480822477949,0.25,0.7300912110901043,0.4273,20.21945333480835,0.010180822477949,msm_100_batches
10000,2154,4,8616,0.3442066261929716,0.25,0.1087809523551785,0.3257,135.31260013580322,0.0185066261929716,msm_100_batches
10000,10000,4,40000,0.2847472063726878,0.25,0.0228702458044715,0.2863,2361.2191462516785,0.0015527936273121,msm_100_batches
100,100,1,100,0.0804857184078043,0.25,0.1376627409456031,0.1111,5.434856176376343,0.0306142815921956,msm_100_batches
100,464,1,464,0.2334400113816531,0.25,0.0108887338034789,0.2537,9.952389478683472,0.0202599886183468,msm_100_batches
100,2154,1,2154,0.1725860255776075,0.25,0.7040652372116957,0.1732,49.80208492279053,0.0006139744223925,msm_100_batches
100,10000,1,10000,0.1125199789070423,0.25,0.0639905676155356,0.1104,942.6965243816376,0.0021199789070422,msm_100_batches
464,100,1,100,0.2962559343828984,0.25,0.9843834501935108,0.292,5.501488208770752,0.0042559343828983,msm_100_batches
464,464,1,464,0.1561349188509584,0.25,0.220234226159156,0.1572,8.858431339263916,0.0010650811490415,msm_100_batches
464,2154,1,2154,0.4581527767341753,0.25,0.3144921313664621,0.4573,44.934178590774536,0.0008527767341753,msm_100_batches
464,10000,1,10000,0.4548177624757785,0.25,0.1047792271332263,0.4512,787.305837392807,0.0036177624757784,msm_100_batches
2154,100,1,100,0.1285591468910981,0.25,0.7548914570605327,0.1376,4.998639822006226,0.0090408531089019,msm_100_batches
2154,464,1,464,0.0554456503720146,0.25,0.4638577839002956,0.0594,8.305741786956787,0.0039543496279854,msm_100_batches
2154,2154,1,2154,0.0964813660095564,0.25,0.1158983687202194,0.0962,43.45532298088074,0.0002813660095564,msm_100_batches
2154,10000,1,10000,0.249792085339443,0.25,0.0625002756984099,0.248,834.1844615936279,0.001792085339443,msm_100_batches
10000,100,1,100,0.3642928339872981,0.25,0.5045191697009946,0.3703,4.456274032592773,0.0060071660127019,msm_100_batches
10000,464,1,464,0.1040972192043957,0.25,0.6738490080168676,0.0996,10.510411500930786,0.0044972192043957,msm_100_batches
10000,2154,1,2154,0.1240167791886153,0.25,0.7150881674206984,0.1199,42.44440865516663,0.0041167791886153,msm_100_batches
10000,10000,1,10000,0.4258359374681835,0.25,0.0260671561908708,0.4225,721.0324487686157,0.0033359374681834,msm_100_batches
100,100,2,200,0.2079243591337636,0.25,0.0229151313223817,0.2241,4.67499041557312,0.0161756408662363,msm_100_batches
100,464,2,928,0.3083425335776181,0.25,0.5190823222119895,0.314,10.1541268825531,0.0056574664223819,msm_100_batches
100,2154,2,4308,0.116833069619625,0.25,0.376039327141326,0.1198,63.1654543876648,0.0029669303803749,msm_100_batches
100,10000,2,20000,0.0509836297128987,0.25,0.0012603767029876,0.0489,1123.5427339076996,0.0020836297128987,msm_100_batches
464,100,2,200,0.2579285084842649,0.25,0.6724698446537339,0.2519,5.96828293800354,0.0060285084842648,msm_100_batches
464,464,2,928,0.2385704935248911,0.25,0.6868082266569918,0.2579,13.549524307250977,0.0193295064751088,msm_100_batches
464,2154,2,4308,0.0763358220465816,0.25,0.2085639524543349,0.0741,66.30409598350525,0.0022358220465816,msm_100_batches
464,10000,2,20000,0.3109031158702077,0.25,0.0914788686741934,0.3119,901.340256690979,0.0009968841297922,msm_100_batches
2154,100,2,200,0.272005059406969,0.25,0.6443610847569929,0.2877,4.190251111984253,0.0156949405930309,msm_100_batches
2154,464,2,928,0.3270686734853721,0.25,0.0052398376514658,0.3139,9.944395780563354,0.0131686734853721,msm_100_batches
2154,2154,2,4308,0.0722727700623299,0.25,0.224897142764334,0.0703,74.0547559261322,0.0019727700623299,msm_100_batches
2154,10000,2,20000,0.3757639085676219,0.25,0.08593178060976,0.3777,1102.7551608085632,0.0019360914323781,msm_100_batches
10000,100,2,200,0.1110245698999613,0.25,0.8303995700373394,0.1178,5.7708420753479,0.0067754301000386,msm_100_batches
10000,464,2,928,0.2596759121830165,0.25,0.6491541971124779,0.2458,14.105429410934448,0.0138759121830164,msm_100_batches
10000,2154,2,4308,0.3926480141108094,0.25,0.312766213509114,0.4013,68.42632484436035,0.0086519858891905,msm_100_batches
10000,10000,2,20000,0.011165213995903,0.25,0.05784995797892,0.0134,1390.5570549964905,0.0022347860040969,msm_100_batches
100,100,4,400,0.1621812298630932,0.25,0.2741197751668521,0.1781,5.392967939376831,0.0159187701369067,msm_100_batches
100,464,4,1856,0.4364611882000555,0.25,0.5605299905360588,0.4288,19.153382062911987,0.0076611882000555,msm_100_batches
100,2154,4,8616,0.4223548038010348,0.25,0.1559261338944801,0.4183,130.41290092468262,0.0040548038010347,msm_100_batches
100,10000,4,40000,0.2692202962972718,0.25,0.0176214815108204,0.2707,1987.3766264915464,0.0014797037027281,msm_100_batches
464,100,4,400,0.4333041370832565,0.25,0.8558283672539277,0.4546,5.606228828430176,0.0212958629167435,msm_100_batches
464,464,4,1856,0.4749029956768132,0.25,0.1950374860087073,0.4654,18.44974899291992,0.0095029956768132,msm_100_batches
464,2154,4,8616,0.4132034988146706,0.25,0.1734727971986822,0.4158,145.70505809783936,0.0025965011853293,msm_100_batches
464,10000,4,40000,0.4270577219182693,0.25,0.0144801373093438,0.4263,2264.301853179932,0.0007577219182693,msm_100_batches
2154,100,4,400,0.0493717009101741,0.25,0.773799287244182,0.0752,6.634372234344482,0.0258282990898258,msm_100_batches
2154,464,4,1856,0.3256521661704955,0.25,0.4277373293360762,0.317,21.290407419204712,0.0086521661704955,msm_100_batches
2154,2154,4,8616,0.3517584940763265,0.25,0.1874880243993058,0.3458,140.80888390541077,0.0059584940763264,msm_100_batches
2154,10000,4,40000,0.3051204063233148,0.25,0.0176767431333995,0.3757,2272.382586956024,0.0705795936766852,msm_100_batches
10000,100,4,400,0.399807630868014,0.25,0.2136932376295811,0.405,5.728517055511475,0.005192369131986,msm_100_batches
10000,464,4,1856,0.0172856099358171,0.25,0.7672845084217665,0.0166,21.295889377594,0.0006856099358171,msm_100_batches
10000,2154,4,8616,0.3851193672774899,0.25,0.0716439061352486,0.3727,138.44853568077087,0.0124193672774899,msm_100_batches
10000,10000,4,40000,0.3658643003697635,0.25,0.0366622533863213,0.3661,1928.0849521160128,0.0002356996302365,msm_100_batches
100,100,1,100,0.1298491966491765,0.25,0.7444731530777321,0.132,3.3841114044189453,0.0021508033508234,msm_100_batches
100,464,1,464,0.1285346494110733,0.25,0.221396700908201,0.1217,7.492424011230469,0.0068346494110733,msm_100_batches
100,2154,1,2154,0.3161516587150639,0.25,0.1988042124611406,0.3159,38.90969800949097,0.0002516587150638,msm_100_batches
100,10000,1,10000,0.1726487307955407,0.25,0.0397895846854133,0.1745,724.0354187488556,0.0018512692044592,msm_100_batches
464,100,1,100,0.3982943390036437,0.25,0.1425183377658446,0.412,4.93123197555542,0.0137056609963562,msm_100_batches
464,464,1,464,0.2230731160017286,0.25,0.3770825992073341,0.2164,8.488656282424927,0.0066731160017286,msm_100_batches
464,2154,1,2154,0.3913747073920859,0.25,0.0247241269188685,0.3948,40.98537397384644,0.003425292607914,msm_100_batches
464,10000,1,10000,0.4952358918119203,0.25,0.0221840738068481,0.4917,713.0514726638794,0.0035358918119203,msm_100_batches
2154,100,1,100,0.15012416976695,0.25,0.6745640237634105,0.1527,4.627271890640259,0.0025758302330499,msm_100_batches
2154,464,1,464,0.0715029141290496,0.25,0.7997765368973863,0.0699,9.146570205688477,0.0016029141290496,msm_100_batches
2154,2154,1,2154,0.4506542181746369,0.25,0.0747720771851308,0.4515,40.57087755203247,0.0008457818253631,msm_100_batches
2154,10000,1,10000,0.2707796894436866,0.25,0.0463404620971584,0.2679,724.629606962204,0.0028796894436866,msm_100_batches
10000,100,1,100,0.4873701854275411,0.25,0.2076256618038143,0.4997,3.808013439178467,0.0123298145724589,msm_100_batches
10000,464,1,464,0.3183022000009486,0.25,0.9173335630816306,0.3472,9.439866542816162,0.0288977999990514,msm_100_batches
10000,2154,1,2154,0.4969565123052394,0.25,0.6604591626151223,0.4941,44.87750172615051,0.0028565123052394,msm_100_batches
10000,10000,1,10000,0.2730354020714758,0.25,0.1107769222102828,0.2668,768.6165051460266,0.0062354020714757,msm_100_batches
100,100,2,200,0.2632129669527606,0.25,0.3045179879206202,0.2757,5.156966686248779,0.0124870330472393,msm_100_batches
100,464,2,928,0.0677139515360849,0.25,0.8348540476317985,0.068,12.238945245742798,0.000286048463915,msm_100_batches
100,2154,2,4308,0.1778525854919405,0.25,0.2020919023349675,0.1766,64.32329154014587,0.0012525854919405,msm_100_batches
100,10000,2,20000,0.0131092836481866,0.25,0.0923456215118775,0.0083,1185.324810743332,0.0048092836481866,msm_100_batches
464,100,2,200,0.0801975897598245,0.25,0.7060518043359332,0.0587,4.962198734283447,0.0214975897598245,msm_100_batches
464,464,2,928,0.372818596353748,0.25,0.4780313079652833,0.3724,11.876769304275513,0.000418596353748,msm_100_batches
464,2154,2,4308,0.0151998449643944,0.25,0.0585933629291358,0.0193,73.93326258659363,0.0041001550356055,msm_100_batches
464,10000,2,20000,0.1832715486218721,0.25,0.0976043550467747,0.1824,1171.0261361598969,0.0008715486218721,msm_100_batches
2154,100,2,200,0.431173126419022,0.25,0.1598336503440933,0.4337,7.013540744781494,0.0025268735809779,msm_100_batches
2154,464,2,928,0.3463388587536771,0.25,0.2026021252196626,0.3503,14.024414539337158,0.0039611412463228,msm_100_batches
2154,2154,2,4308,0.3454710710330843,0.25,0.2001772308079716,0.3397,62.79328370094299,0.0057710710330842,msm_100_batches
2154,10000,2,20000,0.0943184004776554,0.25,0.0404201905775147,0.0978,1189.7113978862762,0.0034815995223445,msm_100_batches
10000,100,2,200,0.2209521403742116,0.25,0.1467514807642941,0.234,4.824653387069702,0.0130478596257883,msm_100_batches
10000,464,2,928,0.2907887036721456,0.25,0.7293189193611234,0.2868,12.431041955947876,0.0039887036721455,msm_100_batches
10000,2154,2,4308,0.4948758538318526,0.25,0.0876253792373193,0.495,56.34346389770508,0.0001241461681474,msm_100_batches
10000,10000,2,20000,0.1019531126165609,0.25,0.0643895644311662,0.1046,1170.130422115326,0.002646887383439,msm_100_batches
100,100,4,400,0.1238664508811774,0.25,0.7543059505762987,0.1205,5.251343250274658,0.0033664508811774,msm_100_batches
100,464,4,1856,0.1310865418864559,0.25,0.2107323920833207,0.1658,20.564120054244995,0.034713458113544,msm_100_batches
100,2154,4,8616,0.3750862066489964,0.25,0.1394972720769823,0.3822,119.49652409553528,0.0071137933510036,msm_100_batches
100,10000,4,40000,0.2284876637178464,0.25,0.0374464187622918,0.2258,1709.2376503944397,0.0026876637178464,msm_100_batches
464,100,4,400,0.0284647192055474,0.25,0.6382187106203334,0.0289,4.821568489074707,0.0004352807944525,msm_100_batches
464,464,4,1856,0.2542581203051198,0.25,0.5971273029466491,0.2202,17.12773036956787,0.0340581203051197,msm_100_batches
464,2154,4,8616,0.1059800823218379,0.25,0.0685892027983976,0.1135,113.74664092063904,0.007519917678162,msm_100_batches
464,10000,4,40000,0.3993021223801051,0.25,0.0365803235620754,0.4029,1868.178414344788,0.0035978776198949,msm_100_batches
2154,100,4,400,0.1486656907536361,0.25,0.9453084399999496,0.1537,5.937999248504639,0.0050343092463638,msm_100_batches
2154,464,4,1856,0.0138030059772518,0.25,0.4255613902615469,0.0226,18.8646936416626,0.0087969940227481,msm_100_batches
2154,2154,4,8616,0.2967162247323105,0.25,0.1815649528392305,0.2918,123.99602603912354,0.0049162247323105,msm_100_batches
2154,10000,4,40000,0.4219202144655944,0.25,0.0028070519830957,0.428,1988.9221167564392,0.0060797855344056,msm_100_batches
10000,100,4,400,0.1905080620311071,0.25,0.8352716024899659,0.264,6.350574970245361,0.0734919379688929,msm_100_batches
10000,464,4,1856,0.3749291553630717,0.25,0.1922500168221477,0.3246,18.85942316055298,0.0503291553630717,msm_100_batches
10000,2154,4,8616,0.2555707391485641,0.25,0.0917123651090931,0.2454,120.7697296142578,0.010170739148564,msm_100_batches
10000,10000,4,40000,0.2704759024810943,0.25,0.0150040522962678,0.2618,1835.4956679344173,0.0086759024810942,msm_100_batches
100,100,1,100,0.4797171605308762,0.25,0.0801036438060492,0.4887,4.768796920776367,0.0089828394691238,msm_100_batches
100,464,1,464,0.4019804457493234,0.25,0.9046310029362428,0.3992,8.898771047592163,0.0027804457493234,msm_100_batches
100,2154,1,2154,0.0161615333117869,0.25,0.3436900441538888,0.0216,40.329569578170776,0.005438466688213,msm_100_batches
100,10000,1,10000,0.3546936256156475,0.25,0.1061394876952279,0.3531,732.2022511959076,0.0015936256156475,msm_100_batches
464,100,1,100,0.232500740781753,0.25,0.494116265896325,0.2298,4.826342344284058,0.002700740781753,msm_100_batches
464,464,1,464,0.4737744706975499,0.25,0.1321611419429381,0.4641,7.578487634658813,0.0096744706975498,msm_100_batches
464,2154,1,2154,0.1107163671617441,0.25,0.1916936479939025,0.1097,42.10445737838745,0.0010163671617441,msm_100_batches
464,10000,1,10000,0.1335360098421829,0.25,0.0152377618064642,0.1318,716.3639705181122,0.0017360098421828,msm_100_batches
2154,100,1,100,0.040736982438631,0.25,0.5079216999452875,0.0442,4.262970685958862,0.003463017561369,msm_100_batches
2154,464,1,464,0.2143094143318932,0.25,0.2615495518329871,0.2046,9.090811729431152,0.0097094143318932,msm_100_batches
2154,2154,1,2154,0.0545093820095341,0.25,0.3315335272820723,0.0552,44.26628398895264,0.0006906179904658,msm_100_batches
2154,10000,1,10000,0.3168933803059589,0.25,0.0216130657394473,0.3158,670.7224545478821,0.0010933803059589,msm_100_batches
10000,100,1,100,0.4014816186868689,0.25,0.7875518396525072,0.4015,3.621344804763794,1.8381313131088373e-05,msm_100_batches
10000,464,1,464,0.3484002480600892,0.25,0.1065838767888011,0.3383,9.19560480117798,0.0101002480600892,msm_100_batches
10000,2154,1,2154,0.3831056905378852,0.25,0.9152356766139162,0.3877,37.87078714370728,0.0045943094621148,msm_100_batches
10000,10000,1,10000,0.1712270599217599,0.25,0.0354322328876834,0.1698,589.8873600959778,0.0014270599217598,msm_100_batches
100,100,2,200,0.4229257415138388,0.25,0.5724051124346493,0.4262,4.573626518249512,0.0032742584861611,msm_100_batches
100,464,2,928,0.2143843874997212,0.25,0.0448453345890881,0.2111,10.99541687965393,0.0032843874997212,msm_100_batches
100,2154,2,4308,0.4120049352061594,0.25,0.365420747286831,0.4285,65.02837133407593,0.0164950647938406,msm_100_batches
100,10000,2,20000,0.3132480793121469,0.25,0.0189605947818296,0.3147,896.9739902019501,0.0014519206878531,msm_100_batches
464,100,2,200,0.0717115243351224,0.25,0.5279039784081266,0.0549,3.7659010887146,0.0168115243351224,msm_100_batches
464,464,2,928,0.0391934499274739,0.25,0.7400775431590716,0.0422,9.077720880508425,0.003006550072526,msm_100_batches
464,2154,2,4308,0.0091663214565036,0.25,0.0696060747062469,0.0146,63.92538595199585,0.0054336785434963,msm_100_batches
464,10000,2,20000,0.0333624988196782,0.25,0.0551087174186971,0.0337,918.410034418106,0.0003375011803217,msm_100_batches
2154,100,2,200,0.2292919068542159,0.25,0.2166172083287794,0.2215,3.685187101364136,0.0077919068542159,msm_100_batches
2154,464,2,928,0.0566709613837952,0.25,0.7591960493171447,0.045,11.30177402496338,0.0116709613837952,msm_100_batches
2154,2154,2,4308,0.0138916744243349,0.25,0.3356152244922069,0.0192,64.09819388389587,0.005308325575665,msm_100_batches
2154,10000,2,20000,0.3774307406952337,0.25,0.0176549034277083,0.3778,864.3694884777069,0.0003692593047663,msm_100_batches
10000,100,2,200,0.1974252402303197,0.25,0.8619665576670734,0.1897,4.0494115352630615,0.0077252402303197,msm_100_batches
10000,464,2,928,0.3734692478037625,0.25,0.0197750995163442,0.37,11.557762384414673,0.0034692478037625,msm_100_batches
10000,2154,2,4308,0.2262024133732257,0.25,0.3993672225734054,0.2317,51.15261149406433,0.0054975866267742,msm_100_batches
10000,10000,2,20000,0.2250433735003805,0.25,0.0558903811160938,0.2246,929.494658946991,0.0004433735003805,msm_100_batches
100,100,4,400,0.2390362533589154,0.25,0.4032204721058492,0.2491,3.8501791954040527,0.0100637466410845,msm_100_batches
100,464,4,1856,0.237001963281097,0.25,0.7587469310223366,0.2334,12.581173419952393,0.0036019632810969,msm_100_batches
100,2154,4,8616,0.4015816710570848,0.25,0.1664180598171935,0.3809,83.50543165206909,0.0206816710570847,msm_100_batches
100,10000,4,40000,0.2011962599288679,0.25,0.0493663087404213,0.2096,1285.2857339382172,0.008403740071132,msm_100_batches
464,100,4,400,0.4523430801718115,0.25,0.2780850486129828,0.4448,5.634418487548828,0.0075430801718114,msm_100_batches
464,464,4,1856,0.0185305239770179,0.25,0.0037936724093425,0.0094,12.26065444946289,0.0091305239770179,msm_100_batches
464,2154,4,8616,0.3869371713602093,0.25,0.2167833352634373,0.4027,83.36914873123169,0.0157628286397906,msm_100_batches
464,10000,4,40000,0.0628206905688694,0.25,0.0428948552268946,0.0656,1222.4733982086182,0.0027793094311305,msm_100_batches
2154,100,4,400,0.3092567834560427,0.25,0.7288508775192559,0.3051,3.673542499542236,0.0041567834560427,msm_100_batches
2154,464,4,1856,0.0051821306676159,0.25,0.5166887829215384,0.0025,11.265192747116089,0.0026821306676159,msm_100_batches
2154,2154,4,8616,0.2693136412881735,0.25,0.1641031209955341,0.2682,89.56154036521912,0.0011136412881734,msm_100_batches
2154,10000,4,40000,0.0015089783097981,0.25,0.0390264778438371,0.0079,1152.3644018173218,0.0063910216902018,msm_100_batches
10000,100,4,400,0.4755968927451022,0.25,0.3748759435368594,0.465,3.511636734008789,0.0105968927451022,msm_100_batches
10000,464,4,1856,0.452701016851389,0.25,0.7703225253299576,0.482,11.740432024002075,0.029298983148611,msm_100_batches
10000,2154,4,8616,0.3979834709711347,0.25,0.1742396284064938,0.3575,68.55776071548462,0.0404834709711346,msm_100_batches
10000,10000,4,40000,0.4576371599573937,0.25,0.0306605605772129,0.4629,1072.5684325695038,0.0052628400426062,msm_100_batches
