N,T,edge_per_t,tot_edges,epsilon,epsilon0,mu,epsilon_pgabm,time_pgabm,epochs_pgabm,distance_epsilon_pgabm,epsilon_msm_20_batches,time_msm_20_batches,distance_epsilon_msm_20_batches,epsilon_msm_50_batches,time_msm_50_batches,distance_epsilon_msm_50_batches,epsilon_msm_100_batches,time_msm_100_batches,distance_epsilon_msm_100_batches
100,100,1,100,0.41010123315767494,0.25,0.3772172876115065,0.4026492471332485,0.09662747383117676,180,0.007451986024426427,0.4378,0.25042128562927246,0.027698766842325084,0.4194,0.6274242401123047,0.009298766842325057,0.42060000000000003,1.2372722625732422,0.010498766842325091
100,316,1,316,0.24967055064891724,0.25,0.4244374662396153,0.2347838650358661,0.3062915802001953,500,0.014886685613051148,0.2503,0.3978266716003418,0.0006294493510827781,0.25520000000000004,0.9961569309234619,0.0055294493510827936,0.2561,2.0043466091156006,0.00642944935108275
100,1000,1,1000,0.0187919257428516,0.25,0.4729649518600131,0.03702765654152713,0.3866562843322754,411,0.018235730798675527,0.0256,1.038167953491211,0.0068080742571484006,0.0241,2.5929789543151855,0.005308074257148399,0.0253,5.174678802490234,0.006508074257148399
316,100,1,100,0.07375125269846772,0.25,0.4228418130386131,0.07999043711661838,0.13231348991394043,265,0.006239184418150662,0.0679,0.2552032470703125,0.0058512526984677155,0.09050000000000001,0.6181826591491699,0.016748747301532294,0.0862,1.237703800201416,0.012448747301532281
316,316,1,316,0.4613193473443356,0.25,0.10275656387416432,0.4658416147266897,0.17043495178222656,269,0.004522267382354117,0.43710000000000004,0.3994331359863281,0.024219347344335562,0.442,1.0008430480957031,0.019319347344335602,0.44730000000000003,1.9929203987121582,0.014019347344335575
316,1000,1,1000,0.022077398015931227,0.25,0.772580266631544,0.0411028077252944,0.39008474349975586,395,0.019025409709363172,0.0333,1.0332682132720947,0.011222601984068777,0.024300000000000002,2.586298942565918,0.0022226019840687755,0.0307,5.1852898597717285,0.008622601984068775
1000,100,1,100,0.18624938320267975,0.25,0.1372060034899114,0.1759669322980965,0.19144868850708008,381,0.01028245090458324,0.1907,0.25231266021728516,0.004450616797320256,0.1729,0.6215164661407471,0.013349383202679754,0.17170000000000002,1.2388293743133545,0.014549383202679733
1000,316,1,316,0.3095198173627354,0.25,0.424292374325812,0.3038542797929768,0.10059475898742676,156,0.0056655375697586274,0.31020000000000003,0.40067505836486816,0.0006801826372646036,0.3115,0.9962646961212158,0.0019801826372645714,0.3095,1.9950711727142334,1.9817362735430333e-05
1000,1000,1,1000,0.09847401945700834,0.25,0.2719561124527795,0.09990212413732107,0.24509835243225098,228,0.0014281046803127223,0.1,1.037363052368164,0.0015259805429916617,0.0944,2.590554714202881,0.004074019457008346,0.10060000000000001,5.190696477890015,0.002125980542991665
100,100,2,200,0.49053987862014864,0.25,0.3010079430799063,0.4779356635356629,0.12700438499450684,254,0.012604215084485726,0.4615,0.2796788215637207,0.029039878620148618,0.4889,0.690742015838623,0.0016398786201486382,0.48300000000000004,1.3844027519226074,0.007539878620148599
100,316,2,632,0.07798761652171121,0.25,0.6724207725864325,0.07877511761211073,0.17488408088684082,284,0.0007875010903995172,0.059300000000000005,0.5166246891021729,0.018687616521711206,0.07,1.2828304767608643,0.007987616521711205,0.0703,2.5885603427886963,0.00768761652171121
100,1000,2,2000,0.2698395975806372,0.25,0.5177867238134145,0.26197409369580527,0.4749565124511719,500,0.007865503884831926,0.28040000000000004,1.5331363677978516,0.010560402419362847,0.26930000000000004,3.791266441345215,0.0005395975806371522,0.2681,7.607784032821655,0.0017395975806371866
316,100,2,200,0.3090056621733223,0.25,0.19008705047994057,0.3013817220818245,0.06849145889282227,128,0.007623940091497805,0.2979,0.2810983657836914,0.011105662173322317,0.3,0.6930913925170898,0.009005662173322326,0.30560000000000004,1.3920948505401611,0.003405662173322277
316,316,2,632,0.11549497433485195,0.25,0.4691344398333771,0.1187908954134694,0.11974382400512695,188,0.003295921078617453,0.10990000000000001,0.520169734954834,0.00559497433485194,0.11080000000000001,1.2766609191894531,0.004694974334851942,0.1184,2.5784597396850586,0.0029050256651480533
316,1000,2,2000,0.2331544946046707,0.25,0.3395408687963035,0.23415572478922575,0.18989133834838867,136,0.0010012301845550575,0.2156,1.5204858779907227,0.01755449460467068,0.234,3.8066253662109375,0.0008455053953293212,0.2263,7.619149923324585,0.006854494604670691
1000,100,2,200,0.24550426456646463,0.25,0.7044971982481261,0.2449238989059944,0.2537515163421631,500,0.0005803656604702334,0.25220000000000004,0.28403329849243164,0.00669573543353541,0.2492,0.6918306350708008,0.00369573543353538,0.27030000000000004,1.381727933883667,0.024795735433535415
1000,316,2,632,0.383431188163271,0.25,0.226095202432549,0.3759622114728067,0.10397672653198242,160,0.007468976690464313,0.37010000000000004,0.5182754993438721,0.013331188163270946,0.3715,1.2798633575439453,0.01193118816327099,0.384,2.5702900886535645,0.0005688118367290218
1000,1000,2,2000,0.3171403763869367,0.25,0.8449881373583452,0.31159474145634064,0.19632315635681152,132,0.005545634930596066,0.3149,2.080892324447632,0.0022403763869366933,0.3259,3.8145453929901123,0.008759623613063316,0.318,7.646733999252319,0.0008596236130632984
100,100,4,400,0.2337750265326698,0.25,0.5262296648916304,0.23076351345389448,0.24985814094543457,500,0.003011513078775313,0.2477,0.3371303081512451,0.01392497346733021,0.2432,0.8381450176239014,0.009424973467330205,0.24980000000000002,1.684152364730835,0.016024973467330228
100,316,4,1264,0.3334712715969876,0.25,0.5006195729230891,0.32203596119804956,0.35776710510253906,500,0.011435310398938026,0.33490000000000003,0.7357251644134521,0.001428728403012447,0.3247,1.8378608226776123,0.008771271596987595,0.3252,3.6770265102386475,0.008271271596987595
100,1000,4,4000,0.22668871326109918,0.25,0.12684290344384008,0.22519066484537495,0.5341057777404785,500,0.0014980484157242346,0.2175,2.470123291015625,0.009188713261099185,0.23820000000000002,6.18095326423645,0.011511286738900839,0.2222,12.9075288772583,0.004488713261099175
316,100,4,400,0.26285579567070483,0.25,0.18615566973666398,0.25901601132007623,0.2524886131286621,500,0.0038397843506285945,0.2399,0.3445708751678467,0.022955795670704826,0.2464,0.8403267860412598,0.01645579567070482,0.25120000000000003,1.6750545501708984,0.011655795670704794
316,316,4,1264,0.32928402077918095,0.25,0.4718190627375968,0.33181059813861863,0.07738065719604492,120,0.002526577359437676,0.3438,0.7424411773681641,0.014515979220819042,0.30560000000000004,1.8404991626739502,0.023684020779180914,0.34850000000000003,3.7013444900512695,0.01921597922081908
316,1000,4,4000,0.09059769097693082,0.25,0.49091220891262866,0.08901566899536004,0.25015997886657715,252,0.0015820219815707859,0.10360000000000001,2.4873557090759277,0.013002309023069189,0.14,6.213798999786377,0.04940230902306919,0.1061,12.972316026687622,0.015502309023069177
1000,100,4,400,0.39402477558615356,0.25,0.13290623766182708,0.40435161275299936,0.10475325584411621,205,0.010326837166845793,0.3764,0.3385739326477051,0.01762477558615355,0.3945,0.8480219841003418,0.0004752244138464534,0.40950000000000003,1.6873388290405273,0.015475224413846467
1000,316,4,1264,0.30143266876919866,0.25,0.28346243242805713,0.2999922263350193,0.08003687858581543,122,0.0014404424341793454,0.4071,0.7408173084259033,0.10566733123080135,0.3062,1.8550288677215576,0.004767331230801364,0.3259,3.7088522911071777,0.02446733123080136
1000,1000,4,4000,0.4901664425686639,0.25,0.400320587141728,0.47655091417992296,0.36073946952819824,273,0.013615528388740916,0.4702,2.4972527027130127,0.019966442568663867,0.4902,6.248694181442261,3.3557431336150856e-05,0.49060000000000004,13.041705131530762,0.0004335574313361623
100,100,8,800,0.11119159676558787,0.25,0.6647768985107549,0.11195174586425563,0.1006019115447998,201,0.0007601490986677562,0.1411,0.4600555896759033,0.02990840323441213,0.1097,1.1484460830688477,0.0014915967655878687,0.1155,2.3035106658935547,0.004308403234412131
100,316,8,2528,0.23313323708328676,0.25,0.22053671573847866,0.23048400446457445,0.3587758541107178,500,0.002649232618712305,0.254,1.175020456314087,0.020866762916713244,0.2543,2.924894332885742,0.021166762916713266,0.2569,6.386229991912842,0.023766762916713258
100,1000,8,8000,0.4478209012997233,0.25,0.07866190169377796,0.4473780913887445,0.2951643466949463,240,0.00044280991097878086,0.4657,4.379334449768066,0.017879098700276708,0.46240000000000003,11.479167938232422,0.014579098700276738,0.465,23.514954090118408,0.01717909870027673
316,100,8,800,0.30071670484939406,0.25,0.41994825440192907,0.30347341960319635,0.062435150146484375,122,0.002756714753802292,0.2636,0.4631662368774414,0.037116704849394055,0.26430000000000003,1.1464440822601318,0.03641670484939402,0.261,2.312110185623169,0.03971670484939405
316,316,8,2528,0.3629794229244075,0.25,0.47688826126763934,0.3465494355977515,0.1167764663696289,135,0.016429987326656015,0.33530000000000004,1.1994836330413818,0.02767942292440745,0.33640000000000003,2.935851573944092,0.02657942292440746,0.3331,6.451672554016113,0.029879422924407484
316,1000,8,8000,0.20683508210068013,0.25,0.17983469180526887,0.2021117085886212,0.16770291328430176,119,0.004723373512058926,0.21030000000000001,4.409890413284302,0.0034649178993198804,0.19260000000000002,12.11013126373291,0.014235082100680113,0.20600000000000002,23.24099040031433,0.0008350821006801179
1000,100,8,800,0.3421548109156599,0.25,0.8573003334512307,0.3482222517472,0.06917881965637207,134,0.006067440831540094,0.2929,0.46335816383361816,0.04925481091565992,0.3589,1.1564545631408691,0.016745189084340084,0.35860000000000003,2.3127996921539307,0.016445189084340117
1000,316,8,2528,0.4730275149237816,0.25,0.5388540114386152,0.46101229288333606,0.22443366050720215,263,0.012015222040445528,0.4984,1.1817090511322021,0.02537248507621842,0.48760000000000003,2.9476821422576904,0.014572485076218444,0.4889,6.460608959197998,0.015872485076218412
1000,1000,8,8000,0.10009303286966104,0.25,0.059245516117924585,0.10147352429553334,0.2913193702697754,221,0.0013804914258723072,0.14400000000000002,4.439380645751953,0.04390696713033898,0.1047,11.64644479751587,0.004606967130338965,0.1061,23.9025137424469,0.006006967130338964
100,100,16,1600,0.4036826319386602,0.25,0.92572053533626,0.40660008386524604,0.13837122917175293,208,0.0029174519265858234,0.39,0.9007568359375,0.013682631938660206,0.4142,1.7975668907165527,0.010517368061339794,0.4116,3.5940847396850586,0.007917368061339802
100,316,16,5056,0.4847690060499482,0.25,0.3090171679888315,0.48951215845955337,0.29358506202697754,328,0.004743152409605156,0.49560000000000004,2.643462657928467,0.010830993950051826,0.4717,5.332916021347046,0.013069006049948206,0.48150000000000004,11.119457721710205,0.0032690060499481755
100,1000,16,16000,0.007284365881665866,0.25,0.03842268505348054,0.033634269589554545,0.45847535133361816,423,0.02634990370788868,0.0317,9.710793256759644,0.024415634118334133,0.0014,24.15783190727234,0.005884365881665866,0.026500000000000003,46.70652747154236,0.019215634118334136
316,100,16,1600,0.10760479329721379,0.25,0.3049656416420632,0.11362099660400203,0.10553646087646484,205,0.006016203306788245,0.1378,0.9295353889465332,0.03019520670278622,0.13090000000000002,1.9397621154785156,0.02329520670278623,0.1401,3.708730459213257,0.03249520670278622
316,316,16,5056,0.05868846015656487,0.25,0.3485634171000414,0.06287041149648785,0.20587921142578125,320,0.004181951339922982,0.09720000000000001,2.140685558319092,0.03851153984343514,0.024800000000000003,6.004441022872925,0.03388846015656487,0.061700000000000005,10.8997962474823,0.003011539843435135
316,1000,16,16000,0.3837117588707266,0.25,0.01575981004964981,0.38172406203730375,0.23951387405395508,172,0.0019876968334228695,0.38420000000000004,8.951273918151855,0.00048824112927342567,0.3861,23.682819843292236,0.002388241129273383,0.3922,46.671602725982666,0.008488241129273377
1000,100,16,1600,0.040608292971366644,0.25,0.6334608342357256,0.05122502009861453,0.18757128715515137,360,0.010616727127247885,0.0521,0.735964298248291,0.011491707028633356,0.13390000000000002,1.8596272468566895,0.09329170702863337,0.0889,3.706434488296509,0.04829170702863336
1000,316,16,5056,0.49920677929545376,0.25,0.10985472012398109,0.4832459225559409,0.24541902542114258,278,0.015960856739512863,0.38580000000000003,2.091418981552124,0.11340677929545373,0.4932,5.7892327308654785,0.006006779295453735,0.48750000000000004,11.265588998794556,0.011706779295453718
1000,1000,16,16000,0.19480600793965258,0.25,0.10340004064241327,0.19289918346187562,0.20860624313354492,130,0.0019068244777769583,0.1602,10.1551992893219,0.03460600793965257,0.2126,24.055091857910156,0.01779399206034743,0.2104,47.50685381889343,0.015593992060347422
100,100,32,3200,0.4526013829665202,0.25,0.22782715472243018,0.45253321049714834,0.16992998123168945,254,6.817246937185217e-05,0.4364,1.7368884086608887,0.016201382966520184,0.48350000000000004,2.9483675956726074,0.030898617033479847,0.4087,5.859618663787842,0.043901382966520186
100,316,32,10112,0.09428880174973392,0.25,0.14504867374779154,0.10057014190753132,0.263411283493042,341,0.0062813401577973965,0.1637,4.355757713317871,0.06941119825026609,0.13190000000000002,10.49571967124939,0.0376111982502661,0.1739,20.9529230594635,0.07961119825026608
100,1000,32,32000,0.22043609991114543,0.25,0.012026118150858675,0.21971662142538767,0.17122459411621094,117,0.000719478485757763,0.18610000000000002,18.479848384857178,0.03433609991114542,0.2501,45.52841830253601,0.029663900088854556,0.2503,91.64811778068542,0.02986390008885459
316,100,32,3200,0.42240590950310175,0.25,0.30090368596296213,0.41705630209548833,0.138777494430542,206,0.0053496074076134215,0.38920000000000005,1.193941593170166,0.033205909503101705,0.4147,2.937645435333252,0.007705909503101738,0.41390000000000005,6.402795791625977,0.008505909503101705
316,316,32,10112,0.2976348903366281,0.25,0.15893881060740253,0.2948672777618468,0.34708309173583984,439,0.0027676125747813085,0.2975,3.8538804054260254,0.0001348903366281129,0.2962,10.516686201095581,0.0014348903366280807,0.2904,21.58140754699707,0.007234890336628108
316,1000,32,32000,0.23107904834567855,0.25,0.024811763229523373,0.22956266414398827,0.5923986434936523,500,0.001516384201690285,0.20550000000000002,18.066340923309326,0.025579048345678534,0.2424,46.34339261054993,0.011320951654321454,0.2363,91.51106858253479,0.00522095165432146
1000,100,32,3200,0.2563248733785588,0.25,0.10098377491005617,0.2530687215754186,0.29886889457702637,500,0.003256151803140206,0.2571,1.1895134449005127,0.0007751266214411912,0.28850000000000003,2.962189197540283,0.03217512662144123,0.24630000000000002,6.460551977157593,0.010024873378558785
1000,316,32,10112,0.2869427634461737,0.25,0.12835882568209006,0.28704024757581414,0.12361454963684082,135,9.748412964044606e-05,0.2702,3.8873488903045654,0.016742763446173703,0.2726,10.60360860824585,0.01434276344617369,0.2732,21.244168281555176,0.0137427634461737
1000,1000,32,32000,0.2201596037927966,0.25,0.04708286286839952,0.22006766127312286,0.18022465705871582,114,9.194251967373224e-05,0.23370000000000002,18.624335765838623,0.013540396207203431,0.2013,46.62895703315735,0.01885960379279658,0.20370000000000002,92.1014335155487,0.016459603792796568
100,100,1,100,0.09677947886190524,0.25,0.2801926353730937,0.07633468083387522,0.13994216918945312,284,0.020444798028030023,0.07400000000000001,0.24808192253112793,0.022779478861905234,0.08610000000000001,0.622107744216919,0.010679478861905234,0.0876,1.23111891746521,0.009179478861905246
100,316,1,316,0.05698288072959318,0.25,0.45136186123240163,0.07245540132491174,0.1744687557220459,286,0.015472520595318562,0.0694,0.4012327194213867,0.012417119270406826,0.0613,0.9950661659240723,0.004317119270406823,0.055200000000000006,1.9753568172454834,0.0017828807295931712
100,1000,1,1000,0.075613963685074,0.25,0.9004489123860653,0.08035371601343448,0.2514822483062744,266,0.0047397523283604776,0.08120000000000001,1.025364875793457,0.0055860363149260045,0.07830000000000001,2.5658342838287354,0.0026860363149260047,0.07930000000000001,5.137126445770264,0.0036860363149260056
316,100,1,100,0.02624548192656695,0.25,0.8719856311909184,0.040457454528804324,0.1956777572631836,392,0.014211972602237374,0.0261,0.2469043731689453,0.00014548192656694756,0.0327,0.6241466999053955,0.006454518073433051,0.0323,1.231058120727539,0.006054518073433053
316,316,1,316,0.27933820553181576,0.25,0.7071876097841823,0.2675550487458333,0.3157918453216553,500,0.011783156785982463,0.2791,0.3955576419830322,0.00023820553181574944,0.2771,0.9955551624298096,0.002238205531815751,0.2632,1.9792847633361816,0.016138205531815775
316,1000,1,1000,0.4238605070180053,0.25,0.5909005994904067,0.41723907498239654,0.27045297622680664,218,0.006621432035608776,0.42960000000000004,1.0354812145233154,0.0057394929819947205,0.42400000000000004,2.580094575881958,0.0001394929819947266,0.4194,5.165985584259033,0.004460507018005322
1000,100,1,100,0.17955966946205537,0.25,0.8173822703971256,0.18602199574776576,0.0649716854095459,128,0.00646232628571039,0.18480000000000002,0.24822282791137695,0.0052403305379446485,0.1869,0.6233062744140625,0.007340330537944639,0.18680000000000002,1.2374546527862549,0.00724033053794465
1000,316,1,316,0.03765543631790891,0.25,0.907644646099839,0.04358478289304634,0.2444608211517334,384,0.005929346575137433,0.045200000000000004,0.39620018005371094,0.007544563682091096,0.0328,0.9962701797485352,0.004855436317908905,0.039,1.9847333431243896,0.001344563682091092
1000,1000,1,1000,0.21286220599255812,0.25,0.0025075596679231538,0.20525257337974315,0.12053322792053223,114,0.0076096326128149705,0.2031,1.0365712642669678,0.009762205992558115,0.2051,2.5841524600982666,0.007762205992558113,0.20950000000000002,5.162978172302246,0.0033622059925580983
100,100,2,200,0.30100391923600067,0.25,0.39722776623376177,0.29683817787360456,0.2475740909576416,500,0.004165741362396114,0.2731,0.2773933410644531,0.027903919236000663,0.2692,0.6980373859405518,0.03180391923600068,0.2706,1.3849279880523682,0.030403919236000665
100,316,2,632,0.2127017327878188,0.25,0.5614096837184815,0.2086282446046526,0.30806660652160645,500,0.004073488183166191,0.195,0.5111644268035889,0.01770173278781878,0.2152,1.2834522724151611,0.0024982672121812155,0.21880000000000002,2.560051679611206,0.006098267212181235
100,1000,2,2000,0.405360616803685,0.25,0.7339231362848766,0.3536117996405441,0.5325865745544434,500,0.05174881716314089,0.4032,1.5126307010650635,0.0021606168036850115,0.3845,3.7792446613311768,0.020860616803685006,0.3825,8.089719772338867,0.022860616803685008
316,100,2,200,0.4709431230933526,0.25,0.08747276218504352,0.4812101880075416,0.13342714309692383,265,0.010267064914188995,0.4539,0.2835662364959717,0.017043123093352597,0.451,0.6919209957122803,0.01994312309335261,0.4554,1.3892884254455566,0.015543123093352595
316,316,2,632,0.4349553866341772,0.25,0.3997549876808645,0.4277641041938464,0.13350582122802734,210,0.007191282440330793,0.4253,0.5128295421600342,0.009655386634177199,0.4329,1.2841060161590576,0.002055386634177203,0.42510000000000003,2.5667033195495605,0.009855386634177177
316,1000,2,2000,0.35199974913994425,0.25,0.2796211794498489,0.34379459068978924,0.1848161220550537,133,0.008205158450155015,0.3461,1.52394700050354,0.0058997491399442326,0.3468,3.809304714202881,0.005199749139944254,0.3422,7.613741874694824,0.009799749139944247
1000,100,2,200,0.23514946239108764,0.25,0.42351005310518297,0.2216615983164297,0.2527332305908203,500,0.013487864074657935,0.24980000000000002,0.2775285243988037,0.014650537608912384,0.2599,0.6988036632537842,0.024750537608912382,0.263,1.3813555240631104,0.027850537608912374
1000,316,2,632,0.34134902145162566,0.25,0.49797863267328835,0.3328111290580914,0.07950568199157715,122,0.008537892393534252,0.34890000000000004,0.5120782852172852,0.007550978548374387,0.3406,1.2851135730743408,0.0007490214516256422,0.3504,2.5635857582092285,0.009050978548374333
1000,1000,2,2000,0.006709155278264767,0.25,0.660015223526051,0.03212716753426115,0.4537692070007324,431,0.02541801225599638,0.007500000000000001,1.5227620601654053,0.0007908447217352338,0.0035,3.8116776943206787,0.0032091552782647667,0.009300000000000001,7.62219500541687,0.002590844721735234
100,100,4,400,0.49123905925102196,0.25,0.4962361389702792,0.46616304814454324,0.2060391902923584,409,0.025076011106478724,0.4932,0.33600544929504395,0.0019609407489780684,0.28450000000000003,0.8473734855651855,0.20673905925102193,0.2891,1.6916847229003906,0.20213905925102194
100,316,4,1264,0.08603866591444798,0.25,0.6204682006051905,0.08816098323627086,0.14828824996948242,239,0.0021223173218228863,0.059800000000000006,0.735954999923706,0.02623866591444797,0.0728,1.839076280593872,0.013238665914447972,0.0734,3.679368257522583,0.012638665914447969
100,1000,4,4000,0.4531301979808409,0.25,0.2912199309446113,0.4466591396613922,0.31514644622802734,268,0.006471058319448719,0.4414,2.4660227298736572,0.011730197980840906,0.37120000000000003,6.689367055892944,0.08193019798084089,0.3764,12.318941593170166,0.07673019798084091
316,100,4,400,0.40355495083305304,0.25,0.42833239803885637,0.3873930062420096,0.09244537353515625,183,0.01616194459104342,0.3607,0.33709073066711426,0.04285495083305302,0.37420000000000003,0.8387570381164551,0.029354950833053006,0.3795,1.6874186992645264,0.024054950833053035
316,316,4,1264,0.40006984219349384,0.25,0.004976364711265391,0.3975266719177645,0.15679144859313965,185,0.0025431702757293673,0.4098,0.7451846599578857,0.009730157806506157,0.4182,1.8409347534179688,0.018130157806506175,0.4113,3.696073055267334,0.011230157806506158
316,1000,4,4000,0.13446802889253245,0.25,0.09725820692980092,0.1313537504379702,0.22262334823608398,169,0.003114278454562247,0.13870000000000002,3.0119714736938477,0.004231971107467564,0.1487,6.20812726020813,0.014231971107467545,0.1265,12.431857109069824,0.007968028892532453
1000,100,4,400,0.10957690287862903,0.25,0.3202066542862888,0.11087412579537421,0.10123085975646973,200,0.0012972229167451804,0.08170000000000001,0.3374621868133545,0.027876902878629026,0.1131,0.8480172157287598,0.0035230971213709716,0.12480000000000001,1.6817810535430908,0.015223097121370974
1000,316,4,1264,0.21440034645704437,0.25,0.1469781258549313,0.21162767825034823,0.3206052780151367,500,0.0027726682066961383,0.2026,0.7450118064880371,0.011800346457044364,0.2119,2.3758902549743652,0.002500346457044361,0.2179,3.7105960845947266,0.003499653542955644
1000,1000,4,4000,0.42468555036532746,0.25,0.29933194080321784,0.4169559853064609,0.27617526054382324,208,0.007729565058866572,0.4031,2.496103525161743,0.021585550365327444,0.4146,6.2284111976623535,0.010085550365327434,0.4107,13.012094497680664,0.013985550365327448
100,100,8,800,0.22518982123586012,0.25,0.6114994766596024,0.23543885423179206,0.24912238121032715,500,0.01024903299593194,0.23950000000000002,0.4633371829986572,0.014310178764139897,0.3724,1.1515161991119385,0.1472101787641399,0.2444,2.3028907775878906,0.019210178764139885
100,316,8,2528,0.4677100570035309,0.25,0.3956434015798493,0.4741418335866348,0.2588827610015869,333,0.006431776583103899,0.4534,1.1650795936584473,0.014310057003530885,0.4859,2.915987014770508,0.01818994299646909,0.49150000000000005,5.8321692943573,0.023789942996469138
100,1000,8,8000,0.176339663625869,0.25,0.08021222540021614,0.17510779459445444,0.17280244827270508,127,0.001231869031414562,0.1583,4.914860486984253,0.018039663625869007,0.1491,11.499164581298828,0.027239663625868993,0.1539,23.508405447006226,0.022439663625868994
316,100,8,800,0.30969608284837985,0.25,0.6532580520244544,0.31201764287122014,0.06513667106628418,128,0.0023215600228402855,0.2238,0.45989489555358887,0.08589608284837985,0.1991,1.1483314037322998,0.11059608284837985,0.1966,2.3123297691345215,0.11309608284837985
316,316,8,2528,0.4903495181778901,0.25,0.15054072996759787,0.47616991193406627,0.23068952560424805,282,0.014179606243823806,0.46990000000000004,1.1753458976745605,0.020449518177890036,0.49350000000000005,2.934588670730591,0.003150481822109974,0.4968,5.87234091758728,0.006450481822109944
316,1000,8,8000,0.32173126112040246,0.25,0.0014702453611570576,0.3198583343671533,0.15559029579162598,110,0.0018729267532491822,0.3514,4.950899362564087,0.029668738879597534,0.30760000000000004,11.548393487930298,0.014131261120402416,0.3563,23.656511306762695,0.03456873887959755
1000,100,8,800,0.02274910802030189,0.25,0.7349420186839615,0.040562779468657315,0.20026516914367676,398,0.017813671448355425,0.0485,0.4600818157196045,0.025750891979698112,0.0395,1.1582832336425781,0.01675089197969811,0.030600000000000002,2.307224988937378,0.007850891979698113
1000,316,8,2528,0.2317785454758559,0.25,0.35087329264551825,0.22734835406111709,0.37431859970092773,500,0.004430191414738827,0.2048,1.1818485260009766,0.026978545475855903,0.1681,2.9595327377319336,0.06367854547585591,0.2424,5.919958829879761,0.010621454524144092
1000,1000,8,8000,0.1673756718568319,0.25,0.1744604140124621,0.16759125894759655,0.1866006851196289,125,0.00021558709076466287,0.1771,4.977718114852905,0.00972432814316812,0.1665,11.632592678070068,0.0008756718568318778,0.1446,23.829045057296753,0.02277567185683188
100,100,16,1600,0.2660907742608373,0.25,0.185043349636976,0.2676784918996896,0.29332947731018066,500,0.0015877176388522929,0.35950000000000004,0.6973071098327637,0.09340922573916272,0.3599,1.8149473667144775,0.09380922573916267,0.3794,3.4911041259765625,0.11330922573916269
100,316,16,5056,0.1423731043065657,0.25,0.024770491291105808,0.13870172278651433,0.13678646087646484,165,0.0036713815200513644,0.27890000000000004,2.0487701892852783,0.13652689569343435,0.10250000000000001,5.599144220352173,0.03987310430656568,0.09730000000000001,10.664079189300537,0.04507310430656568
100,1000,16,16000,0.0611306151150014,0.25,0.04726357334787766,0.06438003851224565,0.3442528247833252,302,0.0032494233972442527,0.0494,8.83909010887146,0.011730615115001397,0.0741,22.793317317962646,0.012969384884998603,0.0716,45.50908803939819,0.0104693848849986
316,100,16,1600,0.3341444943754009,0.25,0.695996510445494,0.3412471295355287,0.08287525177001953,127,0.007102635160127824,0.37260000000000004,0.7359590530395508,0.03845550562459915,0.3017,1.7523627281188965,0.03244449437540087,0.304,3.5002264976501465,0.0301444943754009
316,316,16,5056,0.34067987744565315,0.25,0.04067182256895405,0.33970978918459477,0.1129770278930664,130,0.0009700882610583772,0.2985,2.598161220550537,0.04217987744565316,0.337,5.103907108306885,0.0036798774456531236,0.3114,10.740567207336426,0.029279877445653135
316,1000,16,16000,0.4335696499995442,0.25,0.024479279209374052,0.42217776589850176,0.2893815040588379,220,0.011391884101042471,0.4359,9.39755630493164,0.002330350000455783,0.4365,22.806594133377075,0.0029303500004557725,0.434,45.66509556770325,0.0004303500004557703
1000,100,16,1600,0.06619074678136871,0.25,0.4539526504065199,0.06906470485088259,0.15138602256774902,297,0.0028739580695138767,0.1429,0.7028043270111084,0.07670925321863128,0.1406,1.7650830745697021,0.07440925321863129,0.1414,3.5284817218780518,0.07520925321863128
1000,316,16,5056,0.3993101541390155,0.25,0.24570774908767645,0.39730625184099594,0.1674056053161621,190,0.0020039022980195553,0.3894,2.066854953765869,0.00991015413901547,0.3885,5.685741424560547,0.010810154139015482,0.39830000000000004,10.84110426902771,0.0010101541390154511
1000,1000,16,16000,0.4133843692025645,0.25,0.09376553100862313,0.4020293269113582,0.27533721923828125,194,0.011355042291206319,0.4167,8.941630601882935,0.0033156307974355204,0.4141,23.019636631011963,0.0007156307974355292,0.41300000000000003,46.10095548629761,0.0003843692025644607
100,100,32,3200,0.32327496787557597,0.25,0.06858438830353537,0.32309984859401314,0.0909278392791748,138,0.00017511928156282996,0.334,1.2032697200775146,0.01072503212442405,0.34750000000000003,2.9338622093200684,0.024225032124424062,0.3435,5.870953798294067,0.02022503212442406
100,316,32,10112,0.10246107289031692,0.25,0.1235410615418594,0.10036866586764852,0.19334888458251953,229,0.0020924070226683994,0.11270000000000001,4.379699468612671,0.01023892710968309,0.09570000000000001,10.498596429824829,0.00676107289031691,0.10490000000000001,20.964173316955566,0.0024389271096830895
100,1000,32,32000,0.13071035720291896,0.25,0.02421003263403005,0.12836248878071507,0.23272013664245605,176,0.002347868422203886,0.1277,18.529387712478638,0.0030103572029189507,0.13770000000000002,45.69858241081238,0.006989642797081058,0.1223,92.04058909416199,0.008410357202918953
316,100,32,3200,0.20924840876958783,0.25,0.4188064804673794,0.20823484259495648,0.2965078353881836,500,0.0010135661746313585,0.234,1.1779932975769043,0.02475159123041218,0.23500000000000001,2.9357993602752686,0.02575159123041218,0.1943,6.428435325622559,0.014948408769587834
316,316,32,10112,0.27089953639136566,0.25,0.04026115064515459,0.27026914174240857,0.3790578842163086,500,0.0006303946489570889,0.277,4.3772571086883545,0.0061004636086343655,0.2803,10.5060555934906,0.009400463608634335,0.2793,21.026354789733887,0.008400463608634334
316,1000,32,32000,0.2387189777961085,0.25,0.032994924845670695,0.2361438569038618,0.5962374210357666,500,0.0025751208922467073,0.2479,18.00900387763977,0.009181022203891498,0.2426,46.24598550796509,0.0038810222038914988,0.23820000000000002,91.42482280731201,0.0005189777961084885
1000,100,32,3200,0.2337299460226847,0.25,0.10760159684745793,0.22965346049423135,0.2983102798461914,500,0.004076485528453355,0.2044,1.1890993118286133,0.02932994602268471,0.3079,3.504728317260742,0.0741700539773153,0.3073,5.932250738143921,0.07357005397731531
1000,316,32,10112,0.4199203550988337,0.25,0.0036948192239666423,0.41521296920681944,0.18457388877868652,204,0.004707385892014249,0.49310000000000004,4.4249608516693115,0.07317964490116635,0.4471,10.624057292938232,0.02717964490116631,0.4179,21.251477241516113,0.0020203550988336927
1000,1000,32,32000,0.43505118265378384,0.25,0.03043439040149732,0.42428827052804047,0.3246595859527588,220,0.010762912125743374,0.44110000000000005,18.681392192840576,0.0060488173462162065,0.4385,45.94813585281372,0.0034488173462161598,0.43,92.57713103294373,0.005051182653783848
100,100,1,100,0.40837698218838336,0.25,0.18417777656089307,0.39305054791055044,0.08804202079772949,177,0.015326434277832923,0.4006,0.2513399124145508,0.007776982188383352,0.42410000000000003,0.6178634166717529,0.01572301781161667,0.39690000000000003,1.238525152206421,0.011476982188383333
100,316,1,316,0.4389007093173498,0.25,0.6383433300033875,0.43887362389054757,0.1414940357208252,228,2.7085426802242463e-05,0.4415,0.4046967029571533,0.0025992906826501905,0.4474,0.9946694374084473,0.008499290682650207,0.45130000000000003,1.990203857421875,0.012399290682650221
100,1000,1,1000,0.28550438096853653,0.25,0.5365748193404329,0.28342496546128687,0.47324395179748535,500,0.00207941550724966,0.299,1.0281713008880615,0.013495619031463457,0.2766,2.569035053253174,0.008904380968536518,0.2786,5.15877103805542,0.0069043809685365165
316,100,1,100,0.4820180666695409,0.25,0.7749453799977457,0.47838353793944893,0.1483147144317627,296,0.003634528730091957,0.48410000000000003,0.24856185913085938,0.0020819333304591403,0.4858,0.6183063983917236,0.0037819333304591196,0.4869,1.2371959686279297,0.0048819333304591095
316,316,1,316,0.30327217412523383,0.25,0.3929599026342032,0.2931334784083015,0.31899523735046387,500,0.010138695716932322,0.3063,0.3966634273529053,0.003027825874766188,0.2781,0.9907588958740234,0.025172174125233815,0.28950000000000004,1.9935641288757324,0.013772174125233794
316,1000,1,1000,0.3019738705398407,0.25,0.9894521308362529,0.3007009346817063,0.1254589557647705,125,0.0012729358581344274,0.2953,1.0380637645721436,0.006673870539840698,0.30610000000000004,2.595269203186035,0.0041261294601593335,0.3042,5.1909191608428955,0.0022261294601593207
1000,100,1,100,0.15964886853730942,0.25,0.5152146961620737,0.16401131280281206,0.1134943962097168,224,0.004362444265502641,0.1832,0.25057554244995117,0.023551131462690583,0.17980000000000002,0.6182279586791992,0.020151131462690597,0.166,1.2422564029693604,0.00635113146269059
1000,316,1,316,0.3406020920585095,0.25,0.47882340118547173,0.3233160169574432,0.07560944557189941,116,0.01728607510106628,0.33390000000000003,0.4072916507720947,0.006702092058509468,0.3385,0.9902157783508301,0.002102092058509475,0.3406,1.9974710941314697,2.0920585094841293e-06
1000,1000,1,1000,0.025982844252680493,0.25,0.7494424707521696,0.0397025163542486,0.41028571128845215,400,0.01371967210156811,0.0213,1.036870002746582,0.004682844252680493,0.0332,2.5915658473968506,0.007217155747319508,0.0261,5.181590557098389,0.00011715574731950909
100,100,2,200,0.06727321050597113,0.25,0.5726882932924154,0.07148009806626299,0.14068388938903809,283,0.004206887560291861,0.062200000000000005,0.2795100212097168,0.005073210505971121,0.0843,0.6917688846588135,0.017026789494028874,0.07970000000000001,1.3942937850952148,0.012426789494028881
100,316,2,632,0.06512108378638254,0.25,0.3624653173000254,0.07442304006487141,0.18434572219848633,297,0.009301956278488871,0.08030000000000001,0.5114092826843262,0.015178916213617472,0.059800000000000006,1.2783868312835693,0.005321083786382533,0.0625,2.5752201080322266,0.0026210837863825387
100,1000,2,2000,0.32760064361236785,0.25,0.48924478546014216,0.30912009007926117,0.5317318439483643,500,0.01848055353310668,0.3367,1.5110392570495605,0.009099356387632151,0.319,3.778348207473755,0.008600643612367842,0.32,7.602597951889038,0.007600643612367841
316,100,2,200,0.08766629588566915,0.25,0.18913837493884977,0.08447181927620609,0.13518905639648438,269,0.003194476609463065,0.09000000000000001,0.2789137363433838,0.0023337041143308562,0.08560000000000001,0.7029259204864502,0.002066295885669145,0.0863,1.3841009140014648,0.0013662958856691526
316,316,2,632,0.1705734116257736,0.25,0.39358341429686194,0.17660485561016687,0.09106826782226562,143,0.006031443984393259,0.1723,0.5216414928436279,0.001726588374226401,0.1854,1.280216932296753,0.014826588374226402,0.1812,2.576334238052368,0.010626588374226392
316,1000,2,2000,0.022155827916552295,0.25,0.029961752524048535,0.038648710316543655,0.40351271629333496,408,0.01649288239999136,0.031100000000000003,1.5296080112457275,0.008944172083447707,0.019200000000000002,3.8326191902160645,0.0029558279165522935,0.016900000000000002,7.670438051223755,0.0052558279165522935
1000,100,2,200,0.1168671800582553,0.25,0.46252906034220287,0.12299925139457879,0.09082579612731934,177,0.006132071336323486,0.11470000000000001,0.28322339057922363,0.002167180058255294,0.1333,0.7093939781188965,0.016432819941744697,0.134,1.3943288326263428,0.017132819941744704
1000,316,2,632,0.48211216242464705,0.25,0.2744741128035708,0.47608521362782064,0.16631269454956055,255,0.006026948796826415,0.47650000000000003,0.516242265701294,0.005612162424647016,0.4703,1.2986445426940918,0.011812162424647055,0.4622,2.5908498764038086,0.01991216242464705
1000,1000,2,2000,0.25456970125818384,0.25,0.5267158603586157,0.24993451745213796,0.5715231895446777,500,0.004635183806045884,0.25780000000000003,1.5261776447296143,0.0032302987418161844,0.2556,4.36101770401001,0.0010302987418161491,0.2546,7.650585651397705,3.0298741816148222e-05
100,100,4,400,0.07553725923571597,0.25,0.029272121403112528,0.07738467489573773,0.13449335098266602,273,0.0018474156600217645,0.0792,0.3442540168762207,0.0036627407642840365,0.09970000000000001,0.8429298400878906,0.02416274076428404,0.07350000000000001,1.6848959922790527,0.0020372592357159602
100,316,4,1264,0.26150426586723213,0.25,0.5550867665221745,0.2540434365543523,0.3118410110473633,500,0.007460829312879835,0.25780000000000003,0.7377548217773438,0.003704265867232104,0.2639,1.8372509479522705,0.0023957341327678905,0.2676,3.690384864807129,0.006095734132767872
100,1000,4,4000,0.4717546919555404,0.25,0.1464989418141786,0.44620518012747284,0.29929351806640625,252,0.025549511828067528,0.4043,2.4690537452697754,0.06745469195554038,0.3891,6.171079635620117,0.08265469195554037,0.393,12.892117738723755,0.07875469195554036
316,100,4,400,0.432843007003167,0.25,0.5774906810135474,0.4186248853489423,0.11315250396728516,223,0.014218121654224702,0.42910000000000004,0.33864474296569824,0.003743007003166987,0.40750000000000003,0.8410711288452148,0.025343007003166995,0.41290000000000004,1.6919255256652832,0.01994300700316698
316,316,4,1264,0.19603293446519343,0.25,0.7327698532613667,0.1915433666769043,0.09960627555847168,156,0.004489567788289128,0.2326,0.7381515502929688,0.03656706553480657,0.18230000000000002,1.8483128547668457,0.013732934465193414,0.1816,3.70149302482605,0.01443293446519342
316,1000,4,4000,0.14193375798670133,0.25,0.22016891339821887,0.13744579295413964,0.21891474723815918,165,0.004487965032561686,0.1287,2.4903228282928467,0.013233757986701317,0.1336,6.234925746917725,0.008333757986701329,0.132,12.98631477355957,0.00993375798670132
1000,100,4,400,0.3808649313463709,0.25,0.6631568228819655,0.3774137750639199,0.08408713340759277,162,0.003451156282451018,0.3976,0.34450650215148926,0.016735068653629115,0.3609,0.8419301509857178,0.019964931346370896,0.4053,1.6845943927764893,0.0244350686536291
1000,316,4,1264,0.1202421624015439,0.25,0.23890995487021205,0.12529930238333992,0.1219797134399414,182,0.005057139981796022,0.1076,0.7431800365447998,0.012642162401543894,0.11420000000000001,1.8467283248901367,0.006042162401543885,0.11380000000000001,3.7212276458740234,0.006442162401543883
1000,1000,4,4000,0.1271161773286762,0.25,0.49929954429323997,0.12698227120655806,0.23867011070251465,178,0.00013390612211813813,0.1703,2.4966208934783936,0.04318382267132381,0.1443,6.231179475784302,0.017183822671323817,0.13390000000000002,13.035351991653442,0.006783822671323825
100,100,8,800,0.042043177089964745,0.25,0.24287852161976753,0.05538877185072631,0.17244791984558105,346,0.013345594760761567,0.11130000000000001,0.46111464500427246,0.06925682291003527,0.0641,1.1594791412353516,0.02205682291003526,0.1053,2.317016839981079,0.06325682291003526
100,316,8,2528,0.43207204738201344,0.25,0.7443262772005734,0.36901427911510265,0.3660604953765869,500,0.06305776826691079,0.4404,1.1728098392486572,0.008327952617986578,0.4413,2.9283320903778076,0.00922795261798659,0.45680000000000004,6.390591382980347,0.024727952617986604
100,1000,8,8000,0.22394945781013992,0.25,0.05430493759775448,0.22184146721206827,0.5419435501098633,500,0.002107990598071652,0.24070000000000003,4.3997108936309814,0.016750542189860107,0.2494,11.578583478927612,0.025450542189860093,0.2303,23.585821866989136,0.006350542189860087
316,100,8,800,0.2808931303049868,0.25,0.49756438460506747,0.2770201532814186,0.2526233196258545,500,0.0038729770235682026,0.2232,0.46202898025512695,0.057693130304986795,0.331,1.1476726531982422,0.05010686969501321,0.3251,2.301661968231201,0.044206869695013196
316,316,8,2528,0.36835547884675995,0.25,0.6496653203265316,0.35614653561685744,0.12770891189575195,148,0.012208943229902514,0.3502,1.2027716636657715,0.018155478846759943,0.342,2.952683925628662,0.026355478846759928,0.3425,5.9083027839660645,0.025855478846759927
316,1000,8,8000,0.3982444335655978,0.25,0.17914701169868355,0.3897216880444675,0.24050617218017578,178,0.008522745521130304,0.38530000000000003,4.941476106643677,0.012944433565597768,0.39530000000000004,11.566558837890625,0.0029444335655977594,0.3896,23.678641319274902,0.008644433565597798
1000,100,8,800,0.22375406949515692,0.25,0.705580412120669,0.21500902410892508,0.2554638385772705,500,0.008745045386231831,0.0635,0.4607977867126465,0.16025406949515691,0.1374,1.1504833698272705,0.08635406949515692,0.1628,2.314146041870117,0.060954069495156915
1000,316,8,2528,0.09206377808789917,0.25,0.3484498101073718,0.0928307684459725,0.15321946144104004,236,0.00076699035807333,0.12050000000000001,1.1888258457183838,0.028436221912100837,0.1101,2.9656176567077637,0.01803622191210083,0.10650000000000001,6.459968328475952,0.014436221912100838
1000,1000,8,8000,0.4143664257641509,0.25,0.18854375636378984,0.40212985393058875,0.2560610771179199,187,0.012236571833562138,0.4036,4.44602370262146,0.010766425764150878,0.3991,11.641743659973145,0.015266425764150882,0.41140000000000004,23.82564949989319,0.0029664257641508485
100,100,16,1600,0.015498979914127908,0.25,0.9199535770148588,0.03594035278782705,0.214524507522583,432,0.02044137287369914,0.0005,0.7047948837280273,0.014998979914127908,0.0833,1.7437241077423096,0.06780102008587209,0.08370000000000001,3.509072780609131,0.0682010200858721
100,316,16,5056,0.4733641348039762,0.25,0.17458534229265738,0.47639588169325836,0.23581576347351074,291,0.0030317468892821497,0.4713,2.558835983276367,0.002064134803976214,0.49760000000000004,5.071635961532593,0.02423586519602383,0.4948,10.676561832427979,0.021435865196023807
100,1000,16,16000,0.2884889232387508,0.25,0.0659956855193376,0.29034634483709654,0.5533745288848877,500,0.001857421598345732,0.3427,9.402285814285278,0.0542110767612492,0.3411,22.910006523132324,0.05261107676124921,0.31920000000000004,45.675127267837524,0.030711076761249234
316,100,16,1600,0.4376943692253435,0.25,0.06603558401663734,0.4341575277922512,0.12007451057434082,233,0.003536841433092297,0.4741,0.7020878791809082,0.03640563077465653,0.457,1.760575294494629,0.019305630774656524,0.47450000000000003,3.532782793045044,0.03680563077465654
316,316,16,5056,0.30428271848677935,0.25,0.1545779563570778,0.3025279772003188,0.08745908737182617,129,0.001754741286460526,0.321,2.0790293216705322,0.01671728151322066,0.3106,5.711866617202759,0.006317281513220641,0.3178,10.84149169921875,0.01351728151322068
316,1000,16,16000,0.12582979207616185,0.25,0.05840482079165574,0.12351337211328571,0.18788504600524902,185,0.00231641996287614,0.1491,8.845765113830566,0.02327020792383816,0.1527,22.907971620559692,0.026870207923838152,0.1514,45.86157155036926,0.025570207923838156
1000,100,16,1600,0.1480649617479522,0.25,0.8951377108035733,0.14991046700607552,0.07664871215820312,149,0.0018455052581233256,0.1554,0.713078498840332,0.007335038252047815,0.1567,1.7553801536560059,0.00863503825204781,0.1635,3.523483991622925,0.015435038252047811
1000,316,16,5056,0.2664612795158266,0.25,0.043733164658006814,0.26636034556245636,0.3321378231048584,500,0.00010093395337024136,0.2417,2.073395252227783,0.0247612795158266,0.2978,5.700349569320679,0.03133872048417341,0.2559,10.855457305908203,0.010561279515826583
1000,1000,16,16000,0.48103910642354675,0.25,0.09139220039987082,0.46409775013270776,0.3004310131072998,267,0.016941356290838983,0.4743,9.412072896957397,0.006739106423546748,0.4646,23.010297060012817,0.016439106423546734,0.47400000000000003,45.545037508010864,0.007039106423546715
100,100,32,3200,0.09224780224508883,0.25,0.34091948034294967,0.09810759150719392,0.14243364334106445,282,0.005859789262105092,0.1105,1.6994435787200928,0.018252197754911173,0.10590000000000001,2.923959970474243,0.01365219775491118,0.1169,5.857203960418701,0.024652197754911176
100,316,32,10112,0.2549491890715545,0.25,0.11996349495975939,0.22615510929611862,0.3397970199584961,500,0.028794079775435882,0.2818,4.3611297607421875,0.02685081092844549,0.27790000000000004,10.475253343582153,0.02295081092844553,0.2782,20.937620878219604,0.023250810928445498
100,1000,32,32000,0.1718940517184222,0.25,0.0018614340080975178,0.1713367970578388,0.1732194423675537,122,0.0005572546605834006,0.1723,17.959351301193237,0.00040594828157780594,0.1487,46.028005838394165,0.023194051718422204,0.15460000000000002,91.01933860778809,0.017294051718422188
316,100,32,3200,0.38486267247859285,0.25,0.09171711235048723,0.387389910112054,0.12080812454223633,179,0.0025272376334611324,0.38170000000000004,1.1987667083740234,0.0031626724785928095,0.35550000000000004,3.464158296585083,0.02936267247859281,0.3824,5.870516538619995,0.002462672478592831
316,316,32,10112,0.401433243216212,0.25,0.05616756832796384,0.39781562646855123,0.17415428161621094,190,0.003617616747660757,0.4146,4.384667873382568,0.013166756783788036,0.40080000000000005,10.50772500038147,0.0006332432162119428,0.4096,21.01810359954834,0.008166756783788032
316,1000,32,32000,0.2122799551511083,0.25,0.0003045029971003796,0.21112979598008053,0.16151952743530273,109,0.001150159171027787,0.2179,18.54293394088745,0.005620044848891698,0.2449,45.70988869667053,0.032620044848891694,0.24250000000000002,92.15923237800598,0.03022004484889171
1000,100,32,3200,0.10206124999716792,0.25,0.4182236236232105,0.10240467612974517,0.11356115341186523,217,0.00034342613257724863,0.113,1.198075294494629,0.010938750002832079,0.11620000000000001,2.994694232940674,0.014138750002832087,0.12350000000000001,5.982346773147583,0.021438750002832088
1000,316,32,10112,0.03354473016442766,0.25,0.17212380318880502,0.04487848710670077,0.2928493022918701,381,0.011333756942273107,0.030100000000000002,4.4284422397613525,0.003444730164427659,0.041100000000000005,10.599513053894043,0.007555269835572344,0.0407,21.396839380264282,0.007155269835572339
1000,1000,32,32000,0.09932413221028075,0.25,0.03418551932945255,0.09839910370138277,0.308544397354126,230,0.0009250285088979737,0.0787,18.800067901611328,0.02062413221028074,0.0814,46.316341400146484,0.017924132210280747,0.0784,93.39125227928162,0.02092413221028075
100,100,1,100,0.1362004250646911,0.25,0.5431640475192038,0.13547922848136626,0.08220076560974121,164,0.0007211965833248402,0.14850000000000002,0.25080394744873047,0.012299574935308921,0.12290000000000001,0.6226427555084229,0.01330042506469109,0.1257,1.2593493461608887,0.010500425064691093
100,316,1,316,0.2993944589546052,0.25,0.6157259286130373,0.30137367461019304,0.09943199157714844,158,0.0019792156555878404,0.31,0.4043385982513428,0.010605541045394795,0.2877,1.0045735836029053,0.011694458954605191,0.2963,2.0033347606658936,0.003094458954605195
100,1000,1,1000,0.4365417486372178,0.25,0.30218150041580416,0.43687244520518004,0.27790045738220215,233,0.000330696567962252,0.4534,1.0442497730255127,0.01685825136278224,0.44210000000000005,2.5983192920684814,0.005558251362782263,0.4395,5.2202794551849365,0.002958251362782216
316,100,1,100,0.06411546942274315,0.25,0.3667319816609417,0.06362937762126916,0.15505504608154297,307,0.00048609180147399234,0.062400000000000004,0.2501699924468994,0.0017154694227431502,0.0594,0.6214840412139893,0.004715469422743153,0.0582,1.255894422531128,0.005915469422743153
316,316,1,316,0.479094370857448,0.25,0.5749397272777665,0.4730432300399828,0.18593811988830566,288,0.006051140817465217,0.45520000000000005,0.40021729469299316,0.023894370857447944,0.4661,1.0053856372833252,0.012994370857447979,0.4676,2.0078284740448,0.011494370857447977
316,1000,1,1000,0.34158542192707325,0.25,0.8092165837173445,0.3437373402569589,0.14031124114990234,137,0.0021519183298856492,0.3458,1.0413243770599365,0.004214578072926745,0.3356,2.5846691131591797,0.005985421927073242,0.34,5.182718753814697,0.0015854219270732273
1000,100,1,100,0.3709821178391901,0.25,0.2015966344081711,0.34038307203036444,0.06576371192932129,127,0.030599045808825664,0.34400000000000003,0.25034618377685547,0.02698211783919008,0.3375,0.6203312873840332,0.033482117839190084,0.33590000000000003,1.253279685974121,0.035082117839190075
1000,316,1,316,0.4914403929604953,0.25,0.32752405584828914,0.5023169878444727,0.20812463760375977,316,0.010876594883977353,0.49560000000000004,0.40082597732543945,0.004159607039504742,0.4927,1.0085327625274658,0.0012596070395047287,0.49310000000000004,2.011732816696167,0.0016596070395047402
1000,1000,1,1000,0.20805038630907102,0.25,0.742921250389697,0.2019312627512301,0.12699031829833984,119,0.0061191235578409164,0.1938,1.0466735363006592,0.014250386309071023,0.20470000000000002,2.5987582206726074,0.0033503863090710018,0.2,5.210947275161743,0.008050386309071011
100,100,2,200,0.2657917329479509,0.25,0.3409202491323421,0.245943826342631,0.25005364418029785,500,0.019847906605319876,0.263,0.27994370460510254,0.0027917329479508757,0.2715,0.6966712474822998,0.005708267052049132,0.2614,1.4035780429840088,0.004391732947950866
100,316,2,632,0.3396064750978593,0.25,0.047610928706555034,0.34338880227561935,0.08719873428344727,132,0.0037823271777600587,0.3337,0.51497483253479,0.005906475097859298,0.34,1.2834653854370117,0.00039352490214072944,0.3403,2.5884501934051514,0.0006935249021406964
100,1000,2,2000,0.25643757129499567,0.25,0.15635692867625162,0.25963285963097904,0.5329630374908447,500,0.0031952883359833706,0.2676,1.5289583206176758,0.011162428705004335,0.2706,3.821349859237671,0.014162428705004337,0.2646,7.613184928894043,0.008162428705004332
316,100,2,200,0.1495561723304178,0.25,0.1938648596595468,0.1364977233056314,0.08545517921447754,168,0.013058449024786395,0.139,0.2800915241241455,0.010556172330417779,0.18100000000000002,0.6985025405883789,0.03144382766958223,0.15360000000000001,1.394160509109497,0.004043827669582223
316,316,2,632,0.05269233636501963,0.25,0.4951123625611782,0.062424385616946985,0.200667142868042,312,0.009732049251927354,0.0736,0.513545036315918,0.020907663634980367,0.058600000000000006,1.2878351211547852,0.005907663634980374,0.060500000000000005,2.575798749923706,0.007807663634980373
316,1000,2,2000,0.14246607286107238,0.25,0.6351249610913382,0.13992833554287276,0.16158795356750488,157,0.0025377373181996177,0.129,1.5227999687194824,0.013466072861072376,0.135,4.332965612411499,0.00746607286107237,0.13570000000000002,7.605937719345093,0.006766072861072364
1000,100,2,200,0.38442642414387895,0.25,0.880219977218583,0.380604759718204,0.09297037124633789,181,0.003821664425674942,0.3336,0.2797555923461914,0.050826424143878945,0.3435,0.6925745010375977,0.040926424143878926,0.34740000000000004,1.3927617073059082,0.03702642414387891
1000,316,2,632,0.3203913522259231,0.25,0.9025365564222451,0.3229247440984405,0.07641744613647461,114,0.002533391872517443,0.3296,0.5169322490692139,0.009208647774076928,0.33330000000000004,1.2794084548950195,0.012908647774076965,0.33190000000000003,2.5796725749969482,0.011508647774076952
1000,1000,2,2000,0.4006653516015963,0.25,0.307160768485095,0.395749775788371,0.2546396255493164,188,0.00491557581322527,0.38420000000000004,1.526031494140625,0.016465351601596234,0.3835,3.8094773292541504,0.017165351601596268,0.38530000000000003,7.6310365200042725,0.015365351601596244
100,100,4,400,0.2585602659852133,0.25,0.7533800731255857,0.24615984068308652,0.2508542537689209,500,0.012400425302126789,0.2854,0.3416619300842285,0.026839734014786676,0.2844,0.8359103202819824,0.025839734014786675,0.2087,1.6770269870758057,0.049860265985213315
100,316,4,1264,0.11605001092316752,0.25,0.2824280305589726,0.11724479081667084,0.11828088760375977,190,0.00119477989350332,0.1698,0.7440221309661865,0.05374998907683248,0.156,1.8312716484069824,0.039949989076832476,0.16540000000000002,3.692451238632202,0.049349989076832496
100,1000,4,4000,0.31398096349095134,0.25,0.18428843488263796,0.30367042060179916,0.5432517528533936,500,0.010310542889152174,0.3012,2.4719741344451904,0.012780963490951314,0.3139,6.173442125320435,8.09634909513246e-05,0.3057,12.916380167007446,0.00828096349095131
316,100,4,400,0.15200274501115157,0.25,0.2927265620931302,0.1481773309477581,0.07726144790649414,152,0.003825414063393484,0.0821,0.3379950523376465,0.06990274501115157,0.11900000000000001,0.8462240695953369,0.033002745011151566,0.1208,1.6865830421447754,0.03120274501115157
316,316,4,1264,0.014764372471010478,0.25,0.41369073619910135,0.03517169454496617,0.266829252243042,419,0.020407322073955694,0.0134,0.7368433475494385,0.001364372471010478,0.0123,1.851288080215454,0.0024643724710104783,0.015000000000000001,3.6999456882476807,0.00023562752898952273
316,1000,4,4000,0.4516655884084378,0.25,0.10735784783419028,0.44081373425640946,0.2992572784423828,238,0.010851854152028328,0.445,2.487858772277832,0.006665588408437784,0.4524,6.734430313110352,0.000734411591562234,0.4499,12.43868350982666,0.0017655884084377682
1000,100,4,400,0.21018478440139254,0.25,0.31898600647018904,0.21567784088170266,0.25649189949035645,500,0.005493056480310121,0.19140000000000001,0.3351747989654541,0.01878478440139253,0.19310000000000002,0.8391532897949219,0.017084784401392522,0.19060000000000002,1.7025392055511475,0.019584784401392524
1000,316,4,1264,0.2130653902123561,0.25,0.12191981389008766,0.21011989609732534,0.08426523208618164,128,0.0029454941150307556,0.2243,0.7405896186828613,0.011234609787643901,0.2388,1.852834701538086,0.025734609787643914,0.2412,3.7127487659454346,0.0281346097876439
1000,1000,4,4000,0.37062586766592953,0.25,0.4815091197977673,0.371788561033307,0.22875547409057617,163,0.0011626933673774542,0.3421,2.4976255893707275,0.028525867665929516,0.3758,6.797183990478516,0.0051741323340704914,0.3508,12.581846237182617,0.01982586766592953
100,100,8,800,0.4742292021528968,0.25,0.5039830093987828,0.4749213882877884,0.17318511009216309,268,0.0006921861348915814,0.47250000000000003,0.4699697494506836,0.0017292021528967916,0.4696,1.1630973815917969,0.004629202152896805,0.4313,2.3308234214782715,0.042929202152896806
100,316,8,2528,0.036257764022731676,0.25,0.7303011729340695,0.046890608726996526,0.24061155319213867,385,0.01063284470426485,0.0813,1.1746306419372559,0.04504223597726832,0.09380000000000001,3.489102602005005,0.05754223597726833,0.0915,5.872762441635132,0.05524223597726832
100,1000,8,8000,0.08635054406613746,0.25,0.18654003519335527,0.0928930678979944,0.3521749973297119,308,0.006542523831856939,0.0949,4.92933988571167,0.00854945593386254,0.092,11.527710914611816,0.0056494559338625405,0.09050000000000001,23.644425630569458,0.004149455933862553
316,100,8,800,0.16117874456635534,0.25,0.4577052876804192,0.15750476391356022,0.07058572769165039,138,0.003673980652795117,0.1463,0.4616086483001709,0.014878744566355323,0.1496,1.1529159545898438,0.011578744566355326,0.151,2.327090263366699,0.010178744566355341
316,316,8,2528,0.1242121231650995,0.25,0.5970112541994713,0.1226416145252342,0.12046647071838379,185,0.0015705086398652979,0.1874,1.1819825172424316,0.06318787683490051,0.1237,2.949838399887085,0.0005121231650994928,0.1222,5.921215534210205,0.002012123165099494
316,1000,8,8000,0.24774749068059648,0.25,0.15700576965173146,0.2442775149240157,0.5736985206604004,500,0.0034699757565807843,0.2766,4.945385932922363,0.02885250931940353,0.24530000000000002,11.575616121292114,0.0024474906805964647,0.2399,23.682998418807983,0.00784749068059648
1000,100,8,800,0.41222980539884174,0.25,0.30375843415186865,0.3987455764996738,0.09433150291442871,182,0.01348422889916795,0.3855,0.4667696952819824,0.026729805398841733,0.38870000000000005,1.160207748413086,0.023529805398841697,0.38530000000000003,2.3346753120422363,0.02692980539884171
1000,316,8,2528,0.42698620747108795,0.25,0.41270515301682903,0.4193529675230614,0.18380165100097656,209,0.00763323994802656,0.4373,1.1867458820343018,0.010313792528912069,0.4456,2.9621429443359375,0.018613792528912043,0.4418,5.9294798374176025,0.014813792528912073
1000,1000,8,8000,0.2979149710293508,0.25,0.1780780489118573,0.29524453868082856,0.1795492172241211,119,0.0026704323485222115,0.3126,4.442112684249878,0.014685028970649217,0.2931,12.191654443740845,0.004814971029350745,0.3065,23.338000059127808,0.008585028970649222
100,100,16,1600,0.12008686691553333,0.25,0.30531353144830675,0.1227383408025791,0.11572527885437012,229,0.0026514738870457716,0.0482,0.7034890651702881,0.07188686691553334,0.1121,2.2962539196014404,0.007986866915533325,0.1101,3.50644850730896,0.009986866915533327
100,316,16,5056,0.09324634413634264,0.25,0.004953653831674551,0.09127010895289064,0.1768791675567627,243,0.0019762351834519964,0.11660000000000001,2.0289790630340576,0.02335365586365737,0.15660000000000002,5.0855488777160645,0.06335365586365738,0.1584,11.247146129608154,0.06515365586365737
100,1000,16,16000,0.3716952562010195,0.25,0.033532853641992044,0.36878642095740355,0.16456198692321777,155,0.0029088352436159592,0.3664,8.789039611816406,0.005295256201019505,0.35960000000000003,22.785709857940674,0.012095256201019478,0.3593,45.627236127853394,0.0123952562010195
316,100,16,1600,0.11860702882177382,0.25,0.7967454755900841,0.11858287098059263,0.09896302223205566,194,2.415784118119102e-05,0.23650000000000002,0.70076584815979,0.1178929711782262,0.15130000000000002,1.7593414783477783,0.0326929711782262,0.1525,3.5284817218780518,0.03389297117822618
316,316,16,5056,0.26974544546327484,0.25,0.3678770130393597,0.26929828556194135,0.3307621479034424,500,0.0004471599013334826,0.3296,2.055222272872925,0.05985455453672517,0.28850000000000003,5.671013832092285,0.0187545545367252,0.28140000000000004,10.796852827072144,0.011654554536725203
316,1000,16,16000,0.3746403935635959,0.25,0.07816639436290689,0.3631393844347431,0.1728651523590088,153,0.011501009128852824,0.3728,9.376415014266968,0.001840393563595888,0.3577,22.32464098930359,0.01694039356359589,0.3723,45.82106900215149,0.0023403935635958883
1000,100,16,1600,0.11412455230769297,0.25,0.13280748458041103,0.11327690304700926,0.10311436653137207,198,0.0008476492606837166,0.10490000000000001,0.7092251777648926,0.009224552307692965,0.1129,1.759533166885376,0.001224552307692972,0.1092,3.537665605545044,0.004924552307692967
1000,316,16,5056,0.08725059378637201,0.25,0.2996718193225559,0.08636467532340132,0.1696014404296875,252,0.000885918462970689,0.1008,2.5994837284088135,0.01354940621362799,0.08,5.167452573776245,0.007250593786372009,0.10360000000000001,10.890342712402344,0.016349406213628
1000,1000,16,16000,0.019867843287925624,0.25,0.065863168255918,0.037500491531162146,0.4331786632537842,409,0.017632648243236522,0.0477,9.455787420272827,0.027832156712074375,0.032100000000000004,23.101860284805298,0.01223215671207438,0.0402,46.20949625968933,0.020332156712074376
100,100,32,3200,0.07378441884997378,0.25,0.4711681697632581,0.07758071719664406,0.16341757774353027,321,0.0037962983466702793,0.1525,1.1791644096374512,0.07871558115002622,0.1998,2.9367833137512207,0.12601558115002623,0.17900000000000002,5.87682032585144,0.10521558115002624
100,316,32,10112,0.4257194534734954,0.25,0.16982035266416387,0.41795983925877983,0.15893864631652832,227,0.007759614214715549,0.4088,4.315391540527344,0.016919453473495383,0.4567,10.554836750030518,0.030980546526504615,0.42060000000000003,21.006871461868286,0.00511945347349535
100,1000,32,32000,0.05231795587247928,0.25,0.059221346943864016,0.060741747823685056,0.3659322261810303,370,0.008423791951205774,0.013300000000000001,18.61449885368347,0.03901795587247928,0.0913,45.95902156829834,0.038982044127520724,0.0935,92.44243597984314,0.04118204412752072
316,100,32,3200,0.1118225227636589,0.25,0.4090859591392697,0.11267160718684066,0.10548973083496094,202,0.0008490844231817674,0.31520000000000004,1.17746901512146,0.20337747723634114,0.11320000000000001,2.9646029472351074,0.0013774772363411153,0.10980000000000001,5.917351484298706,0.002022522763658885
316,316,32,10112,0.016378599872988564,0.25,0.16895929783280192,0.03733667606024377,0.2640345096588135,408,0.020958076187255203,0.032600000000000004,4.340693473815918,0.01622140012701144,0.0344,10.56292200088501,0.018021400127011436,0.0351,21.159528970718384,0.018721400127011435
316,1000,32,32000,0.3381783177256393,0.25,0.046411753606034174,0.3352073707043987,0.1529383659362793,124,0.0029709470212405664,0.328,18.620137214660645,0.010178317725639263,0.3438,46.06692910194397,0.0056216822743607175,0.34290000000000004,92.83003616333008,0.004721682274360761
1000,100,32,3200,0.1158515707323598,0.25,0.45443824275229805,0.11331682519313528,0.10302472114562988,198,0.002534745539224517,0.34040000000000004,1.188507080078125,0.22454842926764024,0.12760000000000002,2.981724262237549,0.01174842926764022,0.1263,6.484206199645996,0.010448429267640197
1000,316,32,10112,0.20679585890088215,0.25,0.16985576666672564,0.20767071787384944,0.09332513809204102,135,0.0008748589729672962,0.2212,4.355847120285034,0.014404141099117862,0.186,10.627271890640259,0.020795858900882147,0.1852,21.250898838043213,0.021595858900882142
1000,1000,32,32000,0.06965058566186338,0.25,0.057687690047104084,0.07172129897997848,0.3218083381652832,296,0.0020707133181150916,0.0649,18.218183279037476,0.004750585661863385,0.0534,46.99286198616028,0.01625058566186338,0.052700000000000004,92.8189549446106,0.01695058566186338
